Id,Label,FromId,ToId
54386,contains,3730,1
54387,contains,3730,2
54388,contains,3730,3
54389,contains,3730,4
54390,contains,3730,5
54391,contains,3730,6
54392,contains,3730,7
54393,contains,3730,8
54394,contains,3730,9
54395,contains,3730,10
54396,contains,3730,11
54397,contains,3730,12
54398,contains,3730,13
54399,contains,3730,14
54400,contains,3730,15
54401,contains,3730,16
54402,contains,3730,17
54403,contains,3730,18
54404,contains,3730,19
54405,contains,3730,20
54406,contains,3730,21
54407,contains,3730,22
54408,contains,3730,23
54409,contains,3730,24
54410,contains,3730,25
54411,contains,3730,26
54412,contains,3730,27
54413,contains,3730,28
54414,contains,3730,29
54415,contains,3730,30
54416,contains,3730,31
54417,contains,3730,32
54418,contains,3730,33
54419,contains,3730,34
54420,contains,3730,35
54421,contains,3730,36
54422,contains,3730,37
54423,contains,3730,38
54424,contains,3730,39
54425,contains,3675,40
54426,contains,3730,41
54427,contains,3730,42
54428,contains,3730,43
54429,contains,3730,44
54430,contains,3730,45
54431,contains,3730,46
54432,contains,3542,47
54433,contains,3542,48
54434,contains,3728,49
54435,contains,3728,50
54436,contains,3581,51
54437,contains,3567,52
54438,contains,3580,53
54439,contains,3612,54
54440,contains,3517,55
54441,contains,3698,56
54442,contains,3517,57
54443,contains,3729,58
54444,contains,3603,59
54445,contains,3607,60
54446,contains,3600,61
54447,contains,3517,62
54448,contains,3663,63
54449,contains,3547,64
54450,contains,3663,65
54451,contains,3517,66
54452,contains,3547,67
54453,contains,3610,68
54454,contains,3603,69
54455,contains,3655,70
54456,contains,3634,71
54457,contains,3560,72
54458,contains,3702,73
54459,contains,3702,74
54460,contains,3516,75
54461,contains,3711,76
54462,contains,3711,77
54463,contains,3542,78
54464,contains,3524,79
54465,contains,3567,80
54466,contains,3663,81
54467,contains,3517,82
54468,contains,3730,83
54469,contains,3728,84
54470,contains,3542,85
54471,contains,3542,86
54472,contains,3567,87
54473,contains,3728,88
54474,contains,3709,89
54475,contains,3610,90
54476,contains,3607,91
54477,contains,3662,92
54478,contains,3709,93
54479,contains,3728,94
54480,contains,3728,95
54481,contains,3728,96
54482,contains,3728,97
54483,contains,3728,98
54484,contains,3542,99
54485,contains,3671,100
54486,contains,3718,101
54487,contains,3680,102
54488,contains,3680,103
54489,contains,3612,104
54490,contains,3612,105
54491,contains,3676,106
54492,contains,3581,107
54493,contains,3581,108
54494,contains,3610,109
54495,contains,3589,110
54496,contains,3556,111
54497,contains,3601,112
54498,contains,3702,113
54499,contains,3702,114
54500,contains,3702,115
54501,contains,3702,116
54502,contains,3603,117
54503,contains,3603,118
54504,contains,3603,119
54505,contains,3603,120
54506,contains,3603,121
54507,contains,3677,122
54508,contains,3542,123
54509,contains,3702,124
54510,contains,3705,125
54511,contains,3705,126
54512,contains,3705,127
54513,contains,3616,128
54514,contains,3616,129
54515,contains,3731,130
54516,contains,3533,131
54517,contains,3533,132
54518,contains,3513,133
54519,contains,3670,134
54520,contains,3546,135
54521,contains,3644,136
54522,contains,3611,137
54523,contains,3730,138
54524,contains,3559,139
54525,contains,3673,140
54526,contains,3636,141
54527,contains,3536,142
54528,contains,3697,143
54529,contains,3570,144
54530,contains,3574,145
54531,contains,3609,146
54532,contains,3730,147
54533,contains,3730,148
54534,contains,3730,149
54535,contains,3730,150
54536,contains,3730,151
54537,contains,3730,152
54538,contains,3730,153
54539,contains,3619,154
54540,contains,3539,155
54541,contains,3517,156
54542,contains,3517,157
54543,contains,3517,158
54544,contains,3730,159
54545,contains,3517,160
54546,contains,3722,161
54547,contains,3520,162
54548,contains,3542,163
54549,contains,3729,164
54550,contains,3736,165
54551,contains,3542,166
54552,contains,3567,167
54553,contains,3567,168
54554,contains,3610,169
54555,contains,3610,170
54556,contains,3610,171
54557,contains,3610,172
54558,contains,3610,173
54559,contains,3610,174
54560,contains,3610,175
54561,contains,3581,176
54562,contains,3563,177
54563,contains,3730,178
54564,contains,3629,179
54565,contains,3644,180
54566,contains,3730,181
54567,contains,3730,182
54568,contains,3730,183
54569,contains,3730,184
54570,contains,3730,185
54571,contains,3730,186
54572,contains,3730,187
54573,contains,3730,188
54574,contains,3730,189
54575,contains,3730,190
54576,contains,3730,191
54577,contains,3730,192
54578,contains,3730,193
54579,contains,3730,194
54580,contains,3644,195
54581,contains,3730,196
54582,contains,3517,197
54583,contains,3567,198
54584,contains,3591,199
54585,contains,3567,200
54586,contains,3707,201
54587,contains,3674,202
54588,contains,3588,203
54589,contains,3721,204
54590,contains,3713,205
54591,contains,3728,206
54592,contains,3654,207
54593,contains,3519,208
54594,contains,3519,209
54595,contains,3519,210
54596,contains,3730,211
54597,contains,3612,212
54598,contains,3612,213
54599,contains,3612,214
54600,contains,3692,215
54601,contains,3664,216
54602,contains,3602,217
54603,contains,3522,218
54604,contains,3512,219
54605,contains,3735,220
54606,contains,3527,221
54607,contains,3720,222
54608,contains,3720,223
54609,contains,3659,224
54610,contains,3611,225
54611,contains,3741,226
54612,contains,3730,227
54613,contains,3702,228
54614,contains,3728,229
54615,contains,3702,230
54616,contains,3517,231
54617,contains,3517,232
54618,contains,3558,233
54619,contains,3604,234
54620,contains,3604,235
54621,contains,3530,236
54622,contains,3515,237
54623,contains,3730,238
54624,contains,3730,239
54625,contains,3730,240
54626,contains,3566,241
54627,contains,3730,242
54628,contains,3552,243
54629,contains,3730,244
54630,contains,3599,245
54631,contains,3599,246
54632,contains,3570,247
54633,contains,3622,248
54634,contains,3692,249
54635,contains,3547,250
54636,contains,3702,251
54637,contains,3674,252
54638,contains,3728,253
54639,contains,3728,254
54640,contains,3722,255
54641,contains,3666,256
54642,contains,3613,257
54643,contains,3589,258
54644,contains,3589,259
54645,contains,3728,260
54646,contains,3728,261
54647,contains,3594,262
54648,contains,3730,263
54649,contains,3730,264
54650,contains,3730,265
54651,contains,3542,266
54652,contains,3730,267
54653,contains,3730,268
54654,contains,3730,269
54655,contains,3730,270
54656,contains,3730,271
54657,contains,3730,272
54658,contains,3730,273
54659,contains,3655,274
54660,contains,3702,275
54661,contains,3581,276
54662,contains,3730,277
54663,contains,3730,278
54664,contains,3556,279
54665,contains,3730,280
54666,contains,3730,281
54667,contains,3730,282
54668,contains,3730,283
54669,contains,3662,284
54670,contains,3718,285
54671,contains,3614,286
54672,contains,3662,287
54673,contains,3730,288
54674,contains,3730,289
54675,contains,3542,290
54676,contains,3730,291
54677,contains,3730,292
54678,contains,3699,293
54679,contains,3579,294
54680,contains,3730,295
54681,contains,3730,296
54682,contains,3734,297
54683,contains,3569,298
54684,contains,3547,299
54685,contains,3730,300
54686,contains,3730,301
54687,contains,3573,302
54688,contains,3507,303
54689,contains,3730,304
54690,contains,3730,305
54691,contains,3593,306
54692,contains,3730,307
54693,contains,3730,308
54694,contains,3730,309
54695,contains,3519,310
54696,contains,3607,311
54697,contains,3557,312
54698,contains,3673,313
54699,contains,3730,314
54700,contains,3666,315
54701,contains,3666,316
54702,contains,3723,317
54703,contains,3680,318
54704,contains,3556,319
54705,contains,3615,320
54706,contains,3518,321
54707,contains,3603,322
54708,contains,3587,323
54709,contains,3728,324
54710,contains,3726,325
54711,contains,3567,326
54712,contains,3610,327
54713,contains,3581,328
54714,contains,3581,329
54715,contains,3679,330
54716,contains,3655,331
54717,contains,3649,332
54718,contains,3649,333
54719,contains,3659,334
54720,contains,3615,335
54721,contains,3623,336
54722,contains,3547,337
54723,contains,3674,338
54724,contains,3695,339
54725,contains,3589,340
54726,contains,3589,341
54727,contains,3727,342
54728,contains,3556,343
54729,contains,3581,344
54730,contains,3510,345
54731,contains,3680,346
54732,contains,3674,347
54733,contains,3626,348
54734,contains,3521,349
54735,contains,3521,350
54736,contains,3702,351
54737,contains,3732,352
54738,contains,3606,353
54739,contains,3641,354
54740,contains,3694,355
54741,contains,3730,356
54742,contains,3730,357
54743,contains,3730,358
54744,contains,3730,359
54745,contains,3549,360
54746,contains,3730,361
54747,contains,3730,362
54748,contains,3730,363
54749,contains,3730,364
54750,contains,3644,365
54751,contains,3644,366
54752,contains,3644,367
54753,contains,3730,368
54754,contains,3644,369
54755,contains,3730,370
54756,contains,3730,371
54757,contains,3525,372
54758,contains,3730,373
54759,contains,3730,374
54760,contains,3730,375
54761,contains,3730,376
54762,contains,3730,377
54763,contains,3730,378
54764,contains,3730,379
54765,contains,3644,380
54766,contains,3730,381
54767,contains,3730,382
54768,contains,3730,383
54769,contains,3730,384
54770,contains,3730,385
54771,contains,3730,386
54772,contains,3730,387
54773,contains,3730,388
54774,contains,3644,389
54775,contains,3730,390
54776,contains,3730,391
54777,contains,3730,392
54778,contains,3730,393
54779,contains,3730,394
54780,contains,3730,395
54781,contains,3730,396
54782,contains,3730,397
54783,contains,3730,398
54784,contains,3730,399
54785,contains,3730,400
54786,contains,3730,401
54787,contains,3730,402
54788,contains,3552,403
54789,contains,3730,404
54790,contains,3730,405
54791,contains,3730,406
54792,contains,3730,407
54793,contains,3730,408
54794,contains,3644,409
54795,contains,3730,410
54796,contains,3730,411
54797,contains,3730,412
54798,contains,3644,413
54799,contains,3644,414
54800,contains,3724,415
54801,contains,3730,416
54802,contains,3665,417
54803,contains,3644,418
54804,contains,3730,419
54805,contains,3571,420
54806,contains,3730,421
54807,contains,3644,422
54808,contains,3730,423
54809,contains,3644,424
54810,contains,3730,425
54811,contains,3730,426
54812,contains,3644,427
54813,contains,3730,428
54814,contains,3730,429
54815,contains,3730,430
54816,contains,3730,431
54817,contains,3644,432
54818,contains,3516,433
54819,contains,3685,434
54820,contains,3730,435
54821,contains,3730,436
54822,contains,3730,437
54823,contains,3730,438
54824,contains,3542,439
54825,contains,3730,440
54826,contains,3730,441
54827,contains,3667,442
54828,contains,3730,443
54829,contains,3730,444
54830,contains,3730,445
54831,contains,3730,446
54832,contains,3730,447
54833,contains,3730,448
54834,contains,3730,449
54835,contains,3730,450
54836,contains,3728,451
54837,contains,3728,452
54838,contains,3516,453
54839,contains,3589,454
54840,contains,3662,455
54841,contains,3736,456
54842,contains,3713,457
54843,contains,3612,458
54844,contains,3563,459
54845,contains,3711,460
54846,contains,3608,461
54847,contains,3702,462
54848,contains,3610,463
54849,contains,3567,464
54850,contains,3581,465
54851,contains,3581,466
54852,contains,3581,467
54853,contains,3524,468
54854,contains,3567,469
54855,contains,3581,470
54856,contains,3618,471
54857,contains,3507,472
54858,contains,3567,473
54859,contains,3567,474
54860,contains,3728,475
54861,contains,3728,476
54862,contains,3607,477
54863,contains,3563,478
54864,contains,3662,479
54865,contains,3662,480
54866,contains,3662,481
54867,contains,3673,482
54868,contains,3628,483
54869,contains,3702,484
54870,contains,3702,485
54871,contains,3702,486
54872,contains,3649,487
54873,contains,3649,488
54874,contains,3541,489
54875,contains,3541,490
54876,contains,3570,491
54877,contains,3570,492
54878,contains,3506,493
54879,contains,3559,494
54880,contains,3702,495
54881,contains,3702,496
54882,contains,3702,497
54883,contains,3702,498
54884,contains,3581,499
54885,contains,3581,500
54886,contains,3581,501
54887,contains,3581,502
54888,contains,3581,503
54889,contains,3589,504
54890,contains,3589,505
54891,contains,3589,506
54892,contains,3589,507
54893,contains,3589,508
54894,contains,3589,509
54895,contains,3589,510
54896,contains,3610,511
54897,contains,3610,512
54898,contains,3610,513
54899,contains,3610,514
54900,contains,3674,515
54901,contains,3722,516
54902,contains,3722,517
54903,contains,3722,518
54904,contains,3722,519
54905,contains,3646,520
54906,contains,3721,521
54907,contains,3523,522
54908,contains,3637,523
54909,contains,3567,524
54910,contains,3730,525
54911,contains,3730,526
54912,contains,3730,527
54913,contains,3730,528
54914,contains,3730,529
54915,contains,3730,530
54916,contains,3730,531
54917,contains,3567,532
54918,contains,3567,533
54919,contains,3728,534
54920,contains,3728,535
54921,contains,3728,536
54922,contains,3728,537
54923,contains,3728,538
54924,contains,3728,539
54925,contains,3662,540
54926,contains,3673,541
54927,contains,3709,542
54928,contains,3709,543
54929,contains,3702,544
54930,contains,3649,545
54931,contains,3541,546
54932,contains,3681,547
54933,contains,3715,548
54934,contains,3730,549
54935,contains,3702,550
54936,contains,3589,551
54937,contains,3589,552
54938,contains,3589,553
54939,contains,3610,554
54940,contains,3701,555
54941,contains,3722,556
54942,contains,3722,557
54943,contains,3566,558
54944,contains,3557,559
54945,contains,3557,560
54946,contains,3692,561
54947,contains,3605,562
54948,contains,3569,563
54949,contains,3693,564
54950,contains,3615,565
54951,contains,3586,566
54952,contains,3547,567
54953,contains,3547,568
54954,contains,3675,569
54955,contains,3730,570
54956,contains,3730,571
54957,contains,3566,572
54958,contains,3566,573
54959,contains,3566,574
54960,contains,3599,575
54961,contains,3644,576
54962,contains,3657,577
54963,contains,3598,578
54964,contains,3543,579
54965,contains,3543,580
54966,contains,3519,581
54967,contains,3519,582
54968,contains,3533,583
54969,contains,3533,584
54970,contains,3533,585
54971,contains,3533,586
54972,contains,3533,587
54973,contains,3533,588
54974,contains,3533,589
54975,contains,3668,590
54976,contains,3549,591
54977,contains,3549,592
54978,contains,3549,593
54979,contains,3549,594
54980,contains,3529,595
54981,contains,3734,596
54982,contains,3734,597
54983,contains,3597,598
54984,contains,3639,599
54985,contains,3592,600
54986,contains,3590,601
54987,contains,3735,602
54988,contains,3684,603
54989,contains,3696,604
54990,contains,3730,605
54991,contains,3566,606
54992,contains,3675,607
54993,contains,3730,608
54994,contains,3730,609
54995,contains,3730,610
54996,contains,3730,611
54997,contains,3730,612
54998,contains,3730,613
54999,contains,3730,614
55000,contains,3730,615
55001,contains,3730,616
55002,contains,3730,617
55003,contains,3730,618
55004,contains,3730,619
55005,contains,3730,620
55006,contains,3730,621
55007,contains,3730,622
55008,contains,3730,623
55009,contains,3730,624
55010,contains,3730,625
55011,contains,3730,626
55012,contains,3730,627
55013,contains,3730,628
55014,contains,3730,629
55015,contains,3730,630
55016,contains,3730,631
55017,contains,3730,632
55018,contains,3730,633
55019,contains,3730,634
55020,contains,3607,635
55021,contains,3673,636
55022,contains,3673,637
55023,contains,3583,638
55024,contains,3730,639
55025,contains,3730,640
55026,contains,3689,641
55027,contains,3508,642
55028,contains,3638,643
55029,contains,3617,644
55030,contains,3617,645
55031,contains,3653,646
55032,contains,3730,647
55033,contains,3730,648
55034,contains,3542,649
55035,contains,3730,650
55036,contains,3730,651
55037,contains,3542,652
55038,contains,3628,653
55039,contains,3603,654
55040,contains,3603,655
55041,contains,3603,656
55042,contains,3680,657
55043,contains,3536,658
55044,contains,3603,659
55045,contains,3702,660
55046,contains,3581,661
55047,contains,3603,662
55048,contains,3603,663
55049,contains,3603,664
55050,contains,3547,665
55051,contains,3612,666
55052,contains,3719,667
55053,contains,3547,668
55054,contains,3547,669
55055,contains,3634,670
55056,contains,3547,671
55057,contains,3547,672
55058,contains,3547,673
55059,contains,3547,674
55060,contains,3547,675
55061,contains,3547,676
55062,contains,3547,677
55063,contains,3547,678
55064,contains,3547,679
55065,contains,3612,680
55066,contains,3612,681
55067,contains,3612,682
55068,contains,3612,683
55069,contains,3612,684
55070,contains,3612,685
55071,contains,3612,686
55072,contains,3612,687
55073,contains,3677,688
55074,contains,3677,689
55075,contains,3612,690
55076,contains,3661,691
55077,contains,3669,692
55078,contains,3643,693
55079,contains,3718,694
55080,contains,3718,695
55081,contains,3718,696
55082,contains,3718,697
55083,contains,3718,698
55084,contains,3736,699
55085,contains,3535,700
55086,contains,3671,701
55087,contains,3647,702
55088,contains,3630,703
55089,contains,3604,704
55090,contains,3634,705
55091,contains,3671,706
55092,contains,3634,707
55093,contains,3671,708
55094,contains,3539,709
55095,contains,3680,710
55096,contains,3680,711
55097,contains,3547,712
55098,contains,3547,713
55099,contains,3547,714
55100,contains,3634,715
55101,contains,3634,716
55102,contains,3634,717
55103,contains,3634,718
55104,contains,3634,719
55105,contains,3634,720
55106,contains,3634,721
55107,contains,3729,722
55108,contains,3739,723
55109,contains,3603,724
55110,contains,3603,725
55111,contains,3536,726
55112,contains,3603,727
55113,contains,3671,728
55114,contains,3621,729
55115,contains,3604,730
55116,contains,3604,731
55117,contains,3604,732
55118,contains,3671,733
55119,contains,3604,734
55120,contains,3604,735
55121,contains,3604,736
55122,contains,3604,737
55123,contains,3604,738
55124,contains,3603,739
55125,contains,3739,740
55126,contains,3604,741
55127,contains,3603,742
55128,contains,3603,743
55129,contains,3656,744
55130,contains,3713,745
55131,contains,3612,746
55132,contains,3612,747
55133,contains,3612,748
55134,contains,3612,749
55135,contains,3612,750
55136,contains,3612,751
55137,contains,3612,752
55138,contains,3612,753
55139,contains,3612,754
55140,contains,3612,755
55141,contains,3612,756
55142,contains,3612,757
55143,contains,3612,758
55144,contains,3612,759
55145,contains,3612,760
55146,contains,3612,761
55147,contains,3612,762
55148,contains,3612,763
55149,contains,3612,764
55150,contains,3612,765
55151,contains,3612,766
55152,contains,3612,767
55153,contains,3612,768
55154,contains,3612,769
55155,contains,3612,770
55156,contains,3612,771
55157,contains,3612,772
55158,contains,3612,773
55159,contains,3612,774
55160,contains,3612,775
55161,contains,3612,776
55162,contains,3612,777
55163,contains,3612,778
55164,contains,3677,779
55165,contains,3612,780
55166,contains,3612,781
55167,contains,3547,782
55168,contains,3581,783
55169,contains,3524,784
55170,contains,3607,785
55171,contains,3662,786
55172,contains,3673,787
55173,contains,3673,788
55174,contains,3556,789
55175,contains,3556,790
55176,contains,3581,791
55177,contains,3610,792
55178,contains,3610,793
55179,contains,3610,794
55180,contains,3557,795
55181,contains,3721,796
55182,contains,3567,797
55183,contains,3567,798
55184,contains,3567,799
55185,contains,3567,800
55186,contains,3673,801
55187,contains,3652,802
55188,contains,3702,803
55189,contains,3589,804
55190,contains,3516,805
55191,contains,3516,806
55192,contains,3722,807
55193,contains,3650,808
55194,contains,3646,809
55195,contains,3680,810
55196,contains,3714,811
55197,contains,3680,812
55198,contains,3680,813
55199,contains,3740,814
55200,contains,3703,815
55201,contains,3703,816
55202,contains,3564,817
55203,contains,3570,818
55204,contains,3708,819
55205,contains,3706,820
55206,contains,3708,821
55207,contains,3715,822
55208,contains,3606,823
55209,contains,3631,824
55210,contains,3505,825
55211,contains,3700,826
55212,contains,3540,827
55213,contains,3507,828
55214,contains,3507,829
55215,contains,3507,830
55216,contains,3526,831
55217,contains,3537,832
55218,contains,3553,833
55219,contains,3658,834
55220,contains,3721,835
55221,contains,3721,836
55222,contains,3716,837
55223,contains,3550,838
55224,contains,3550,839
55225,contains,3544,840
55226,contains,3540,841
55227,contains,3678,842
55228,contains,3632,843
55229,contains,3584,844
55230,contains,3545,845
55231,contains,3562,846
55232,contains,3635,847
55233,contains,3625,848
55234,contains,3649,849
55235,contains,3640,850
55236,contains,3595,851
55237,contains,3541,852
55238,contains,3702,853
55239,contains,3702,854
55240,contains,3581,855
55241,contains,3581,856
55242,contains,3581,857
55243,contains,3581,858
55244,contains,3560,859
55245,contains,3514,860
55246,contains,3680,861
55247,contains,3732,862
55248,contains,3542,863
55249,contains,3730,864
55250,contains,3730,865
55251,contains,3730,866
55252,contains,3730,867
55253,contains,3730,868
55254,contains,3730,869
55255,contains,3730,870
55256,contains,3730,871
55257,contains,3730,872
55258,contains,3730,873
55259,contains,3730,874
55260,contains,3730,875
55261,contains,3730,876
55262,contains,3730,877
55263,contains,3730,878
55264,contains,3713,879
55265,contains,3713,880
55266,contains,3547,881
55267,contains,3542,882
55268,contains,3730,883
55269,contains,3730,884
55270,contains,3730,885
55271,contains,3730,886
55272,contains,3730,887
55273,contains,3730,888
55274,contains,3730,889
55275,contains,3730,890
55276,contains,3730,891
55277,contains,3730,892
55278,contains,3730,893
55279,contains,3730,894
55280,contains,3644,895
55281,contains,3644,896
55282,contains,3644,897
55283,contains,3644,898
55284,contains,3644,899
55285,contains,3644,900
55286,contains,3551,901
55287,contains,3547,902
55288,contains,3547,903
55289,contains,3547,904
55290,contains,3547,905
55291,contains,3547,906
55292,contains,3730,907
55293,contains,3730,908
55294,contains,3730,909
55295,contains,3730,910
55296,contains,3730,911
55297,contains,3730,912
55298,contains,3730,913
55299,contains,3730,914
55300,contains,3730,915
55301,contains,3730,916
55302,contains,3730,917
55303,contains,3730,918
55304,contains,3730,919
55305,contains,3730,920
55306,contains,3730,921
55307,contains,3730,922
55308,contains,3730,923
55309,contains,3730,924
55310,contains,3730,925
55311,contains,3730,926
55312,contains,3547,927
55313,contains,3547,928
55314,contains,3730,929
55315,contains,3542,930
55316,contains,3730,931
55317,contains,3730,932
55318,contains,3730,933
55319,contains,3730,934
55320,contains,3730,935
55321,contains,3730,936
55322,contains,3730,937
55323,contains,3730,938
55324,contains,3730,939
55325,contains,3730,940
55326,contains,3730,941
55327,contains,3730,942
55328,contains,3730,943
55329,contains,3730,944
55330,contains,3730,945
55331,contains,3730,946
55332,contains,3730,947
55333,contains,3730,948
55334,contains,3730,949
55335,contains,3730,950
55336,contains,3730,951
55337,contains,3730,952
55338,contains,3730,953
55339,contains,3730,954
55340,contains,3730,955
55341,contains,3730,956
55342,contains,3730,957
55343,contains,3730,958
55344,contains,3730,959
55345,contains,3730,960
55346,contains,3730,961
55347,contains,3730,962
55348,contains,3730,963
55349,contains,3730,964
55350,contains,3730,965
55351,contains,3730,966
55352,contains,3730,967
55353,contains,3730,968
55354,contains,3730,969
55355,contains,3730,970
55356,contains,3579,971
55357,contains,3717,972
55358,contains,3733,973
55359,contains,3663,974
55360,contains,3517,975
55361,contains,3517,976
55362,contains,3517,977
55363,contains,3517,978
55364,contains,3517,979
55365,contains,3517,980
55366,contains,3517,981
55367,contains,3517,982
55368,contains,3517,983
55369,contains,3517,984
55370,contains,3517,985
55371,contains,3517,986
55372,contains,3517,987
55373,contains,3517,988
55374,contains,3517,989
55375,contains,3517,990
55376,contains,3517,991
55377,contains,3517,992
55378,contains,3517,993
55379,contains,3517,994
55380,contains,3517,995
55381,contains,3517,996
55382,contains,3517,997
55383,contains,3517,998
55384,contains,3517,999
55385,contains,3517,1000
55386,contains,3517,1001
55387,contains,3517,1002
55388,contains,3517,1003
55389,contains,3660,1004
55390,contains,3517,1005
55391,contains,3517,1006
55392,contains,3517,1007
55393,contains,3517,1008
55394,contains,3517,1009
55395,contains,3517,1010
55396,contains,3517,1011
55397,contains,3517,1012
55398,contains,3517,1013
55399,contains,3517,1014
55400,contains,3517,1015
55401,contains,3663,1016
55402,contains,3663,1017
55403,contains,3663,1018
55404,contains,3663,1019
55405,contains,3663,1020
55406,contains,3663,1021
55407,contains,3663,1022
55408,contains,3663,1023
55409,contains,3663,1024
55410,contains,3663,1025
55411,contains,3663,1026
55412,contains,3663,1027
55413,contains,3663,1028
55414,contains,3663,1029
55415,contains,3663,1030
55416,contains,3663,1031
55417,contains,3663,1032
55418,contains,3547,1033
55419,contains,3677,1034
55420,contains,3680,1035
55421,contains,3677,1036
55422,contains,3677,1037
55423,contains,3680,1038
55424,contains,3680,1039
55425,contains,3680,1040
55426,contains,3561,1041
55427,contains,3547,1042
55428,contains,3547,1043
55429,contains,3547,1044
55430,contains,3547,1045
55431,contains,3547,1046
55432,contains,3547,1047
55433,contains,3547,1048
55434,contains,3547,1049
55435,contains,3644,1050
55436,contains,3730,1051
55437,contains,3730,1052
55438,contains,3730,1053
55439,contains,3519,1054
55440,contains,3519,1055
55441,contains,3519,1056
55442,contains,3549,1057
55443,contains,3542,1058
55444,contains,3542,1059
55445,contains,3730,1060
55446,contains,3730,1061
55447,contains,3730,1062
55448,contains,3730,1063
55449,contains,3730,1064
55450,contains,3730,1065
55451,contains,3730,1066
55452,contains,3730,1067
55453,contains,3730,1068
55454,contains,3730,1069
55455,contains,3730,1070
55456,contains,3730,1071
55457,contains,3730,1072
55458,contains,3730,1073
55459,contains,3730,1074
55460,contains,3730,1075
55461,contains,3730,1076
55462,contains,3730,1077
55463,contains,3730,1078
55464,contains,3730,1079
55465,contains,3730,1080
55466,contains,3730,1081
55467,contains,3730,1082
55468,contains,3730,1083
55469,contains,3730,1084
55470,contains,3730,1085
55471,contains,3730,1086
55472,contains,3730,1087
55473,contains,3730,1088
55474,contains,3730,1089
55475,contains,3730,1090
55476,contains,3730,1091
55477,contains,3730,1092
55478,contains,3730,1093
55479,contains,3730,1094
55480,contains,3730,1095
55481,contains,3730,1096
55482,contains,3730,1097
55483,contains,3730,1098
55484,contains,3730,1099
55485,contains,3730,1100
55486,contains,3730,1101
55487,contains,3730,1102
55488,contains,3730,1103
55489,contains,3730,1104
55490,contains,3730,1105
55491,contains,3730,1106
55492,contains,3730,1107
55493,contains,3730,1108
55494,contains,3730,1109
55495,contains,3730,1110
55496,contains,3730,1111
55497,contains,3730,1112
55498,contains,3730,1113
55499,contains,3730,1114
55500,contains,3730,1115
55501,contains,3730,1116
55502,contains,3730,1117
55503,contains,3730,1118
55504,contains,3644,1119
55505,contains,3644,1120
55506,contains,3644,1121
55507,contains,3644,1122
55508,contains,3644,1123
55509,contains,3644,1124
55510,contains,3644,1125
55511,contains,3644,1126
55512,contains,3730,1127
55513,contains,3730,1128
55514,contains,3730,1129
55515,contains,3542,1130
55516,contains,3542,1131
55517,contains,3542,1132
55518,contains,3542,1133
55519,contains,3542,1134
55520,contains,3542,1135
55521,contains,3542,1136
55522,contains,3542,1137
55523,contains,3542,1138
55524,contains,3542,1139
55525,contains,3542,1140
55526,contains,3542,1141
55527,contains,3542,1142
55528,contains,3557,1143
55529,contains,3557,1144
55530,contains,3603,1145
55531,contains,3604,1146
55532,contains,3634,1147
55533,contains,3547,1148
55534,contains,3547,1149
55535,contains,3547,1150
55536,contains,3730,1151
55537,contains,3730,1152
55538,contains,3730,1153
55539,contains,3730,1154
55540,contains,3730,1155
55541,contains,3730,1156
55542,contains,3730,1157
55543,contains,3730,1158
55544,contains,3730,1159
55545,contains,3730,1160
55546,contains,3730,1161
55547,contains,3730,1162
55548,contains,3542,1163
55549,contains,3505,1164
55550,contains,3692,1165
55551,contains,3692,1166
55552,contains,3692,1167
55553,contains,3692,1168
55554,contains,3692,1169
55555,contains,3692,1170
55556,contains,3692,1171
55557,contains,3606,1172
55558,contains,3606,1173
55559,contains,3606,1174
55560,contains,3606,1175
55561,contains,3606,1176
55562,contains,3606,1177
55563,contains,3606,1178
55564,contains,3606,1179
55565,contains,3606,1180
55566,contains,3606,1181
55567,contains,3606,1182
55568,contains,3606,1183
55569,contains,3606,1184
55570,contains,3729,1185
55571,contains,3664,1186
55572,contains,3666,1187
55573,contains,3666,1188
55574,contains,3666,1189
55575,contains,3605,1190
55576,contains,3605,1191
55577,contains,3605,1192
55578,contains,3605,1193
55579,contains,3739,1194
55580,contains,3620,1195
55581,contains,3727,1196
55582,contains,3680,1197
55583,contains,3680,1198
55584,contains,3680,1199
55585,contains,3680,1200
55586,contains,3603,1201
55587,contains,3521,1202
55588,contains,3603,1203
55589,contains,3729,1204
55590,contains,3729,1205
55591,contains,3603,1206
55592,contains,3575,1207
55593,contains,3702,1208
55594,contains,3702,1209
55595,contains,3702,1210
55596,contains,3702,1211
55597,contains,3702,1212
55598,contains,3702,1213
55599,contains,3581,1214
55600,contains,3610,1215
55601,contains,3610,1216
55602,contains,3679,1217
55603,contains,3679,1218
55604,contains,3557,1219
55605,contains,3529,1220
55606,contains,3570,1221
55607,contains,3589,1222
55608,contains,3516,1223
55609,contains,3531,1224
55610,contains,3679,1225
55611,contains,3679,1226
55612,contains,3711,1227
55613,contains,3700,1228
55614,contains,3727,1229
55615,contains,3727,1230
55616,contains,3727,1231
55617,contains,3581,1232
55618,contains,3610,1233
55619,contains,3711,1234
55620,contains,3610,1235
55621,contains,3531,1236
55622,contains,3581,1237
55623,contains,3581,1238
55624,contains,3581,1239
55625,contains,3581,1240
55626,contains,3730,1241
55627,contains,3542,1242
55628,contains,3542,1243
55629,contains,3542,1244
55630,contains,3542,1245
55631,contains,3542,1246
55632,contains,3542,1247
55633,contains,3542,1248
55634,contains,3542,1249
55635,contains,3542,1250
55636,contains,3542,1251
55637,contains,3542,1252
55638,contains,3542,1253
55639,contains,3542,1254
55640,contains,3542,1255
55641,contains,3542,1256
55642,contains,3542,1257
55643,contains,3542,1258
55644,contains,3542,1259
55645,contains,3542,1260
55646,contains,3542,1261
55647,contains,3542,1262
55648,contains,3542,1263
55649,contains,3567,1264
55650,contains,3567,1265
55651,contains,3728,1266
55652,contains,3728,1267
55653,contains,3728,1268
55654,contains,3607,1269
55655,contains,3673,1270
55656,contains,3673,1271
55657,contains,3730,1272
55658,contains,3730,1273
55659,contains,3730,1274
55660,contains,3730,1275
55661,contains,3730,1276
55662,contains,3581,1277
55663,contains,3581,1278
55664,contains,3581,1279
55665,contains,3581,1280
55666,contains,3581,1281
55667,contains,3610,1282
55668,contains,3730,1283
55669,contains,3565,1284
55670,contains,3682,1285
55671,contains,3675,1286
55672,contains,3675,1287
55673,contains,3675,1288
55674,contains,3684,1289
55675,contains,3511,1290
55676,contains,3534,1291
55677,contains,3534,1292
55678,contains,3542,1293
55679,contains,3730,1294
55680,contains,3730,1295
55681,contains,3573,1296
55682,contains,3580,1297
55683,contains,3580,1298
55684,contains,3580,1299
55685,contains,3580,1300
55686,contains,3580,1301
55687,contains,3580,1302
55688,contains,3580,1303
55689,contains,3580,1304
55690,contains,3580,1305
55691,contains,3580,1306
55692,contains,3580,1307
55693,contains,3580,1308
55694,contains,3580,1309
55695,contains,3580,1310
55696,contains,3580,1311
55697,contains,3580,1312
55698,contains,3709,1313
55699,contains,3709,1314
55700,contains,3722,1315
55701,contains,3680,1316
55702,contains,3505,1317
55703,contains,3603,1318
55704,contains,3603,1319
55705,contains,3603,1320
55706,contains,3603,1321
55707,contains,3603,1322
55708,contains,3603,1323
55709,contains,3603,1324
55710,contains,3603,1325
55711,contains,3603,1326
55712,contains,3603,1327
55713,contains,3603,1328
55714,contains,3603,1329
55715,contains,3603,1330
55716,contains,3603,1331
55717,contains,3603,1332
55718,contains,3603,1333
55719,contains,3603,1334
55720,contains,3603,1335
55721,contains,3603,1336
55722,contains,3603,1337
55723,contains,3603,1338
55724,contains,3603,1339
55725,contains,3603,1340
55726,contains,3603,1341
55727,contains,3603,1342
55728,contains,3603,1343
55729,contains,3517,1344
55730,contains,3517,1345
55731,contains,3517,1346
55732,contains,3517,1347
55733,contains,3517,1348
55734,contains,3517,1349
55735,contains,3517,1350
55736,contains,3517,1351
55737,contains,3517,1352
55738,contains,3517,1353
55739,contains,3548,1354
55740,contains,3567,1355
55741,contains,3567,1356
55742,contains,3728,1357
55743,contains,3728,1358
55744,contains,3728,1359
55745,contains,3728,1360
55746,contains,3728,1361
55747,contains,3728,1362
55748,contains,3728,1363
55749,contains,3728,1364
55750,contains,3728,1365
55751,contains,3728,1366
55752,contains,3709,1367
55753,contains,3709,1368
55754,contains,3567,1369
55755,contains,3585,1370
55756,contains,3649,1371
55757,contains,3649,1372
55758,contains,3538,1373
55759,contains,3702,1374
55760,contains,3702,1375
55761,contains,3702,1376
55762,contains,3702,1377
55763,contains,3581,1378
55764,contains,3581,1379
55765,contains,3589,1380
55766,contains,3589,1381
55767,contains,3589,1382
55768,contains,3610,1383
55769,contains,3610,1384
55770,contains,3610,1385
55771,contains,3610,1386
55772,contains,3610,1387
55773,contains,3722,1388
55774,contains,3727,1389
55775,contains,3727,1390
55776,contains,3680,1391
55777,contains,3680,1392
55778,contains,3680,1393
55779,contains,3680,1394
55780,contains,3680,1395
55781,contains,3610,1396
55782,contains,3563,1397
55783,contains,3662,1398
55784,contains,3662,1399
55785,contains,3662,1400
55786,contains,3662,1401
55787,contains,3662,1402
55788,contains,3662,1403
55789,contains,3662,1404
55790,contains,3662,1405
55791,contains,3662,1406
55792,contains,3662,1407
55793,contains,3662,1408
55794,contains,3662,1409
55795,contains,3662,1410
55796,contains,3662,1411
55797,contains,3662,1412
55798,contains,3662,1413
55799,contains,3662,1414
55800,contains,3662,1415
55801,contains,3662,1416
55802,contains,3662,1417
55803,contains,3628,1418
55804,contains,3567,1419
55805,contains,3728,1420
55806,contains,3709,1421
55807,contains,3709,1422
55808,contains,3709,1423
55809,contains,3536,1424
55810,contains,3556,1425
55811,contains,3702,1426
55812,contains,3581,1427
55813,contains,3581,1428
55814,contains,3610,1429
55815,contains,3610,1430
55816,contains,3610,1431
55817,contains,3560,1432
55818,contains,3704,1433
55819,contains,3542,1434
55820,contains,3542,1435
55821,contains,3542,1436
55822,contains,3542,1437
55823,contains,3542,1438
55824,contains,3542,1439
55825,contains,3542,1440
55826,contains,3542,1441
55827,contains,3542,1442
55828,contains,3542,1443
55829,contains,3542,1444
55830,contains,3542,1445
55831,contains,3542,1446
55832,contains,3542,1447
55833,contains,3542,1448
55834,contains,3542,1449
55835,contains,3542,1450
55836,contains,3542,1451
55837,contains,3542,1452
55838,contains,3709,1453
55839,contains,3709,1454
55840,contains,3687,1455
55841,contains,3644,1456
55842,contains,3557,1457
55843,contains,3733,1458
55844,contains,3663,1459
55845,contains,3663,1460
55846,contains,3663,1461
55847,contains,3663,1462
55848,contains,3517,1463
55849,contains,3517,1464
55850,contains,3517,1465
55851,contains,3517,1466
55852,contains,3517,1467
55853,contains,3517,1468
55854,contains,3517,1469
55855,contains,3517,1470
55856,contains,3517,1471
55857,contains,3517,1472
55858,contains,3517,1473
55859,contains,3547,1474
55860,contains,3547,1475
55861,contains,3547,1476
55862,contains,3547,1477
55863,contains,3547,1478
55864,contains,3547,1479
55865,contains,3547,1480
55866,contains,3547,1481
55867,contains,3547,1482
55868,contains,3547,1483
55869,contains,3547,1484
55870,contains,3547,1485
55871,contains,3547,1486
55872,contains,3547,1487
55873,contains,3547,1488
55874,contains,3547,1489
55875,contains,3547,1490
55876,contains,3547,1491
55877,contains,3547,1492
55878,contains,3547,1493
55879,contains,3547,1494
55880,contains,3547,1495
55881,contains,3547,1496
55882,contains,3547,1497
55883,contains,3547,1498
55884,contains,3547,1499
55885,contains,3547,1500
55886,contains,3547,1501
55887,contains,3547,1502
55888,contains,3547,1503
55889,contains,3547,1504
55890,contains,3547,1505
55891,contains,3547,1506
55892,contains,3547,1507
55893,contains,3547,1508
55894,contains,3547,1509
55895,contains,3547,1510
55896,contains,3547,1511
55897,contains,3547,1512
55898,contains,3547,1513
55899,contains,3547,1514
55900,contains,3547,1515
55901,contains,3547,1516
55902,contains,3547,1517
55903,contains,3547,1518
55904,contains,3547,1519
55905,contains,3547,1520
55906,contains,3547,1521
55907,contains,3547,1522
55908,contains,3547,1523
55909,contains,3547,1524
55910,contains,3547,1525
55911,contains,3547,1526
55912,contains,3547,1527
55913,contains,3547,1528
55914,contains,3547,1529
55915,contains,3547,1530
55916,contains,3547,1531
55917,contains,3542,1532
55918,contains,3547,1533
55919,contains,3644,1534
55920,contains,3644,1535
55921,contains,3644,1536
55922,contains,3644,1537
55923,contains,3644,1538
55924,contains,3644,1539
55925,contains,3644,1540
55926,contains,3644,1541
55927,contains,3644,1542
55928,contains,3644,1543
55929,contains,3644,1544
55930,contains,3644,1545
55931,contains,3644,1546
55932,contains,3644,1547
55933,contains,3644,1548
55934,contains,3644,1549
55935,contains,3644,1550
55936,contains,3644,1551
55937,contains,3644,1552
55938,contains,3644,1553
55939,contains,3644,1554
55940,contains,3644,1555
55941,contains,3644,1556
55942,contains,3513,1557
55943,contains,3513,1558
55944,contains,3513,1559
55945,contains,3513,1560
55946,contains,3513,1561
55947,contains,3513,1562
55948,contains,3513,1563
55949,contains,3513,1564
55950,contains,3513,1565
55951,contains,3533,1566
55952,contains,3533,1567
55953,contains,3533,1568
55954,contains,3533,1569
55955,contains,3533,1570
55956,contains,3533,1571
55957,contains,3533,1572
55958,contains,3533,1573
55959,contains,3533,1574
55960,contains,3533,1575
55961,contains,3533,1576
55962,contains,3533,1577
55963,contains,3533,1578
55964,contains,3533,1579
55965,contains,3533,1580
55966,contains,3533,1581
55967,contains,3533,1582
55968,contains,3533,1583
55969,contains,3533,1584
55970,contains,3533,1585
55971,contains,3533,1586
55972,contains,3533,1587
55973,contains,3533,1588
55974,contains,3533,1589
55975,contains,3533,1590
55976,contains,3533,1591
55977,contains,3533,1592
55978,contains,3533,1593
55979,contains,3533,1594
55980,contains,3533,1595
55981,contains,3533,1596
55982,contains,3533,1597
55983,contains,3533,1598
55984,contains,3533,1599
55985,contains,3546,1600
55986,contains,3546,1601
55987,contains,3546,1602
55988,contains,3546,1603
55989,contains,3546,1604
55990,contains,3546,1605
55991,contains,3546,1606
55992,contains,3546,1607
55993,contains,3546,1608
55994,contains,3546,1609
55995,contains,3546,1610
55996,contains,3546,1611
55997,contains,3546,1612
55998,contains,3668,1613
55999,contains,3529,1614
56000,contains,3670,1615
56001,contains,3670,1616
56002,contains,3670,1617
56003,contains,3670,1618
56004,contains,3670,1619
56005,contains,3670,1620
56006,contains,3670,1621
56007,contains,3670,1622
56008,contains,3670,1623
56009,contains,3670,1624
56010,contains,3670,1625
56011,contains,3670,1626
56012,contains,3670,1627
56013,contains,3670,1628
56014,contains,3670,1629
56015,contains,3670,1630
56016,contains,3670,1631
56017,contains,3670,1632
56018,contains,3670,1633
56019,contains,3533,1634
56020,contains,3542,1635
56021,contains,3542,1636
56022,contains,3542,1637
56023,contains,3542,1638
56024,contains,3542,1639
56025,contains,3709,1640
56026,contains,3709,1641
56027,contains,3709,1642
56028,contains,3709,1643
56029,contains,3709,1644
56030,contains,3709,1645
56031,contains,3709,1646
56032,contains,3709,1647
56033,contains,3709,1648
56034,contains,3709,1649
56035,contains,3709,1650
56036,contains,3709,1651
56037,contains,3709,1652
56038,contains,3709,1653
56039,contains,3709,1654
56040,contains,3709,1655
56041,contains,3709,1656
56042,contains,3709,1657
56043,contains,3709,1658
56044,contains,3709,1659
56045,contains,3546,1660
56046,contains,3730,1661
56047,contains,3580,1662
56048,contains,3517,1663
56049,contains,3507,1664
56050,contains,3507,1665
56051,contains,3507,1666
56052,contains,3507,1667
56053,contains,3507,1668
56054,contains,3721,1669
56055,contains,3642,1670
56056,contains,3649,1671
56057,contains,3649,1672
56058,contains,3581,1673
56059,contains,3581,1674
56060,contains,3581,1675
56061,contains,3581,1676
56062,contains,3581,1677
56063,contains,3581,1678
56064,contains,3581,1679
56065,contains,3581,1680
56066,contains,3582,1681
56067,contains,3603,1682
56068,contains,3603,1683
56069,contains,3603,1684
56070,contains,3603,1685
56071,contains,3603,1686
56072,contains,3603,1687
56073,contains,3705,1688
56074,contains,3705,1689
56075,contains,3705,1690
56076,contains,3705,1691
56077,contains,3705,1692
56078,contains,3705,1693
56079,contains,3705,1694
56080,contains,3705,1695
56081,contains,3705,1696
56082,contains,3705,1697
56083,contains,3705,1698
56084,contains,3705,1699
56085,contains,3705,1700
56086,contains,3705,1701
56087,contains,3705,1702
56088,contains,3705,1703
56089,contains,3705,1704
56090,contains,3532,1705
56091,contains,3532,1706
56092,contains,3532,1707
56093,contains,3532,1708
56094,contains,3710,1709
56095,contains,3740,1710
56096,contains,3740,1711
56097,contains,3651,1712
56098,contains,3651,1713
56099,contains,3651,1714
56100,contains,3651,1715
56101,contains,3651,1716
56102,contains,3651,1717
56103,contains,3651,1718
56104,contains,3741,1719
56105,contains,3741,1720
56106,contains,3633,1721
56107,contains,3633,1722
56108,contains,3624,1723
56109,contains,3652,1724
56110,contains,3562,1725
56111,contains,3715,1726
56112,contains,3721,1727
56113,contains,3721,1728
56114,contains,3524,1729
56115,contains,3524,1730
56116,contains,3567,1731
56117,contains,3567,1732
56118,contains,3567,1733
56119,contains,3567,1734
56120,contains,3728,1735
56121,contains,3655,1736
56122,contains,3655,1737
56123,contains,3691,1738
56124,contains,3626,1739
56125,contains,3626,1740
56126,contains,3626,1741
56127,contains,3626,1742
56128,contains,3702,1743
56129,contains,3581,1744
56130,contains,3589,1745
56131,contains,3589,1746
56132,contains,3589,1747
56133,contains,3589,1748
56134,contains,3589,1749
56135,contains,3589,1750
56136,contains,3589,1751
56137,contains,3589,1752
56138,contains,3589,1753
56139,contains,3589,1754
56140,contains,3589,1755
56141,contains,3589,1756
56142,contains,3589,1757
56143,contains,3589,1758
56144,contains,3589,1759
56145,contains,3589,1760
56146,contains,3589,1761
56147,contains,3674,1762
56148,contains,3674,1763
56149,contains,3674,1764
56150,contains,3674,1765
56151,contains,3674,1766
56152,contains,3626,1767
56153,contains,3730,1768
56154,contains,3730,1769
56155,contains,3730,1770
56156,contains,3730,1771
56157,contains,3730,1772
56158,contains,3704,1773
56159,contains,3704,1774
56160,contains,3704,1775
56161,contains,3704,1776
56162,contains,3704,1777
56163,contains,3704,1778
56164,contains,3704,1779
56165,contains,3704,1780
56166,contains,3704,1781
56167,contains,3704,1782
56168,contains,3704,1783
56169,contains,3704,1784
56170,contains,3704,1785
56171,contains,3704,1786
56172,contains,3704,1787
56173,contains,3704,1788
56174,contains,3667,1789
56175,contains,3667,1790
56176,contains,3667,1791
56177,contains,3667,1792
56178,contains,3667,1793
56179,contains,3667,1794
56180,contains,3667,1795
56181,contains,3667,1796
56182,contains,3667,1797
56183,contains,3667,1798
56184,contains,3667,1799
56185,contains,3667,1800
56186,contains,3667,1801
56187,contains,3667,1802
56188,contains,3667,1803
56189,contains,3667,1804
56190,contains,3667,1805
56191,contains,3667,1806
56192,contains,3667,1807
56193,contains,3667,1808
56194,contains,3667,1809
56195,contains,3667,1810
56196,contains,3568,1811
56197,contains,3568,1812
56198,contains,3529,1813
56199,contains,3667,1814
56200,contains,3525,1815
56201,contains,3525,1816
56202,contains,3525,1817
56203,contains,3525,1818
56204,contains,3525,1819
56205,contains,3525,1820
56206,contains,3525,1821
56207,contains,3542,1822
56208,contains,3542,1823
56209,contains,3547,1824
56210,contains,3547,1825
56211,contains,3547,1826
56212,contains,3547,1827
56213,contains,3547,1828
56214,contains,3547,1829
56215,contains,3547,1830
56216,contains,3547,1831
56217,contains,3547,1832
56218,contains,3542,1833
56219,contains,3542,1834
56220,contains,3542,1835
56221,contains,3542,1836
56222,contains,3542,1837
56223,contains,3542,1838
56224,contains,3542,1839
56225,contains,3542,1840
56226,contains,3542,1841
56227,contains,3542,1842
56228,contains,3542,1843
56229,contains,3542,1844
56230,contains,3542,1845
56231,contains,3542,1846
56232,contains,3542,1847
56233,contains,3542,1848
56234,contains,3542,1849
56235,contains,3542,1850
56236,contains,3542,1851
56237,contains,3542,1852
56238,contains,3542,1853
56239,contains,3542,1854
56240,contains,3542,1855
56241,contains,3542,1856
56242,contains,3542,1857
56243,contains,3542,1858
56244,contains,3542,1859
56245,contains,3542,1860
56246,contains,3542,1861
56247,contains,3542,1862
56248,contains,3542,1863
56249,contains,3542,1864
56250,contains,3542,1865
56251,contains,3542,1866
56252,contains,3542,1867
56253,contains,3542,1868
56254,contains,3542,1869
56255,contains,3542,1870
56256,contains,3542,1871
56257,contains,3542,1872
56258,contains,3542,1873
56259,contains,3542,1874
56260,contains,3542,1875
56261,contains,3542,1876
56262,contains,3542,1877
56263,contains,3542,1878
56264,contains,3542,1879
56265,contains,3542,1880
56266,contains,3542,1881
56267,contains,3542,1882
56268,contains,3542,1883
56269,contains,3542,1884
56270,contains,3542,1885
56271,contains,3542,1886
56272,contains,3542,1887
56273,contains,3542,1888
56274,contains,3507,1889
56275,contains,3507,1890
56276,contains,3507,1891
56277,contains,3507,1892
56278,contains,3507,1893
56279,contains,3507,1894
56280,contains,3507,1895
56281,contains,3507,1896
56282,contains,3507,1897
56283,contains,3507,1898
56284,contains,3507,1899
56285,contains,3507,1900
56286,contains,3507,1901
56287,contains,3507,1902
56288,contains,3507,1903
56289,contains,3507,1904
56290,contains,3537,1905
56291,contains,3587,1906
56292,contains,3587,1907
56293,contains,3587,1908
56294,contains,3587,1909
56295,contains,3659,1910
56296,contains,3659,1911
56297,contains,3659,1912
56298,contains,3659,1913
56299,contains,3659,1914
56300,contains,3659,1915
56301,contains,3659,1916
56302,contains,3659,1917
56303,contains,3659,1918
56304,contains,3659,1919
56305,contains,3659,1920
56306,contains,3659,1921
56307,contains,3659,1922
56308,contains,3659,1923
56309,contains,3567,1924
56310,contains,3567,1925
56311,contains,3567,1926
56312,contains,3573,1927
56313,contains,3580,1928
56314,contains,3728,1929
56315,contains,3728,1930
56316,contains,3728,1931
56317,contains,3728,1932
56318,contains,3728,1933
56319,contains,3728,1934
56320,contains,3728,1935
56321,contains,3728,1936
56322,contains,3594,1937
56323,contains,3728,1938
56324,contains,3728,1939
56325,contains,3563,1940
56326,contains,3563,1941
56327,contains,3563,1942
56328,contains,3563,1943
56329,contains,3577,1944
56330,contains,3662,1945
56331,contains,3662,1946
56332,contains,3662,1947
56333,contains,3662,1948
56334,contains,3662,1949
56335,contains,3662,1950
56336,contains,3662,1951
56337,contains,3662,1952
56338,contains,3662,1953
56339,contains,3662,1954
56340,contains,3662,1955
56341,contains,3662,1956
56342,contains,3662,1957
56343,contains,3662,1958
56344,contains,3662,1959
56345,contains,3662,1960
56346,contains,3662,1961
56347,contains,3709,1962
56348,contains,3709,1963
56349,contains,3709,1964
56350,contains,3709,1965
56351,contains,3709,1966
56352,contains,3709,1967
56353,contains,3575,1968
56354,contains,3641,1969
56355,contains,3540,1970
56356,contains,3540,1971
56357,contains,3540,1972
56358,contains,3740,1973
56359,contains,3740,1974
56360,contains,3740,1975
56361,contains,3740,1976
56362,contains,3740,1977
56363,contains,3555,1978
56364,contains,3678,1979
56365,contains,3632,1980
56366,contains,3632,1981
56367,contains,3632,1982
56368,contains,3632,1983
56369,contains,3632,1984
56370,contains,3632,1985
56371,contains,3632,1986
56372,contains,3632,1987
56373,contains,3632,1988
56374,contains,3632,1989
56375,contains,3632,1990
56376,contains,3510,1991
56377,contains,3510,1992
56378,contains,3510,1993
56379,contains,3510,1994
56380,contains,3510,1995
56381,contains,3510,1996
56382,contains,3510,1997
56383,contains,3510,1998
56384,contains,3510,1999
56385,contains,3510,2000
56386,contains,3510,2001
56387,contains,3510,2002
56388,contains,3510,2003
56389,contains,3584,2004
56390,contains,3651,2005
56391,contains,3651,2006
56392,contains,3651,2007
56393,contains,3694,2008
56394,contains,3652,2009
56395,contains,3562,2010
56396,contains,3562,2011
56397,contains,3562,2012
56398,contains,3562,2013
56399,contains,3562,2014
56400,contains,3562,2015
56401,contains,3562,2016
56402,contains,3702,2017
56403,contains,3702,2018
56404,contains,3596,2019
56405,contains,3625,2020
56406,contains,3738,2021
56407,contains,3738,2022
56408,contains,3649,2023
56409,contains,3730,2024
56410,contains,3696,2025
56411,contains,3640,2026
56412,contains,3640,2027
56413,contains,3541,2028
56414,contains,3541,2029
56415,contains,3541,2030
56416,contains,3574,2031
56417,contains,3574,2032
56418,contains,3574,2033
56419,contains,3574,2034
56420,contains,3574,2035
56421,contains,3574,2036
56422,contains,3574,2037
56423,contains,3574,2038
56424,contains,3574,2039
56425,contains,3574,2040
56426,contains,3703,2041
56427,contains,3703,2042
56428,contains,3703,2043
56429,contains,3570,2044
56430,contains,3570,2045
56431,contains,3570,2046
56432,contains,3572,2047
56433,contains,3730,2048
56434,contains,3616,2049
56435,contains,3616,2050
56436,contains,3616,2051
56437,contains,3616,2052
56438,contains,3616,2053
56439,contains,3616,2054
56440,contains,3626,2055
56441,contains,3626,2056
56442,contains,3626,2057
56443,contains,3681,2058
56444,contains,3708,2059
56445,contains,3708,2060
56446,contains,3708,2061
56447,contains,3715,2062
56448,contains,3715,2063
56449,contains,3715,2064
56450,contains,3715,2065
56451,contains,3726,2066
56452,contains,3726,2067
56453,contains,3726,2068
56454,contains,3604,2069
56455,contains,3547,2070
56456,contains,3547,2071
56457,contains,3547,2072
56458,contains,3730,2073
56459,contains,3730,2074
56460,contains,3730,2075
56461,contains,3730,2076
56462,contains,3730,2077
56463,contains,3730,2078
56464,contains,3730,2079
56465,contains,3730,2080
56466,contains,3730,2081
56467,contains,3730,2082
56468,contains,3730,2083
56469,contains,3730,2084
56470,contains,3730,2085
56471,contains,3730,2086
56472,contains,3730,2087
56473,contains,3730,2088
56474,contains,3730,2089
56475,contains,3730,2090
56476,contains,3730,2091
56477,contains,3730,2092
56478,contains,3730,2093
56479,contains,3730,2094
56480,contains,3730,2095
56481,contains,3730,2096
56482,contains,3730,2097
56483,contains,3730,2098
56484,contains,3730,2099
56485,contains,3730,2100
56486,contains,3730,2101
56487,contains,3730,2102
56488,contains,3730,2103
56489,contains,3730,2104
56490,contains,3730,2105
56491,contains,3730,2106
56492,contains,3730,2107
56493,contains,3730,2108
56494,contains,3730,2109
56495,contains,3615,2110
56496,contains,3559,2111
56497,contains,3556,2112
56498,contains,3581,2113
56499,contains,3581,2114
56500,contains,3581,2115
56501,contains,3581,2116
56502,contains,3581,2117
56503,contains,3589,2118
56504,contains,3601,2119
56505,contains,3610,2120
56506,contains,3610,2121
56507,contains,3560,2122
56508,contains,3560,2123
56509,contains,3609,2124
56510,contains,3674,2125
56511,contains,3674,2126
56512,contains,3674,2127
56513,contains,3674,2128
56514,contains,3531,2129
56515,contains,3531,2130
56516,contains,3679,2131
56517,contains,3679,2132
56518,contains,3679,2133
56519,contains,3679,2134
56520,contains,3679,2135
56521,contains,3679,2136
56522,contains,3679,2137
56523,contains,3722,2138
56524,contains,3722,2139
56525,contains,3722,2140
56526,contains,3722,2141
56527,contains,3722,2142
56528,contains,3722,2143
56529,contains,3722,2144
56530,contains,3722,2145
56531,contains,3722,2146
56532,contains,3722,2147
56533,contains,3722,2148
56534,contains,3722,2149
56535,contains,3722,2150
56536,contains,3722,2151
56537,contains,3722,2152
56538,contains,3722,2153
56539,contains,3722,2154
56540,contains,3722,2155
56541,contains,3722,2156
56542,contains,3722,2157
56543,contains,3722,2158
56544,contains,3722,2159
56545,contains,3722,2160
56546,contains,3722,2161
56547,contains,3722,2162
56548,contains,3722,2163
56549,contains,3722,2164
56550,contains,3722,2165
56551,contains,3722,2166
56552,contains,3626,2167
56553,contains,3649,2168
56554,contains,3724,2169
56555,contains,3724,2170
56556,contains,3566,2171
56557,contains,3593,2172
56558,contains,3599,2173
56559,contains,3599,2174
56560,contains,3547,2175
56561,contains,3665,2176
56562,contains,3665,2177
56563,contains,3552,2178
56564,contains,3552,2179
56565,contains,3547,2180
56566,contains,3552,2181
56567,contains,3552,2182
56568,contains,3552,2183
56569,contains,3552,2184
56570,contains,3552,2185
56571,contains,3552,2186
56572,contains,3552,2187
56573,contains,3552,2188
56574,contains,3552,2189
56575,contains,3598,2190
56576,contains,3557,2191
56577,contains,3543,2192
56578,contains,3519,2193
56579,contains,3519,2194
56580,contains,3519,2195
56581,contains,3519,2196
56582,contains,3519,2197
56583,contains,3519,2198
56584,contains,3519,2199
56585,contains,3519,2200
56586,contains,3519,2201
56587,contains,3551,2202
56588,contains,3551,2203
56589,contains,3551,2204
56590,contains,3551,2205
56591,contains,3551,2206
56592,contains,3579,2207
56593,contains,3547,2208
56594,contains,3579,2209
56595,contains,3579,2210
56596,contains,3579,2211
56597,contains,3579,2212
56598,contains,3579,2213
56599,contains,3579,2214
56600,contains,3579,2215
56601,contains,3659,2216
56602,contains,3659,2217
56603,contains,3725,2218
56604,contains,3737,2219
56605,contains,3583,2220
56606,contains,3583,2221
56607,contains,3583,2222
56608,contains,3583,2223
56609,contains,3583,2224
56610,contains,3583,2225
56611,contains,3583,2226
56612,contains,3583,2227
56613,contains,3583,2228
56614,contains,3583,2229
56615,contains,3583,2230
56616,contains,3583,2231
56617,contains,3583,2232
56618,contains,3583,2233
56619,contains,3583,2234
56620,contains,3583,2235
56621,contains,3583,2236
56622,contains,3583,2237
56623,contains,3583,2238
56624,contains,3583,2239
56625,contains,3583,2240
56626,contains,3733,2241
56627,contains,3733,2242
56628,contains,3733,2243
56629,contains,3733,2244
56630,contains,3733,2245
56631,contains,3733,2246
56632,contains,3733,2247
56633,contains,3733,2248
56634,contains,3733,2249
56635,contains,3733,2250
56636,contains,3733,2251
56637,contains,3733,2252
56638,contains,3733,2253
56639,contains,3733,2254
56640,contains,3733,2255
56641,contains,3733,2256
56642,contains,3733,2257
56643,contains,3733,2258
56644,contains,3733,2259
56645,contains,3547,2260
56646,contains,3505,2261
56647,contains,3692,2262
56648,contains,3692,2263
56649,contains,3692,2264
56650,contains,3692,2265
56651,contains,3692,2266
56652,contains,3692,2267
56653,contains,3692,2268
56654,contains,3692,2269
56655,contains,3692,2270
56656,contains,3692,2271
56657,contains,3692,2272
56658,contains,3692,2273
56659,contains,3692,2274
56660,contains,3692,2275
56661,contains,3692,2276
56662,contains,3547,2277
56663,contains,3606,2278
56664,contains,3606,2279
56665,contains,3606,2280
56666,contains,3606,2281
56667,contains,3606,2282
56668,contains,3606,2283
56669,contains,3606,2284
56670,contains,3606,2285
56671,contains,3606,2286
56672,contains,3606,2287
56673,contains,3606,2288
56674,contains,3606,2289
56675,contains,3606,2290
56676,contains,3606,2291
56677,contains,3606,2292
56678,contains,3606,2293
56679,contains,3606,2294
56680,contains,3614,2295
56681,contains,3729,2296
56682,contains,3729,2297
56683,contains,3664,2298
56684,contains,3666,2299
56685,contains,3666,2300
56686,contains,3666,2301
56687,contains,3666,2302
56688,contains,3666,2303
56689,contains,3666,2304
56690,contains,3666,2305
56691,contains,3666,2306
56692,contains,3666,2307
56693,contains,3666,2308
56694,contains,3666,2309
56695,contains,3666,2310
56696,contains,3666,2311
56697,contains,3666,2312
56698,contains,3730,2313
56699,contains,3739,2314
56700,contains,3739,2315
56701,contains,3739,2316
56702,contains,3739,2317
56703,contains,3739,2318
56704,contains,3739,2319
56705,contains,3730,2320
56706,contains,3730,2321
56707,contains,3730,2322
56708,contains,3730,2323
56709,contains,3730,2324
56710,contains,3730,2325
56711,contains,3730,2326
56712,contains,3730,2327
56713,contains,3730,2328
56714,contains,3730,2329
56715,contains,3730,2330
56716,contains,3730,2331
56717,contains,3730,2332
56718,contains,3730,2333
56719,contains,3730,2334
56720,contains,3730,2335
56721,contains,3730,2336
56722,contains,3730,2337
56723,contains,3730,2338
56724,contains,3730,2339
56725,contains,3730,2340
56726,contains,3730,2341
56727,contains,3730,2342
56728,contains,3730,2343
56729,contains,3730,2344
56730,contains,3730,2345
56731,contains,3730,2346
56732,contains,3730,2347
56733,contains,3730,2348
56734,contains,3730,2349
56735,contains,3730,2350
56736,contains,3730,2351
56737,contains,3730,2352
56738,contains,3730,2353
56739,contains,3730,2354
56740,contains,3730,2355
56741,contains,3730,2356
56742,contains,3730,2357
56743,contains,3730,2358
56744,contains,3730,2359
56745,contains,3730,2360
56746,contains,3730,2361
56747,contains,3730,2362
56748,contains,3730,2363
56749,contains,3730,2364
56750,contains,3730,2365
56751,contains,3730,2366
56752,contains,3730,2367
56753,contains,3730,2368
56754,contains,3730,2369
56755,contains,3730,2370
56756,contains,3730,2371
56757,contains,3730,2372
56758,contains,3730,2373
56759,contains,3730,2374
56760,contains,3730,2375
56761,contains,3730,2376
56762,contains,3730,2377
56763,contains,3730,2378
56764,contains,3730,2379
56765,contains,3730,2380
56766,contains,3730,2381
56767,contains,3730,2382
56768,contains,3730,2383
56769,contains,3730,2384
56770,contains,3730,2385
56771,contains,3730,2386
56772,contains,3730,2387
56773,contains,3730,2388
56774,contains,3730,2389
56775,contains,3667,2390
56776,contains,3661,2391
56777,contains,3547,2392
56778,contains,3730,2393
56779,contains,3730,2394
56780,contains,3638,2395
56781,contains,3730,2396
56782,contains,3578,2397
56783,contains,3578,2398
56784,contains,3713,2399
56785,contains,3713,2400
56786,contains,3713,2401
56787,contains,3713,2402
56788,contains,3612,2403
56789,contains,3612,2404
56790,contains,3612,2405
56791,contains,3612,2406
56792,contains,3612,2407
56793,contains,3612,2408
56794,contains,3612,2409
56795,contains,3612,2410
56796,contains,3612,2411
56797,contains,3677,2412
56798,contains,3677,2413
56799,contains,3677,2414
56800,contains,3677,2415
56801,contains,3677,2416
56802,contains,3677,2417
56803,contains,3677,2418
56804,contains,3677,2419
56805,contains,3730,2420
56806,contains,3612,2421
56807,contains,3671,2422
56808,contains,3671,2423
56809,contains,3671,2424
56810,contains,3671,2425
56811,contains,3671,2426
56812,contains,3671,2427
56813,contains,3671,2428
56814,contains,3671,2429
56815,contains,3671,2430
56816,contains,3671,2431
56817,contains,3671,2432
56818,contains,3671,2433
56819,contains,3671,2434
56820,contains,3671,2435
56821,contains,3671,2436
56822,contains,3671,2437
56823,contains,3671,2438
56824,contains,3671,2439
56825,contains,3671,2440
56826,contains,3671,2441
56827,contains,3671,2442
56828,contains,3671,2443
56829,contains,3671,2444
56830,contains,3671,2445
56831,contains,3671,2446
56832,contains,3671,2447
56833,contains,3671,2448
56834,contains,3671,2449
56835,contains,3671,2450
56836,contains,3671,2451
56837,contains,3680,2452
56838,contains,3680,2453
56839,contains,3680,2454
56840,contains,3513,2455
56841,contains,3513,2456
56842,contains,3513,2457
56843,contains,3513,2458
56844,contains,3513,2459
56845,contains,3513,2460
56846,contains,3513,2461
56847,contains,3513,2462
56848,contains,3513,2463
56849,contains,3513,2464
56850,contains,3513,2465
56851,contains,3513,2466
56852,contains,3513,2467
56853,contains,3513,2468
56854,contains,3513,2469
56855,contains,3513,2470
56856,contains,3513,2471
56857,contains,3513,2472
56858,contains,3513,2473
56859,contains,3513,2474
56860,contains,3513,2475
56861,contains,3513,2476
56862,contains,3513,2477
56863,contains,3513,2478
56864,contains,3513,2479
56865,contains,3513,2480
56866,contains,3533,2481
56867,contains,3533,2482
56868,contains,3533,2483
56869,contains,3533,2484
56870,contains,3533,2485
56871,contains,3533,2486
56872,contains,3533,2487
56873,contains,3533,2488
56874,contains,3533,2489
56875,contains,3533,2490
56876,contains,3533,2491
56877,contains,3533,2492
56878,contains,3533,2493
56879,contains,3533,2494
56880,contains,3533,2495
56881,contains,3533,2496
56882,contains,3533,2497
56883,contains,3533,2498
56884,contains,3533,2499
56885,contains,3533,2500
56886,contains,3533,2501
56887,contains,3533,2502
56888,contains,3533,2503
56889,contains,3533,2504
56890,contains,3533,2505
56891,contains,3533,2506
56892,contains,3533,2507
56893,contains,3533,2508
56894,contains,3533,2509
56895,contains,3533,2510
56896,contains,3533,2511
56897,contains,3533,2512
56898,contains,3533,2513
56899,contains,3533,2514
56900,contains,3533,2515
56901,contains,3533,2516
56902,contains,3533,2517
56903,contains,3533,2518
56904,contains,3533,2519
56905,contains,3533,2520
56906,contains,3533,2521
56907,contains,3533,2522
56908,contains,3533,2523
56909,contains,3546,2524
56910,contains,3547,2525
56911,contains,3569,2526
56912,contains,3569,2527
56913,contains,3569,2528
56914,contains,3569,2529
56915,contains,3569,2530
56916,contains,3569,2531
56917,contains,3569,2532
56918,contains,3569,2533
56919,contains,3569,2534
56920,contains,3569,2535
56921,contains,3569,2536
56922,contains,3569,2537
56923,contains,3533,2538
56924,contains,3549,2539
56925,contains,3549,2540
56926,contains,3549,2541
56927,contains,3549,2542
56928,contains,3549,2543
56929,contains,3549,2544
56930,contains,3549,2545
56931,contains,3549,2546
56932,contains,3549,2547
56933,contains,3549,2548
56934,contains,3549,2549
56935,contains,3549,2550
56936,contains,3549,2551
56937,contains,3549,2552
56938,contains,3549,2553
56939,contains,3549,2554
56940,contains,3549,2555
56941,contains,3549,2556
56942,contains,3549,2557
56943,contains,3549,2558
56944,contains,3549,2559
56945,contains,3549,2560
56946,contains,3549,2561
56947,contains,3549,2562
56948,contains,3549,2563
56949,contains,3549,2564
56950,contains,3549,2565
56951,contains,3549,2566
56952,contains,3549,2567
56953,contains,3549,2568
56954,contains,3549,2569
56955,contains,3549,2570
56956,contains,3549,2571
56957,contains,3549,2572
56958,contains,3529,2573
56959,contains,3529,2574
56960,contains,3529,2575
56961,contains,3529,2576
56962,contains,3529,2577
56963,contains,3529,2578
56964,contains,3529,2579
56965,contains,3533,2580
56966,contains,3533,2581
56967,contains,3533,2582
56968,contains,3533,2583
56969,contains,3533,2584
56970,contains,3533,2585
56971,contains,3533,2586
56972,contains,3731,2587
56973,contains,3734,2588
56974,contains,3734,2589
56975,contains,3734,2590
56976,contains,3734,2591
56977,contains,3734,2592
56978,contains,3734,2593
56979,contains,3734,2594
56980,contains,3734,2595
56981,contains,3734,2596
56982,contains,3734,2597
56983,contains,3734,2598
56984,contains,3734,2599
56985,contains,3734,2600
56986,contains,3730,2601
56987,contains,3734,2602
56988,contains,3734,2603
56989,contains,3734,2604
56990,contains,3734,2605
56991,contains,3734,2606
56992,contains,3734,2607
56993,contains,3533,2608
56994,contains,3533,2609
56995,contains,3533,2610
56996,contains,3533,2611
56997,contains,3533,2612
56998,contains,3533,2613
56999,contains,3533,2614
57000,contains,3533,2615
57001,contains,3730,2616
57002,contains,3597,2617
57003,contains,3730,2618
57004,contains,3686,2619
57005,contains,3685,2620
57006,contains,3730,2621
57007,contains,3530,2622
57008,contains,3530,2623
57009,contains,3722,2624
57010,contains,3722,2625
57011,contains,3688,2626
57012,contains,3615,2627
57013,contains,3615,2628
57014,contains,3615,2629
57015,contains,3620,2630
57016,contains,3615,2631
57017,contains,3547,2632
57018,contains,3615,2633
57019,contains,3615,2634
57020,contains,3615,2635
57021,contains,3615,2636
57022,contains,3615,2637
57023,contains,3615,2638
57024,contains,3615,2639
57025,contains,3615,2640
57026,contains,3518,2641
57027,contains,3518,2642
57028,contains,3518,2643
57029,contains,3518,2644
57030,contains,3514,2645
57031,contains,3680,2646
57032,contains,3680,2647
57033,contains,3680,2648
57034,contains,3680,2649
57035,contains,3680,2650
57036,contains,3680,2651
57037,contains,3586,2652
57038,contains,3586,2653
57039,contains,3680,2654
57040,contains,3680,2655
57041,contains,3680,2656
57042,contains,3680,2657
57043,contains,3680,2658
57044,contains,3680,2659
57045,contains,3680,2660
57046,contains,3680,2661
57047,contains,3680,2662
57048,contains,3680,2663
57049,contains,3680,2664
57050,contains,3680,2665
57051,contains,3680,2666
57052,contains,3680,2667
57053,contains,3727,2668
57054,contains,3727,2669
57055,contains,3727,2670
57056,contains,3727,2671
57057,contains,3727,2672
57058,contains,3727,2673
57059,contains,3680,2674
57060,contains,3692,2675
57061,contains,3680,2676
57062,contains,3680,2677
57063,contains,3680,2678
57064,contains,3680,2679
57065,contains,3680,2680
57066,contains,3680,2681
57067,contains,3680,2682
57068,contains,3680,2683
57069,contains,3680,2684
57070,contains,3680,2685
57071,contains,3680,2686
57072,contains,3680,2687
57073,contains,3680,2688
57074,contains,3680,2689
57075,contains,3680,2690
57076,contains,3680,2691
57077,contains,3680,2692
57078,contains,3680,2693
57079,contains,3680,2694
57080,contains,3680,2695
57081,contains,3680,2696
57082,contains,3680,2697
57083,contains,3680,2698
57084,contains,3680,2699
57085,contains,3680,2700
57086,contains,3680,2701
57087,contains,3680,2702
57088,contains,3680,2703
57089,contains,3680,2704
57090,contains,3680,2705
57091,contains,3680,2706
57092,contains,3680,2707
57093,contains,3680,2708
57094,contains,3680,2709
57095,contains,3680,2710
57096,contains,3680,2711
57097,contains,3680,2712
57098,contains,3680,2713
57099,contains,3680,2714
57100,contains,3680,2715
57101,contains,3680,2716
57102,contains,3714,2717
57103,contains,3714,2718
57104,contains,3714,2719
57105,contains,3732,2720
57106,contains,3732,2721
57107,contains,3732,2722
57108,contains,3732,2723
57109,contains,3732,2724
57110,contains,3732,2725
57111,contains,3732,2726
57112,contains,3732,2727
57113,contains,3732,2728
57114,contains,3680,2729
57115,contains,3680,2730
57116,contains,3680,2731
57117,contains,3680,2732
57118,contains,3680,2733
57119,contains,3680,2734
57120,contains,3680,2735
57121,contains,3680,2736
57122,contains,3680,2737
57123,contains,3680,2738
57124,contains,3680,2739
57125,contains,3680,2740
57126,contains,3680,2741
57127,contains,3680,2742
57128,contains,3680,2743
57129,contains,3680,2744
57130,contains,3547,2745
57131,contains,3603,2746
57132,contains,3707,2747
57133,contains,3707,2748
57134,contains,3707,2749
57135,contains,3539,2750
57136,contains,3603,2751
57137,contains,3603,2752
57138,contains,3603,2753
57139,contains,3603,2754
57140,contains,3603,2755
57141,contains,3603,2756
57142,contains,3521,2757
57143,contains,3521,2758
57144,contains,3521,2759
57145,contains,3521,2760
57146,contains,3621,2761
57147,contains,3621,2762
57148,contains,3621,2763
57149,contains,3621,2764
57150,contains,3621,2765
57151,contains,3621,2766
57152,contains,3621,2767
57153,contains,3736,2768
57154,contains,3654,2769
57155,contains,3654,2770
57156,contains,3654,2771
57157,contains,3654,2772
57158,contains,3654,2773
57159,contains,3654,2774
57160,contains,3654,2775
57161,contains,3654,2776
57162,contains,3654,2777
57163,contains,3603,2778
57164,contains,3603,2779
57165,contains,3603,2780
57166,contains,3603,2781
57167,contains,3603,2782
57168,contains,3603,2783
57169,contains,3603,2784
57170,contains,3528,2785
57171,contains,3637,2786
57172,contains,3637,2787
57173,contains,3637,2788
57174,contains,3637,2789
57175,contains,3637,2790
57176,contains,3637,2791
57177,contains,3718,2792
57178,contains,3718,2793
57179,contains,3718,2794
57180,contains,3718,2795
57181,contains,3718,2796
57182,contains,3718,2797
57183,contains,3718,2798
57184,contains,3718,2799
57185,contains,3718,2800
57186,contains,3718,2801
57187,contains,3718,2802
57188,contains,3718,2803
57189,contains,3718,2804
57190,contains,3718,2805
57191,contains,3718,2806
57192,contains,3547,2807
57193,contains,3718,2808
57194,contains,3718,2809
57195,contains,3718,2810
57196,contains,3718,2811
57197,contains,3718,2812
57198,contains,3718,2813
57199,contains,3718,2814
57200,contains,3718,2815
57201,contains,3718,2816
57202,contains,3718,2817
57203,contains,3736,2818
57204,contains,3736,2819
57205,contains,3736,2820
57206,contains,3736,2821
57207,contains,3736,2822
57208,contains,3736,2823
57209,contains,3736,2824
57210,contains,3736,2825
57211,contains,3736,2826
57212,contains,3736,2827
57213,contains,3736,2828
57214,contains,3736,2829
57215,contains,3736,2830
57216,contains,3736,2831
57217,contains,3736,2832
57218,contains,3736,2833
57219,contains,3643,2834
57220,contains,3643,2835
57221,contains,3643,2836
57222,contains,3643,2837
57223,contains,3643,2838
57224,contains,3643,2839
57225,contains,3643,2840
57226,contains,3643,2841
57227,contains,3643,2842
57228,contains,3643,2843
57229,contains,3604,2844
57230,contains,3604,2845
57231,contains,3604,2846
57232,contains,3604,2847
57233,contains,3604,2848
57234,contains,3604,2849
57235,contains,3604,2850
57236,contains,3604,2851
57237,contains,3604,2852
57238,contains,3604,2853
57239,contains,3604,2854
57240,contains,3604,2855
57241,contains,3604,2856
57242,contains,3604,2857
57243,contains,3604,2858
57244,contains,3604,2859
57245,contains,3604,2860
57246,contains,3604,2861
57247,contains,3604,2862
57248,contains,3604,2863
57249,contains,3604,2864
57250,contains,3604,2865
57251,contains,3604,2866
57252,contains,3604,2867
57253,contains,3604,2868
57254,contains,3604,2869
57255,contains,3604,2870
57256,contains,3604,2871
57257,contains,3604,2872
57258,contains,3604,2873
57259,contains,3730,2874
57260,contains,3634,2875
57261,contains,3634,2876
57262,contains,3634,2877
57263,contains,3634,2878
57264,contains,3634,2879
57265,contains,3634,2880
57266,contains,3634,2881
57267,contains,3634,2882
57268,contains,3634,2883
57269,contains,3634,2884
57270,contains,3634,2885
57271,contains,3634,2886
57272,contains,3634,2887
57273,contains,3634,2888
57274,contains,3634,2889
57275,contains,3634,2890
57276,contains,3634,2891
57277,contains,3604,2892
57278,contains,3604,2893
57279,contains,3604,2894
57280,contains,3547,2895
57281,contains,3604,2896
57282,contains,3604,2897
57283,contains,3604,2898
57284,contains,3604,2899
57285,contains,3604,2900
57286,contains,3604,2901
57287,contains,3604,2902
57288,contains,3634,2903
57289,contains,3634,2904
57290,contains,3634,2905
57291,contains,3517,2906
57292,contains,3517,2907
57293,contains,3517,2908
57294,contains,3517,2909
57295,contains,3517,2910
57296,contains,3517,2911
57297,contains,3517,2912
57298,contains,3517,2913
57299,contains,3517,2914
57300,contains,3517,2915
57301,contains,3517,2916
57302,contains,3517,2917
57303,contains,3517,2918
57304,contains,3517,2919
57305,contains,3517,2920
57306,contains,3517,2921
57307,contains,3517,2922
57308,contains,3517,2923
57309,contains,3517,2924
57310,contains,3517,2925
57311,contains,3517,2926
57312,contains,3554,2927
57313,contains,3517,2928
57314,contains,3517,2929
57315,contains,3517,2930
57316,contains,3517,2931
57317,contains,3517,2932
57318,contains,3517,2933
57319,contains,3730,2934
57320,contains,3547,2935
57321,contains,3547,2936
57322,contains,3547,2937
57323,contains,3547,2938
57324,contains,3547,2939
57325,contains,3547,2940
57326,contains,3547,2941
57327,contains,3547,2942
57328,contains,3547,2943
57329,contains,3547,2944
57330,contains,3547,2945
57331,contains,3547,2946
57332,contains,3547,2947
57333,contains,3647,2948
57334,contains,3647,2949
57335,contains,3647,2950
57336,contains,3647,2951
57337,contains,3647,2952
57338,contains,3647,2953
57339,contains,3647,2954
57340,contains,3647,2955
57341,contains,3547,2956
57342,contains,3547,2957
57343,contains,3547,2958
57344,contains,3547,2959
57345,contains,3547,2960
57346,contains,3547,2961
57347,contains,3547,2962
57348,contains,3547,2963
57349,contains,3547,2964
57350,contains,3547,2965
57351,contains,3547,2966
57352,contains,3547,2967
57353,contains,3547,2968
57354,contains,3547,2969
57355,contains,3547,2970
57356,contains,3547,2971
57357,contains,3547,2972
57358,contains,3547,2973
57359,contains,3547,2974
57360,contains,3547,2975
57361,contains,3547,2976
57362,contains,3547,2977
57363,contains,3547,2978
57364,contains,3547,2979
57365,contains,3615,2980
57366,contains,3547,2981
57367,contains,3533,2982
57368,contains,3730,2983
57369,contains,3730,2984
57370,contains,3730,2985
57371,contains,3649,2986
57372,contains,3730,2987
57373,contains,3652,2988
57374,contains,3507,2989
57375,contains,3542,2990
57376,contains,3542,2991
57377,contains,3696,2992
57378,contains,3730,2993
57379,contains,3730,2994
57380,contains,3730,2995
57381,contains,3730,2996
57382,contains,3569,2997
57383,contains,3730,2998
57384,contains,3583,2999
57385,contains,3583,3000
57386,contains,3533,3001
57387,contains,3583,3002
57388,contains,3730,3003
57389,contains,3730,3004
57390,contains,3730,3005
57391,contains,3730,3006
57392,contains,3730,3007
57393,contains,3730,3008
57394,contains,3730,3009
57395,contains,3583,3010
57396,contains,3730,3011
57397,contains,3730,3012
57398,contains,3730,3013
57399,contains,3730,3014
57400,contains,3583,3015
57401,contains,3542,3016
57402,contains,3602,3017
57403,contains,3728,3018
57404,contains,3730,3019
57405,contains,3547,3020
57406,contains,3547,3021
57407,contains,3680,3022
57408,contains,3547,3023
57409,contains,3547,3024
57410,contains,3612,3025
57411,contains,3603,3026
57412,contains,3574,3027
57413,contains,3730,3028
57414,contains,3722,3029
57415,contains,3722,3030
57416,contains,3605,3031
57417,contains,3736,3032
57418,contains,3547,3033
57419,contains,3547,3034
57420,contains,3547,3035
57421,contains,3549,3036
57422,contains,3549,3037
57423,contains,3637,3038
57424,contains,3550,3039
57425,contains,3542,3040
57426,contains,3547,3041
57427,contains,3604,3042
57428,contains,3643,3043
57429,contains,3680,3044
57430,contains,3680,3045
57431,contains,3730,3046
57432,contains,3671,3047
57433,contains,3643,3048
57434,contains,3542,3049
57435,contains,3542,3050
57436,contains,3568,3051
57437,contains,3602,3052
57438,contains,3602,3053
57439,contains,3602,3054
57440,contains,3542,3055
57441,contains,3542,3056
57442,contains,3507,3057
57443,contains,3647,3058
57444,contains,3547,3059
57445,contains,3517,3060
57446,contains,3517,3061
57447,contains,3547,3062
57448,contains,3570,3063
57449,contains,3549,3064
57450,contains,3606,3065
57451,contains,3730,3066
57452,contains,3542,3067
57453,contains,3581,3068
57454,contains,3730,3069
57455,contains,3616,3070
57456,contains,3730,3071
57457,contains,3733,3072
57458,contains,3733,3073
57459,contains,3517,3074
57460,contains,3606,3075
57461,contains,3662,3076
57462,contains,3634,3077
57463,contains,3562,3078
57464,contains,3715,3079
57465,contains,3507,3080
57466,contains,3547,3081
57467,contains,3549,3082
57468,contains,3707,3083
57469,contains,3517,3084
57470,contains,3662,3085
57471,contains,3517,3086
57472,contains,3604,3087
57473,contains,3606,3088
57474,contains,3529,3089
57475,contains,3734,3090
57476,contains,3568,3091
57477,contains,3680,3092
57478,contains,3525,3093
57479,contains,3533,3094
57480,contains,3606,3095
57481,contains,3517,3096
57482,contains,3604,3097
57483,contains,3533,3098
57484,contains,3733,3099
57485,contains,3737,3100
57486,contains,3606,3101
57487,contains,3574,3102
57488,contains,3599,3103
57489,contains,3529,3104
57490,contains,3609,3105
57491,contains,3606,3106
57492,contains,3533,3107
57493,contains,3533,3108
57494,contains,3568,3109
57495,contains,3568,3110
57496,contains,3568,3111
57497,contains,3568,3112
57498,contains,3568,3113
57499,contains,3730,3114
57500,contains,3547,3115
57501,contains,3606,3116
57502,contains,3606,3117
57503,contains,3542,3118
57504,contains,3547,3119
57505,contains,3616,3120
57506,contains,3604,3121
57507,contains,3730,3122
57508,contains,3616,3123
57509,contains,3634,3124
57510,contains,3549,3125
57511,contains,3616,3126
57512,contains,3549,3127
57513,contains,3549,3128
57514,contains,3549,3129
57515,contains,3667,3130
57516,contains,3517,3131
57517,contains,3604,3132
57518,contains,3730,3133
57519,contains,3562,3134
57520,contains,3662,3135
57521,contains,3542,3136
57522,contains,3542,3137
57523,contains,3729,3138
57524,contains,3542,3139
57525,contains,3542,3140
57526,contains,3542,3141
57527,contains,3542,3142
57528,contains,3542,3143
57529,contains,3542,3144
57530,contains,3542,3145
57531,contains,3542,3146
57532,contains,3542,3147
57533,contains,3542,3148
57534,contains,3542,3149
57535,contains,3547,3150
57536,contains,3542,3151
57537,contains,3542,3152
57538,contains,3542,3153
57539,contains,3542,3154
57540,contains,3542,3155
57541,contains,3606,3156
57542,contains,3542,3157
57543,contains,3542,3158
57544,contains,3542,3159
57545,contains,3542,3160
57546,contains,3542,3161
57547,contains,3542,3162
57548,contains,3542,3163
57549,contains,3517,3164
57550,contains,3632,3165
57551,contains,3730,3166
57552,contains,3680,3167
57553,contains,3680,3168
57554,contains,3533,3169
57555,contains,3616,3170
57556,contains,3616,3171
57557,contains,3583,3172
57558,contains,3568,3173
57559,contains,3583,3174
57560,contains,3707,3175
57561,contains,3680,3176
57562,contains,3733,3177
57563,contains,3730,3178
57564,contains,3533,3179
57565,contains,3583,3180
57566,contains,3547,3181
57567,contains,3734,3182
57568,contains,3724,3183
57569,contains,3533,3184
57570,contains,3517,3185
57571,contains,3666,3186
57572,contains,3549,3187
57573,contains,3525,3188
57574,contains,3606,3189
57575,contains,3606,3190
57576,contains,3643,3191
57577,contains,3665,3192
57578,contains,3525,3193
57579,contains,3529,3194
57580,contains,3517,3195
57581,contains,3533,3196
57582,contains,3604,3197
57583,contains,3604,3198
57584,contains,3549,3199
57585,contains,3680,3200
57586,contains,3578,3201
57587,contains,3547,3202
57588,contains,3730,3203
57589,contains,3604,3204
57590,contains,3733,3205
57591,contains,3542,3206
57592,contains,3730,3207
57593,contains,3730,3208
57594,contains,3568,3209
57595,contains,3568,3210
57596,contains,3574,3211
57597,contains,3609,3212
57598,contains,3606,3213
57599,contains,3529,3214
57600,contains,3542,3215
57601,contains,3542,3216
57602,contains,3542,3217
57603,contains,3542,3218
57604,contains,3542,3219
57605,contains,3730,3220
57606,contains,3542,3221
57607,contains,3542,3222
57608,contains,3542,3223
57609,contains,3542,3224
57610,contains,3542,3225
57611,contains,3542,3226
57612,contains,3542,3227
57613,contains,3542,3228
57614,contains,3542,3229
57615,contains,3542,3230
57616,contains,3542,3231
57617,contains,3542,3232
57618,contains,3542,3233
57619,contains,3568,3234
57620,contains,3568,3235
57621,contains,3730,3236
57622,contains,3697,3237
57623,contains,3578,3238
57624,contains,3615,3239
57625,contains,3533,3240
57626,contains,3542,3241
57627,contains,3542,3242
57628,contains,3542,3243
57629,contains,3542,3244
57630,contains,3542,3245
57631,contains,3542,3246
57632,contains,3542,3247
57633,contains,3542,3248
57634,contains,3542,3249
57635,contains,3542,3250
57636,contains,3649,3251
57637,contains,3604,3252
57638,contains,3525,3253
57639,contains,3525,3254
57640,contains,3533,3255
57641,contains,3730,3256
57642,contains,3730,3257
57643,contains,3730,3258
57644,contains,3730,3259
57645,contains,3604,3260
57646,contains,3517,3261
57647,contains,3604,3262
57648,contains,3604,3263
57649,contains,3680,3264
57650,contains,3557,3265
57651,contains,3702,3266
57652,contains,3673,3267
57653,contains,3604,3268
57654,contains,3679,3269
57655,contains,3517,3270
57656,contains,3730,3271
57657,contains,3730,3272
57658,contains,3730,3273
57659,contains,3712,3274
57660,contains,3680,3275
57661,contains,3673,3276
57662,contains,3609,3277
57663,contains,3517,3278
57664,contains,3665,3279
57665,contains,3671,3280
57666,contains,3517,3281
57667,contains,3730,3282
57668,contains,3730,3283
57669,contains,3730,3284
57670,contains,3730,3285
57671,contains,3730,3286
57672,contains,3730,3287
57673,contains,3730,3288
57674,contains,3557,3289
57675,contains,3644,3290
57676,contains,3547,3291
57677,contains,3547,3292
57678,contains,3547,3293
57679,contains,3546,3294
57680,contains,3547,3295
57681,contains,3547,3296
57682,contains,3547,3297
57683,contains,3547,3298
57684,contains,3547,3299
57685,contains,3547,3300
57686,contains,3547,3301
57687,contains,3547,3302
57688,contains,3547,3303
57689,contains,3547,3304
57690,contains,3547,3305
57691,contains,3730,3306
57692,contains,3728,3307
57693,contains,3722,3308
57694,contains,3727,3309
57695,contains,3722,3310
57696,contains,3722,3311
57697,contains,3722,3312
57698,contains,3730,3313
57699,contains,3730,3314
57700,contains,3547,3315
57701,contains,3547,3316
57702,contains,3517,3317
57703,contains,3580,3318
57704,contains,3517,3319
57705,contains,3517,3320
57706,contains,3581,3321
57707,contains,3557,3322
57708,contains,3730,3323
57709,contains,3680,3324
57710,contains,3680,3325
57711,contains,3730,3326
57712,contains,3547,3327
57713,contains,3547,3328
57714,contains,3547,3329
57715,contains,3547,3330
57716,contains,3576,3331
57717,contains,3576,3332
57718,contains,3683,3333
57719,contains,3728,3334
57720,contains,3683,3335
57721,contains,3729,3336
57722,contains,3712,3337
57723,contains,3581,3338
57724,contains,3547,3339
57725,contains,3648,3340
57726,contains,3517,3341
57727,contains,3615,3342
57728,contains,3517,3343
57729,contains,3517,3344
57730,contains,3517,3345
57731,contains,3603,3346
57732,contains,3730,3347
57733,contains,3680,3348
57734,contains,3547,3349
57735,contains,3547,3350
57736,contains,3547,3351
57737,contains,3547,3352
57738,contains,3547,3353
57739,contains,3679,3354
57740,contains,3702,3355
57741,contains,3547,3356
57742,contains,3547,3357
57743,contains,3547,3358
57744,contains,3547,3359
57745,contains,3727,3360
57746,contains,3680,3361
57747,contains,3615,3362
57748,contains,3517,3363
57749,contains,3517,3364
57750,contains,3523,3365
57751,contains,3581,3366
57752,contains,3581,3367
57753,contains,3644,3368
57754,contains,3664,3369
57755,contains,3728,3370
57756,contains,3728,3371
57757,contains,3728,3372
57758,contains,3728,3373
57759,contains,3567,3374
57760,contains,3517,3375
57761,contains,3652,3376
57762,contains,3603,3377
57763,contains,3671,3378
57764,contains,3680,3379
57765,contains,3513,3380
57766,contains,3542,3381
57767,contains,3701,3382
57768,contains,3680,3383
57769,contains,3606,3384
57770,contains,3674,3385
57771,contains,3674,3386
57772,contains,3674,3387
57773,contains,3674,3388
57774,contains,3674,3389
57775,contains,3513,3390
57776,contains,3542,3391
57777,contains,3631,3392
57778,contains,3634,3393
57779,contains,3581,3394
57780,contains,3680,3395
57781,contains,3610,3396
57782,contains,3718,3397
57783,contains,3523,3398
57784,contains,3610,3399
57785,contains,3680,3400
57786,contains,3730,3401
57787,contains,3517,3402
57788,contains,3517,3403
57789,contains,3574,3404
57790,contains,3574,3405
57791,contains,3603,3406
57792,contains,3553,3407
57793,contains,3604,3408
57794,contains,3715,3409
57795,contains,3545,3410
57796,contains,3545,3411
57797,contains,3696,3412
57798,contains,3545,3413
57799,contains,3545,3414
57800,contains,3649,3415
57801,contains,3730,3416
57802,contains,3547,3417
57803,contains,3615,3418
57804,contains,3670,3419
57805,contains,3603,3420
57806,contains,3670,3421
57807,contains,3507,3422
57808,contains,3740,3423
57809,contains,3736,3424
57810,contains,3702,3425
57811,contains,3730,3426
57812,contains,3654,3427
57813,contains,3671,3428
57814,contains,3612,3429
57815,contains,3517,3430
57816,contains,3649,3431
57817,contains,3612,3432
57818,contains,3722,3433
57819,contains,3722,3434
57820,contains,3626,3435
57821,contains,3722,3436
57822,contains,3698,3437
57823,contains,3583,3438
57824,contains,3730,3439
57825,contains,3583,3440
57826,contains,3570,3441
57827,contains,3703,3442
57828,contains,3604,3443
57829,contains,3644,3444
57830,contains,3547,3445
57831,contains,3547,3446
57832,contains,3547,3447
57833,contains,3609,3448
57834,contains,3643,3449
57835,contains,3517,3450
57836,contains,3643,3451
57837,contains,3517,3452
57838,contains,3651,3453
57839,contains,3547,3454
57840,contains,3533,3455
57841,contains,3533,3456
57842,contains,3715,3457
57843,contains,3715,3458
57844,contains,3675,3459
57845,contains,3547,3460
57846,contains,3547,3461
57847,contains,3547,3462
57848,contains,3680,3463
57849,contains,3680,3464
57850,contains,3659,3465
57851,contains,3583,3466
57852,contains,3517,3467
57853,contains,3633,3468
57854,contains,3633,3469
57855,contains,3549,3470
57856,contains,3717,3471
57857,contains,3680,3472
57858,contains,3711,3473
57859,contains,3602,3474
57860,contains,3717,3475
57861,contains,3602,3476
57862,contains,3633,3477
57863,contains,3734,3478
57864,contains,3734,3479
57865,contains,3717,3480
57866,contains,3734,3481
57867,contains,3680,3482
57868,contains,3717,3483
57869,contains,3730,3484
57870,contains,3633,3485
57871,contains,3587,3486
57872,contains,3730,3487
57873,contains,3722,3488
57874,contains,3633,3489
57875,contains,3604,3490
57876,contains,3730,3491
57877,contains,3643,3492
57878,contains,3505,3493
57879,contains,3680,3494
57880,contains,3583,3495
57881,contains,3603,3496
57882,contains,3697,3497
57883,contains,3583,3498
57884,contains,3583,3499
57885,contains,3583,3500
57886,contains,3583,3501
57887,contains,3583,3502
57888,contains,3567,3503
57889,contains,3517,3504
57890,contains,3744,1
57891,contains,3744,2
57892,contains,3744,3
57893,contains,3744,4
57894,contains,3744,5
57895,contains,3744,6
57896,contains,3744,7
57897,contains,3744,8
57898,contains,3744,9
57899,contains,3744,10
57900,contains,3744,11
57901,contains,3744,12
57902,contains,3744,13
57903,contains,3744,14
57904,contains,3744,15
57905,contains,3744,16
57906,contains,3744,17
57907,contains,3744,18
57908,contains,3744,19
57909,contains,3744,20
57910,contains,3744,21
57911,contains,3744,22
57912,contains,3744,23
57913,contains,3744,24
57914,contains,3744,25
57915,contains,3744,26
57916,contains,3744,27
57917,contains,3744,28
57918,contains,3744,29
57919,contains,3744,30
57920,contains,3744,31
57921,contains,3744,32
57922,contains,3744,33
57923,contains,3744,34
57924,contains,3744,35
57925,contains,3744,36
57926,contains,3744,37
57927,contains,3744,38
57928,contains,3744,39
57929,contains,3744,40
57930,contains,3744,41
57931,contains,3744,42
57932,contains,3744,43
57933,contains,3744,44
57934,contains,3744,45
57935,contains,3744,46
57936,contains,3744,47
57937,contains,3744,48
57938,contains,3742,49
57939,contains,3742,50
57940,contains,3742,51
57941,contains,3742,52
57942,contains,3742,53
57943,contains,3746,54
57944,contains,3747,55
57945,contains,3746,56
57946,contains,3747,57
57947,contains,3746,58
57948,contains,3746,59
57949,contains,3742,60
57950,contains,3746,61
57951,contains,3747,62
57952,contains,3747,63
57953,contains,3746,64
57954,contains,3747,65
57955,contains,3747,66
57956,contains,3746,67
57957,contains,3742,68
57958,contains,3746,69
57959,contains,3742,70
57960,contains,3746,71
57961,contains,3742,72
57962,contains,3742,73
57963,contains,3742,74
57964,contains,3742,75
57965,contains,3742,76
57966,contains,3742,77
57967,contains,3744,78
57968,contains,3742,79
57969,contains,3742,80
57970,contains,3747,81
57971,contains,3747,82
57972,contains,3744,83
57973,contains,3742,84
57974,contains,3744,85
57975,contains,3744,86
57976,contains,3742,87
57977,contains,3742,88
57978,contains,3742,89
57979,contains,3742,90
57980,contains,3742,91
57981,contains,3742,92
57982,contains,3742,93
57983,contains,3742,94
57984,contains,3742,95
57985,contains,3742,96
57986,contains,3742,97
57987,contains,3742,98
57988,contains,3744,99
57989,contains,3746,100
57990,contains,3746,101
57991,contains,3742,102
57992,contains,3742,103
57993,contains,3746,104
57994,contains,3746,105
57995,contains,3746,106
57996,contains,3742,107
57997,contains,3742,108
57998,contains,3742,109
57999,contains,3742,110
58000,contains,3742,111
58001,contains,3742,112
58002,contains,3742,113
58003,contains,3742,114
58004,contains,3742,115
58005,contains,3742,116
58006,contains,3746,117
58007,contains,3746,118
58008,contains,3746,119
58009,contains,3746,120
58010,contains,3746,121
58011,contains,3746,122
58012,contains,3744,123
58013,contains,3742,124
58014,contains,3743,125
58015,contains,3743,126
58016,contains,3743,127
58017,contains,3743,128
58018,contains,3743,129
58019,contains,3745,130
58020,contains,3745,131
58021,contains,3745,132
58022,contains,3745,133
58023,contains,3745,134
58024,contains,3745,135
58025,contains,3744,136
58026,contains,3744,137
58027,contains,3744,138
58028,contains,3746,139
58029,contains,3742,140
58030,contains,3742,141
58031,contains,3742,142
58032,contains,3742,143
58033,contains,3743,144
58034,contains,3743,145
58035,contains,3746,146
58036,contains,3744,147
58037,contains,3744,148
58038,contains,3744,149
58039,contains,3744,150
58040,contains,3744,151
58041,contains,3744,152
58042,contains,3744,153
58043,contains,3746,154
58044,contains,3746,155
58045,contains,3747,156
58046,contains,3747,157
58047,contains,3747,158
58048,contains,3744,159
58049,contains,3747,160
58050,contains,3742,161
58051,contains,3746,162
58052,contains,3744,163
58053,contains,3746,164
58054,contains,3746,165
58055,contains,3744,166
58056,contains,3742,167
58057,contains,3742,168
58058,contains,3742,169
58059,contains,3742,170
58060,contains,3742,171
58061,contains,3742,172
58062,contains,3742,173
58063,contains,3742,174
58064,contains,3742,175
58065,contains,3742,176
58066,contains,3742,177
58067,contains,3744,178
58068,contains,3742,179
58069,contains,3744,180
58070,contains,3744,181
58071,contains,3744,182
58072,contains,3744,183
58073,contains,3744,184
58074,contains,3744,185
58075,contains,3744,186
58076,contains,3744,187
58077,contains,3744,188
58078,contains,3744,189
58079,contains,3744,190
58080,contains,3744,191
58081,contains,3744,192
58082,contains,3744,193
58083,contains,3744,194
58084,contains,3744,195
58085,contains,3744,196
58086,contains,3747,197
58087,contains,3742,198
58088,contains,3747,199
58089,contains,3742,200
58090,contains,3746,201
58091,contains,3742,202
58092,contains,3742,203
58093,contains,3743,204
58094,contains,3746,205
58095,contains,3742,206
58096,contains,3746,207
58097,contains,3744,208
58098,contains,3744,209
58099,contains,3744,210
58100,contains,3744,211
58101,contains,3746,212
58102,contains,3746,213
58103,contains,3746,214
58104,contains,3746,215
58105,contains,3746,216
58106,contains,3742,217
58107,contains,3744,218
58108,contains,3744,219
58109,contains,3744,220
58110,contains,3744,221
58111,contains,3744,222
58112,contains,3744,223
58113,contains,3743,224
58114,contains,3744,225
58115,contains,3743,226
58116,contains,3744,227
58117,contains,3742,228
58118,contains,3742,229
58119,contains,3742,230
58120,contains,3747,231
58121,contains,3747,232
58122,contains,3744,233
58123,contains,3746,234
58124,contains,3746,235
58125,contains,3744,236
58126,contains,3744,237
58127,contains,3744,238
58128,contains,3744,239
58129,contains,3744,240
58130,contains,3744,241
58131,contains,3744,242
58132,contains,3744,243
58133,contains,3744,244
58134,contains,3744,245
58135,contains,3744,246
58136,contains,3743,247
58137,contains,3742,248
58138,contains,3746,249
58139,contains,3746,250
58140,contains,3742,251
58141,contains,3742,252
58142,contains,3742,253
58143,contains,3742,254
58144,contains,3746,255
58145,contains,3746,256
58146,contains,3742,257
58147,contains,3742,258
58148,contains,3742,259
58149,contains,3742,260
58150,contains,3742,261
58151,contains,3742,262
58152,contains,3744,263
58153,contains,3744,264
58154,contains,3744,265
58155,contains,3744,266
58156,contains,3744,267
58157,contains,3744,268
58158,contains,3744,269
58159,contains,3744,270
58160,contains,3744,271
58161,contains,3744,272
58162,contains,3744,273
58163,contains,3742,274
58164,contains,3742,275
58165,contains,3742,276
58166,contains,3744,277
58167,contains,3744,278
58168,contains,3742,279
58169,contains,3744,280
58170,contains,3744,281
58171,contains,3744,282
58172,contains,3744,283
58173,contains,3742,284
58174,contains,3746,285
58175,contains,3746,286
58176,contains,3742,287
58177,contains,3744,288
58178,contains,3744,289
58179,contains,3744,290
58180,contains,3744,291
58181,contains,3744,292
58182,contains,3744,293
58183,contains,3747,294
58184,contains,3744,295
58185,contains,3744,296
58186,contains,3745,297
58187,contains,3745,298
58188,contains,3746,299
58189,contains,3744,300
58190,contains,3744,301
58191,contains,3742,302
58192,contains,3743,303
58193,contains,3744,304
58194,contains,3744,305
58195,contains,3744,306
58196,contains,3744,307
58197,contains,3744,308
58198,contains,3744,309
58199,contains,3744,310
58200,contains,3742,311
58201,contains,3744,312
58202,contains,3742,313
58203,contains,3744,314
58204,contains,3746,315
58205,contains,3746,316
58206,contains,3746,317
58207,contains,3742,318
58208,contains,3742,319
58209,contains,3746,320
58210,contains,3746,321
58211,contains,3746,322
58212,contains,3743,323
58213,contains,3742,324
58214,contains,3743,325
58215,contains,3742,326
58216,contains,3742,327
58217,contains,3742,328
58218,contains,3742,329
58219,contains,3742,330
58220,contains,3742,331
58221,contains,3743,332
58222,contains,3743,333
58223,contains,3743,334
58224,contains,3746,335
58225,contains,3746,336
58226,contains,3746,337
58227,contains,3742,338
58228,contains,3743,339
58229,contains,3742,340
58230,contains,3742,341
58231,contains,3742,342
58232,contains,3742,343
58233,contains,3742,344
58234,contains,3743,345
58235,contains,3742,346
58236,contains,3742,347
58237,contains,3743,348
58238,contains,3746,349
58239,contains,3746,350
58240,contains,3742,351
58241,contains,3746,352
58242,contains,3746,353
58243,contains,3743,354
58244,contains,3743,355
58245,contains,3744,356
58246,contains,3744,357
58247,contains,3744,358
58248,contains,3744,359
58249,contains,3745,360
58250,contains,3744,361
58251,contains,3744,362
58252,contains,3744,363
58253,contains,3744,364
58254,contains,3744,365
58255,contains,3744,366
58256,contains,3744,367
58257,contains,3744,368
58258,contains,3744,369
58259,contains,3744,370
58260,contains,3744,371
58261,contains,3744,372
58262,contains,3744,373
58263,contains,3744,374
58264,contains,3744,375
58265,contains,3744,376
58266,contains,3744,377
58267,contains,3744,378
58268,contains,3744,379
58269,contains,3744,380
58270,contains,3744,381
58271,contains,3744,382
58272,contains,3744,383
58273,contains,3744,384
58274,contains,3744,385
58275,contains,3744,386
58276,contains,3744,387
58277,contains,3743,388
58278,contains,3744,389
58279,contains,3744,390
58280,contains,3744,391
58281,contains,3744,392
58282,contains,3744,393
58283,contains,3744,394
58284,contains,3744,395
58285,contains,3744,396
58286,contains,3744,397
58287,contains,3744,398
58288,contains,3744,399
58289,contains,3744,400
58290,contains,3744,401
58291,contains,3744,402
58292,contains,3744,403
58293,contains,3744,404
58294,contains,3744,405
58295,contains,3744,406
58296,contains,3744,407
58297,contains,3744,408
58298,contains,3744,409
58299,contains,3744,410
58300,contains,3744,411
58301,contains,3744,412
58302,contains,3744,413
58303,contains,3744,414
58304,contains,3744,415
58305,contains,3744,416
58306,contains,3744,417
58307,contains,3744,418
58308,contains,3744,419
58309,contains,3744,420
58310,contains,3744,421
58311,contains,3744,422
58312,contains,3744,423
58313,contains,3744,424
58314,contains,3744,425
58315,contains,3744,426
58316,contains,3744,427
58317,contains,3744,428
58318,contains,3744,429
58319,contains,3744,430
58320,contains,3744,431
58321,contains,3744,432
58322,contains,3742,433
58323,contains,3744,434
58324,contains,3744,435
58325,contains,3744,436
58326,contains,3744,437
58327,contains,3744,438
58328,contains,3744,439
58329,contains,3744,440
58330,contains,3744,441
58331,contains,3747,442
58332,contains,3744,443
58333,contains,3744,444
58334,contains,3744,445
58335,contains,3744,446
58336,contains,3744,447
58337,contains,3744,448
58338,contains,3744,449
58339,contains,3744,450
58340,contains,3742,451
58341,contains,3742,452
58342,contains,3742,453
58343,contains,3742,454
58344,contains,3742,455
58345,contains,3746,456
58346,contains,3746,457
58347,contains,3746,458
58348,contains,3742,459
58349,contains,3742,460
58350,contains,3742,461
58351,contains,3742,462
58352,contains,3742,463
58353,contains,3742,464
58354,contains,3742,465
58355,contains,3742,466
58356,contains,3742,467
58357,contains,3742,468
58358,contains,3742,469
58359,contains,3742,470
58360,contains,3742,471
58361,contains,3743,472
58362,contains,3742,473
58363,contains,3742,474
58364,contains,3742,475
58365,contains,3742,476
58366,contains,3742,477
58367,contains,3742,478
58368,contains,3742,479
58369,contains,3742,480
58370,contains,3742,481
58371,contains,3742,482
58372,contains,3742,483
58373,contains,3742,484
58374,contains,3742,485
58375,contains,3742,486
58376,contains,3743,487
58377,contains,3743,488
58378,contains,3743,489
58379,contains,3743,490
58380,contains,3743,491
58381,contains,3746,492
58382,contains,3742,493
58383,contains,3746,494
58384,contains,3742,495
58385,contains,3742,496
58386,contains,3742,497
58387,contains,3742,498
58388,contains,3742,499
58389,contains,3742,500
58390,contains,3742,501
58391,contains,3742,502
58392,contains,3742,503
58393,contains,3742,504
58394,contains,3742,505
58395,contains,3742,506
58396,contains,3742,507
58397,contains,3742,508
58398,contains,3742,509
58399,contains,3742,510
58400,contains,3742,511
58401,contains,3742,512
58402,contains,3742,513
58403,contains,3742,514
58404,contains,3742,515
58405,contains,3746,516
58406,contains,3746,517
58407,contains,3746,518
58408,contains,3746,519
58409,contains,3742,520
58410,contains,3743,521
58411,contains,3742,522
58412,contains,3746,523
58413,contains,3742,524
58414,contains,3744,525
58415,contains,3744,526
58416,contains,3744,527
58417,contains,3744,528
58418,contains,3744,529
58419,contains,3744,530
58420,contains,3744,531
58421,contains,3742,532
58422,contains,3742,533
58423,contains,3742,534
58424,contains,3742,535
58425,contains,3742,536
58426,contains,3742,537
58427,contains,3742,538
58428,contains,3742,539
58429,contains,3742,540
58430,contains,3742,541
58431,contains,3742,542
58432,contains,3742,543
58433,contains,3742,544
58434,contains,3743,545
58435,contains,3743,546
58436,contains,3743,547
58437,contains,3743,548
58438,contains,3744,549
58439,contains,3742,550
58440,contains,3742,551
58441,contains,3742,552
58442,contains,3742,553
58443,contains,3742,554
58444,contains,3742,555
58445,contains,3746,556
58446,contains,3746,557
58447,contains,3744,558
58448,contains,3744,559
58449,contains,3744,560
58450,contains,3746,561
58451,contains,3746,562
58452,contains,3745,563
58453,contains,3745,564
58454,contains,3746,565
58455,contains,3746,566
58456,contains,3746,567
58457,contains,3746,568
58458,contains,3744,569
58459,contains,3744,570
58460,contains,3744,571
58461,contains,3744,572
58462,contains,3744,573
58463,contains,3744,574
58464,contains,3744,575
58465,contains,3744,576
58466,contains,3744,577
58467,contains,3744,578
58468,contains,3744,579
58469,contains,3744,580
58470,contains,3744,581
58471,contains,3744,582
58472,contains,3745,583
58473,contains,3745,584
58474,contains,3745,585
58475,contains,3745,586
58476,contains,3745,587
58477,contains,3745,588
58478,contains,3745,589
58479,contains,3745,590
58480,contains,3745,591
58481,contains,3745,592
58482,contains,3745,593
58483,contains,3745,594
58484,contains,3745,595
58485,contains,3745,596
58486,contains,3745,597
58487,contains,3745,598
58488,contains,3744,599
58489,contains,3744,600
58490,contains,3744,601
58491,contains,3744,602
58492,contains,3744,603
58493,contains,3743,604
58494,contains,3744,605
58495,contains,3744,606
58496,contains,3744,607
58497,contains,3744,608
58498,contains,3744,609
58499,contains,3744,610
58500,contains,3744,611
58501,contains,3744,612
58502,contains,3744,613
58503,contains,3744,614
58504,contains,3744,615
58505,contains,3744,616
58506,contains,3744,617
58507,contains,3744,618
58508,contains,3744,619
58509,contains,3744,620
58510,contains,3744,621
58511,contains,3744,622
58512,contains,3744,623
58513,contains,3744,624
58514,contains,3744,625
58515,contains,3744,626
58516,contains,3744,627
58517,contains,3744,628
58518,contains,3744,629
58519,contains,3744,630
58520,contains,3744,631
58521,contains,3744,632
58522,contains,3744,633
58523,contains,3744,634
58524,contains,3742,635
58525,contains,3742,636
58526,contains,3742,637
58527,contains,3747,638
58528,contains,3744,639
58529,contains,3744,640
58530,contains,3747,641
58531,contains,3747,642
58532,contains,3747,643
58533,contains,3747,644
58534,contains,3747,645
58535,contains,3747,646
58536,contains,3744,647
58537,contains,3744,648
58538,contains,3744,649
58539,contains,3744,650
58540,contains,3744,651
58541,contains,3744,652
58542,contains,3742,653
58543,contains,3746,654
58544,contains,3746,655
58545,contains,3746,656
58546,contains,3746,657
58547,contains,3742,658
58548,contains,3746,659
58549,contains,3742,660
58550,contains,3742,661
58551,contains,3746,662
58552,contains,3746,663
58553,contains,3746,664
58554,contains,3746,665
58555,contains,3746,666
58556,contains,3746,667
58557,contains,3746,668
58558,contains,3746,669
58559,contains,3746,670
58560,contains,3746,671
58561,contains,3746,672
58562,contains,3746,673
58563,contains,3746,674
58564,contains,3746,675
58565,contains,3746,676
58566,contains,3746,677
58567,contains,3746,678
58568,contains,3746,679
58569,contains,3746,680
58570,contains,3746,681
58571,contains,3746,682
58572,contains,3746,683
58573,contains,3746,684
58574,contains,3746,685
58575,contains,3746,686
58576,contains,3746,687
58577,contains,3746,688
58578,contains,3746,689
58579,contains,3746,690
58580,contains,3747,691
58581,contains,3747,692
58582,contains,3746,693
58583,contains,3746,694
58584,contains,3746,695
58585,contains,3746,696
58586,contains,3746,697
58587,contains,3746,698
58588,contains,3746,699
58589,contains,3746,700
58590,contains,3746,701
58591,contains,3746,702
58592,contains,3746,703
58593,contains,3746,704
58594,contains,3746,705
58595,contains,3746,706
58596,contains,3746,707
58597,contains,3746,708
58598,contains,3746,709
58599,contains,3746,710
58600,contains,3746,711
58601,contains,3746,712
58602,contains,3746,713
58603,contains,3746,714
58604,contains,3746,715
58605,contains,3746,716
58606,contains,3746,717
58607,contains,3746,718
58608,contains,3746,719
58609,contains,3746,720
58610,contains,3746,721
58611,contains,3746,722
58612,contains,3746,723
58613,contains,3746,724
58614,contains,3746,725
58615,contains,3742,726
58616,contains,3746,727
58617,contains,3746,728
58618,contains,3746,729
58619,contains,3746,730
58620,contains,3746,731
58621,contains,3746,732
58622,contains,3746,733
58623,contains,3746,734
58624,contains,3746,735
58625,contains,3746,736
58626,contains,3746,737
58627,contains,3746,738
58628,contains,3746,739
58629,contains,3746,740
58630,contains,3746,741
58631,contains,3746,742
58632,contains,3746,743
58633,contains,3747,744
58634,contains,3746,745
58635,contains,3746,746
58636,contains,3746,747
58637,contains,3746,748
58638,contains,3746,749
58639,contains,3746,750
58640,contains,3746,751
58641,contains,3746,752
58642,contains,3746,753
58643,contains,3746,754
58644,contains,3746,755
58645,contains,3746,756
58646,contains,3746,757
58647,contains,3746,758
58648,contains,3746,759
58649,contains,3746,760
58650,contains,3746,761
58651,contains,3746,762
58652,contains,3746,763
58653,contains,3746,764
58654,contains,3746,765
58655,contains,3746,766
58656,contains,3746,767
58657,contains,3746,768
58658,contains,3746,769
58659,contains,3746,770
58660,contains,3746,771
58661,contains,3746,772
58662,contains,3746,773
58663,contains,3746,774
58664,contains,3746,775
58665,contains,3746,776
58666,contains,3746,777
58667,contains,3746,778
58668,contains,3746,779
58669,contains,3746,780
58670,contains,3746,781
58671,contains,3746,782
58672,contains,3742,783
58673,contains,3742,784
58674,contains,3742,785
58675,contains,3742,786
58676,contains,3742,787
58677,contains,3742,788
58678,contains,3742,789
58679,contains,3742,790
58680,contains,3742,791
58681,contains,3742,792
58682,contains,3742,793
58683,contains,3742,794
58684,contains,3744,795
58685,contains,3743,796
58686,contains,3742,797
58687,contains,3742,798
58688,contains,3742,799
58689,contains,3742,800
58690,contains,3742,801
58691,contains,3743,802
58692,contains,3742,803
58693,contains,3742,804
58694,contains,3742,805
58695,contains,3742,806
58696,contains,3746,807
58697,contains,3742,808
58698,contains,3742,809
58699,contains,3746,810
58700,contains,3746,811
58701,contains,3742,812
58702,contains,3742,813
58703,contains,3743,814
58704,contains,3743,815
58705,contains,3743,816
58706,contains,3743,817
58707,contains,3743,818
58708,contains,3743,819
58709,contains,3743,820
58710,contains,3743,821
58711,contains,3743,822
58712,contains,3746,823
58713,contains,3742,824
58714,contains,3746,825
58715,contains,3742,826
58716,contains,3743,827
58717,contains,3743,828
58718,contains,3743,829
58719,contains,3743,830
58720,contains,3743,831
58721,contains,3743,832
58722,contains,3743,833
58723,contains,3743,834
58724,contains,3743,835
58725,contains,3743,836
58726,contains,3743,837
58727,contains,3743,838
58728,contains,3743,839
58729,contains,3743,840
58730,contains,3743,841
58731,contains,3743,842
58732,contains,3743,843
58733,contains,3743,844
58734,contains,3743,845
58735,contains,3743,846
58736,contains,3743,847
58737,contains,3743,848
58738,contains,3743,849
58739,contains,3743,850
58740,contains,3743,851
58741,contains,3743,852
58742,contains,3742,853
58743,contains,3742,854
58744,contains,3742,855
58745,contains,3742,856
58746,contains,3742,857
58747,contains,3742,858
58748,contains,3742,859
58749,contains,3746,860
58750,contains,3746,861
58751,contains,3746,862
58752,contains,3744,863
58753,contains,3744,864
58754,contains,3744,865
58755,contains,3744,866
58756,contains,3744,867
58757,contains,3744,868
58758,contains,3744,869
58759,contains,3744,870
58760,contains,3744,871
58761,contains,3744,872
58762,contains,3744,873
58763,contains,3744,874
58764,contains,3744,875
58765,contains,3744,876
58766,contains,3744,877
58767,contains,3744,878
58768,contains,3746,879
58769,contains,3746,880
58770,contains,3746,881
58771,contains,3744,882
58772,contains,3744,883
58773,contains,3744,884
58774,contains,3744,885
58775,contains,3744,886
58776,contains,3744,887
58777,contains,3744,888
58778,contains,3744,889
58779,contains,3744,890
58780,contains,3744,891
58781,contains,3744,892
58782,contains,3744,893
58783,contains,3744,894
58784,contains,3744,895
58785,contains,3744,896
58786,contains,3744,897
58787,contains,3744,898
58788,contains,3744,899
58789,contains,3744,900
58790,contains,3747,901
58791,contains,3746,902
58792,contains,3746,903
58793,contains,3746,904
58794,contains,3746,905
58795,contains,3746,906
58796,contains,3744,907
58797,contains,3744,908
58798,contains,3744,909
58799,contains,3744,910
58800,contains,3744,911
58801,contains,3744,912
58802,contains,3744,913
58803,contains,3744,914
58804,contains,3744,915
58805,contains,3744,916
58806,contains,3744,917
58807,contains,3744,918
58808,contains,3744,919
58809,contains,3744,920
58810,contains,3744,921
58811,contains,3744,922
58812,contains,3744,923
58813,contains,3744,924
58814,contains,3744,925
58815,contains,3744,926
58816,contains,3746,927
58817,contains,3746,928
58818,contains,3744,929
58819,contains,3744,930
58820,contains,3744,931
58821,contains,3744,932
58822,contains,3744,933
58823,contains,3744,934
58824,contains,3744,935
58825,contains,3744,936
58826,contains,3744,937
58827,contains,3744,938
58828,contains,3744,939
58829,contains,3744,940
58830,contains,3744,941
58831,contains,3744,942
58832,contains,3744,943
58833,contains,3744,944
58834,contains,3744,945
58835,contains,3744,946
58836,contains,3744,947
58837,contains,3744,948
58838,contains,3744,949
58839,contains,3744,950
58840,contains,3744,951
58841,contains,3744,952
58842,contains,3744,953
58843,contains,3744,954
58844,contains,3744,955
58845,contains,3744,956
58846,contains,3744,957
58847,contains,3744,958
58848,contains,3744,959
58849,contains,3744,960
58850,contains,3744,961
58851,contains,3744,962
58852,contains,3744,963
58853,contains,3744,964
58854,contains,3744,965
58855,contains,3744,966
58856,contains,3744,967
58857,contains,3744,968
58858,contains,3744,969
58859,contains,3744,970
58860,contains,3747,971
58861,contains,3747,972
58862,contains,3747,973
58863,contains,3747,974
58864,contains,3747,975
58865,contains,3747,976
58866,contains,3747,977
58867,contains,3747,978
58868,contains,3747,979
58869,contains,3747,980
58870,contains,3747,981
58871,contains,3747,982
58872,contains,3747,983
58873,contains,3747,984
58874,contains,3747,985
58875,contains,3747,986
58876,contains,3747,987
58877,contains,3747,988
58878,contains,3747,989
58879,contains,3747,990
58880,contains,3747,991
58881,contains,3747,992
58882,contains,3747,993
58883,contains,3747,994
58884,contains,3747,995
58885,contains,3747,996
58886,contains,3747,997
58887,contains,3747,998
58888,contains,3747,999
58889,contains,3747,1000
58890,contains,3747,1001
58891,contains,3747,1002
58892,contains,3747,1003
58893,contains,3747,1004
58894,contains,3747,1005
58895,contains,3747,1006
58896,contains,3747,1007
58897,contains,3747,1008
58898,contains,3747,1009
58899,contains,3747,1010
58900,contains,3747,1011
58901,contains,3747,1012
58902,contains,3747,1013
58903,contains,3747,1014
58904,contains,3747,1015
58905,contains,3747,1016
58906,contains,3747,1017
58907,contains,3747,1018
58908,contains,3747,1019
58909,contains,3747,1020
58910,contains,3747,1021
58911,contains,3747,1022
58912,contains,3747,1023
58913,contains,3747,1024
58914,contains,3747,1025
58915,contains,3747,1026
58916,contains,3747,1027
58917,contains,3747,1028
58918,contains,3747,1029
58919,contains,3747,1030
58920,contains,3747,1031
58921,contains,3747,1032
58922,contains,3746,1033
58923,contains,3746,1034
58924,contains,3746,1035
58925,contains,3746,1036
58926,contains,3746,1037
58927,contains,3746,1038
58928,contains,3746,1039
58929,contains,3746,1040
58930,contains,3746,1041
58931,contains,3746,1042
58932,contains,3746,1043
58933,contains,3746,1044
58934,contains,3746,1045
58935,contains,3746,1046
58936,contains,3746,1047
58937,contains,3746,1048
58938,contains,3746,1049
58939,contains,3744,1050
58940,contains,3744,1051
58941,contains,3744,1052
58942,contains,3744,1053
58943,contains,3744,1054
58944,contains,3744,1055
58945,contains,3744,1056
58946,contains,3745,1057
58947,contains,3744,1058
58948,contains,3744,1059
58949,contains,3744,1060
58950,contains,3744,1061
58951,contains,3744,1062
58952,contains,3744,1063
58953,contains,3744,1064
58954,contains,3744,1065
58955,contains,3744,1066
58956,contains,3744,1067
58957,contains,3744,1068
58958,contains,3744,1069
58959,contains,3744,1070
58960,contains,3744,1071
58961,contains,3744,1072
58962,contains,3744,1073
58963,contains,3744,1074
58964,contains,3744,1075
58965,contains,3744,1076
58966,contains,3744,1077
58967,contains,3744,1078
58968,contains,3744,1079
58969,contains,3744,1080
58970,contains,3744,1081
58971,contains,3744,1082
58972,contains,3744,1083
58973,contains,3744,1084
58974,contains,3744,1085
58975,contains,3744,1086
58976,contains,3744,1087
58977,contains,3744,1088
58978,contains,3744,1089
58979,contains,3744,1090
58980,contains,3744,1091
58981,contains,3744,1092
58982,contains,3744,1093
58983,contains,3744,1094
58984,contains,3744,1095
58985,contains,3744,1096
58986,contains,3744,1097
58987,contains,3744,1098
58988,contains,3744,1099
58989,contains,3744,1100
58990,contains,3744,1101
58991,contains,3744,1102
58992,contains,3744,1103
58993,contains,3744,1104
58994,contains,3744,1105
58995,contains,3744,1106
58996,contains,3744,1107
58997,contains,3744,1108
58998,contains,3744,1109
58999,contains,3744,1110
59000,contains,3744,1111
59001,contains,3744,1112
59002,contains,3744,1113
59003,contains,3744,1114
59004,contains,3744,1115
59005,contains,3744,1116
59006,contains,3744,1117
59007,contains,3744,1118
59008,contains,3744,1119
59009,contains,3744,1120
59010,contains,3744,1121
59011,contains,3744,1122
59012,contains,3744,1123
59013,contains,3744,1124
59014,contains,3744,1125
59015,contains,3744,1126
59016,contains,3744,1127
59017,contains,3744,1128
59018,contains,3744,1129
59019,contains,3744,1130
59020,contains,3744,1131
59021,contains,3744,1132
59022,contains,3744,1133
59023,contains,3744,1134
59024,contains,3744,1135
59025,contains,3744,1136
59026,contains,3744,1137
59027,contains,3744,1138
59028,contains,3744,1139
59029,contains,3744,1140
59030,contains,3744,1141
59031,contains,3744,1142
59032,contains,3744,1143
59033,contains,3744,1144
59034,contains,3746,1145
59035,contains,3746,1146
59036,contains,3746,1147
59037,contains,3746,1148
59038,contains,3746,1149
59039,contains,3746,1150
59040,contains,3744,1151
59041,contains,3744,1152
59042,contains,3744,1153
59043,contains,3744,1154
59044,contains,3744,1155
59045,contains,3744,1156
59046,contains,3744,1157
59047,contains,3744,1158
59048,contains,3744,1159
59049,contains,3744,1160
59050,contains,3744,1161
59051,contains,3744,1162
59052,contains,3744,1163
59053,contains,3746,1164
59054,contains,3746,1165
59055,contains,3746,1166
59056,contains,3746,1167
59057,contains,3746,1168
59058,contains,3746,1169
59059,contains,3746,1170
59060,contains,3746,1171
59061,contains,3746,1172
59062,contains,3746,1173
59063,contains,3746,1174
59064,contains,3746,1175
59065,contains,3746,1176
59066,contains,3746,1177
59067,contains,3746,1178
59068,contains,3746,1179
59069,contains,3746,1180
59070,contains,3746,1181
59071,contains,3746,1182
59072,contains,3746,1183
59073,contains,3746,1184
59074,contains,3746,1185
59075,contains,3746,1186
59076,contains,3746,1187
59077,contains,3746,1188
59078,contains,3746,1189
59079,contains,3746,1190
59080,contains,3746,1191
59081,contains,3746,1192
59082,contains,3746,1193
59083,contains,3746,1194
59084,contains,3746,1195
59085,contains,3742,1196
59086,contains,3742,1197
59087,contains,3742,1198
59088,contains,3742,1199
59089,contains,3742,1200
59090,contains,3746,1201
59091,contains,3746,1202
59092,contains,3746,1203
59093,contains,3746,1204
59094,contains,3746,1205
59095,contains,3746,1206
59096,contains,3743,1207
59097,contains,3742,1208
59098,contains,3742,1209
59099,contains,3742,1210
59100,contains,3742,1211
59101,contains,3742,1212
59102,contains,3742,1213
59103,contains,3742,1214
59104,contains,3742,1215
59105,contains,3742,1216
59106,contains,3742,1217
59107,contains,3742,1218
59108,contains,3744,1219
59109,contains,3745,1220
59110,contains,3743,1221
59111,contains,3742,1222
59112,contains,3742,1223
59113,contains,3742,1224
59114,contains,3742,1225
59115,contains,3742,1226
59116,contains,3742,1227
59117,contains,3742,1228
59118,contains,3742,1229
59119,contains,3742,1230
59120,contains,3742,1231
59121,contains,3742,1232
59122,contains,3742,1233
59123,contains,3742,1234
59124,contains,3742,1235
59125,contains,3742,1236
59126,contains,3742,1237
59127,contains,3742,1238
59128,contains,3742,1239
59129,contains,3742,1240
59130,contains,3744,1241
59131,contains,3744,1242
59132,contains,3744,1243
59133,contains,3744,1244
59134,contains,3744,1245
59135,contains,3744,1246
59136,contains,3744,1247
59137,contains,3744,1248
59138,contains,3744,1249
59139,contains,3744,1250
59140,contains,3744,1251
59141,contains,3744,1252
59142,contains,3744,1253
59143,contains,3744,1254
59144,contains,3744,1255
59145,contains,3744,1256
59146,contains,3744,1257
59147,contains,3744,1258
59148,contains,3744,1259
59149,contains,3744,1260
59150,contains,3744,1261
59151,contains,3744,1262
59152,contains,3744,1263
59153,contains,3742,1264
59154,contains,3742,1265
59155,contains,3742,1266
59156,contains,3742,1267
59157,contains,3742,1268
59158,contains,3742,1269
59159,contains,3742,1270
59160,contains,3742,1271
59161,contains,3744,1272
59162,contains,3744,1273
59163,contains,3744,1274
59164,contains,3744,1275
59165,contains,3744,1276
59166,contains,3742,1277
59167,contains,3742,1278
59168,contains,3742,1279
59169,contains,3742,1280
59170,contains,3742,1281
59171,contains,3742,1282
59172,contains,3744,1283
59173,contains,3744,1284
59174,contains,3744,1285
59175,contains,3744,1286
59176,contains,3744,1287
59177,contains,3744,1288
59178,contains,3744,1289
59179,contains,3744,1290
59180,contains,3744,1291
59181,contains,3744,1292
59182,contains,3744,1293
59183,contains,3744,1294
59184,contains,3744,1295
59185,contains,3742,1296
59186,contains,3742,1297
59187,contains,3742,1298
59188,contains,3742,1299
59189,contains,3742,1300
59190,contains,3742,1301
59191,contains,3742,1302
59192,contains,3742,1303
59193,contains,3742,1304
59194,contains,3742,1305
59195,contains,3742,1306
59196,contains,3742,1307
59197,contains,3742,1308
59198,contains,3742,1309
59199,contains,3742,1310
59200,contains,3742,1311
59201,contains,3742,1312
59202,contains,3742,1313
59203,contains,3742,1314
59204,contains,3746,1315
59205,contains,3742,1316
59206,contains,3746,1317
59207,contains,3746,1318
59208,contains,3746,1319
59209,contains,3746,1320
59210,contains,3746,1321
59211,contains,3746,1322
59212,contains,3746,1323
59213,contains,3746,1324
59214,contains,3746,1325
59215,contains,3746,1326
59216,contains,3746,1327
59217,contains,3746,1328
59218,contains,3746,1329
59219,contains,3746,1330
59220,contains,3746,1331
59221,contains,3746,1332
59222,contains,3746,1333
59223,contains,3746,1334
59224,contains,3746,1335
59225,contains,3746,1336
59226,contains,3746,1337
59227,contains,3746,1338
59228,contains,3746,1339
59229,contains,3746,1340
59230,contains,3746,1341
59231,contains,3746,1342
59232,contains,3746,1343
59233,contains,3747,1344
59234,contains,3747,1345
59235,contains,3747,1346
59236,contains,3747,1347
59237,contains,3747,1348
59238,contains,3747,1349
59239,contains,3747,1350
59240,contains,3747,1351
59241,contains,3747,1352
59242,contains,3747,1353
59243,contains,3746,1354
59244,contains,3742,1355
59245,contains,3742,1356
59246,contains,3742,1357
59247,contains,3742,1358
59248,contains,3742,1359
59249,contains,3742,1360
59250,contains,3742,1361
59251,contains,3742,1362
59252,contains,3742,1363
59253,contains,3742,1364
59254,contains,3742,1365
59255,contains,3742,1366
59256,contains,3742,1367
59257,contains,3742,1368
59258,contains,3742,1369
59259,contains,3743,1370
59260,contains,3743,1371
59261,contains,3743,1372
59262,contains,3743,1373
59263,contains,3742,1374
59264,contains,3742,1375
59265,contains,3742,1376
59266,contains,3742,1377
59267,contains,3742,1378
59268,contains,3742,1379
59269,contains,3742,1380
59270,contains,3742,1381
59271,contains,3742,1382
59272,contains,3742,1383
59273,contains,3742,1384
59274,contains,3742,1385
59275,contains,3742,1386
59276,contains,3742,1387
59277,contains,3746,1388
59278,contains,3742,1389
59279,contains,3742,1390
59280,contains,3746,1391
59281,contains,3742,1392
59282,contains,3742,1393
59283,contains,3742,1394
59284,contains,3742,1395
59285,contains,3742,1396
59286,contains,3742,1397
59287,contains,3742,1398
59288,contains,3742,1399
59289,contains,3742,1400
59290,contains,3742,1401
59291,contains,3742,1402
59292,contains,3742,1403
59293,contains,3742,1404
59294,contains,3742,1405
59295,contains,3742,1406
59296,contains,3742,1407
59297,contains,3742,1408
59298,contains,3742,1409
59299,contains,3742,1410
59300,contains,3742,1411
59301,contains,3742,1412
59302,contains,3742,1413
59303,contains,3742,1414
59304,contains,3742,1415
59305,contains,3742,1416
59306,contains,3742,1417
59307,contains,3742,1418
59308,contains,3742,1419
59309,contains,3742,1420
59310,contains,3742,1421
59311,contains,3742,1422
59312,contains,3742,1423
59313,contains,3742,1424
59314,contains,3742,1425
59315,contains,3742,1426
59316,contains,3742,1427
59317,contains,3742,1428
59318,contains,3742,1429
59319,contains,3742,1430
59320,contains,3742,1431
59321,contains,3742,1432
59322,contains,3747,1433
59323,contains,3744,1434
59324,contains,3744,1435
59325,contains,3744,1436
59326,contains,3744,1437
59327,contains,3744,1438
59328,contains,3744,1439
59329,contains,3744,1440
59330,contains,3744,1441
59331,contains,3744,1442
59332,contains,3744,1443
59333,contains,3744,1444
59334,contains,3744,1445
59335,contains,3744,1446
59336,contains,3744,1447
59337,contains,3744,1448
59338,contains,3744,1449
59339,contains,3744,1450
59340,contains,3744,1451
59341,contains,3744,1452
59342,contains,3742,1453
59343,contains,3742,1454
59344,contains,3744,1455
59345,contains,3744,1456
59346,contains,3744,1457
59347,contains,3747,1458
59348,contains,3747,1459
59349,contains,3747,1460
59350,contains,3747,1461
59351,contains,3747,1462
59352,contains,3747,1463
59353,contains,3747,1464
59354,contains,3747,1465
59355,contains,3747,1466
59356,contains,3747,1467
59357,contains,3747,1468
59358,contains,3747,1469
59359,contains,3747,1470
59360,contains,3747,1471
59361,contains,3747,1472
59362,contains,3747,1473
59363,contains,3746,1474
59364,contains,3746,1475
59365,contains,3746,1476
59366,contains,3746,1477
59367,contains,3746,1478
59368,contains,3746,1479
59369,contains,3746,1480
59370,contains,3746,1481
59371,contains,3746,1482
59372,contains,3746,1483
59373,contains,3746,1484
59374,contains,3746,1485
59375,contains,3746,1486
59376,contains,3746,1487
59377,contains,3746,1488
59378,contains,3746,1489
59379,contains,3746,1490
59380,contains,3746,1491
59381,contains,3746,1492
59382,contains,3746,1493
59383,contains,3746,1494
59384,contains,3746,1495
59385,contains,3746,1496
59386,contains,3746,1497
59387,contains,3746,1498
59388,contains,3746,1499
59389,contains,3746,1500
59390,contains,3746,1501
59391,contains,3746,1502
59392,contains,3746,1503
59393,contains,3746,1504
59394,contains,3746,1505
59395,contains,3746,1506
59396,contains,3746,1507
59397,contains,3746,1508
59398,contains,3746,1509
59399,contains,3746,1510
59400,contains,3746,1511
59401,contains,3746,1512
59402,contains,3746,1513
59403,contains,3746,1514
59404,contains,3746,1515
59405,contains,3746,1516
59406,contains,3746,1517
59407,contains,3746,1518
59408,contains,3746,1519
59409,contains,3746,1520
59410,contains,3746,1521
59411,contains,3746,1522
59412,contains,3746,1523
59413,contains,3746,1524
59414,contains,3746,1525
59415,contains,3746,1526
59416,contains,3746,1527
59417,contains,3746,1528
59418,contains,3746,1529
59419,contains,3746,1530
59420,contains,3746,1531
59421,contains,3744,1532
59422,contains,3746,1533
59423,contains,3744,1534
59424,contains,3744,1535
59425,contains,3744,1536
59426,contains,3744,1537
59427,contains,3744,1538
59428,contains,3744,1539
59429,contains,3744,1540
59430,contains,3744,1541
59431,contains,3744,1542
59432,contains,3744,1543
59433,contains,3744,1544
59434,contains,3744,1545
59435,contains,3744,1546
59436,contains,3744,1547
59437,contains,3744,1548
59438,contains,3744,1549
59439,contains,3744,1550
59440,contains,3744,1551
59441,contains,3744,1552
59442,contains,3744,1553
59443,contains,3744,1554
59444,contains,3744,1555
59445,contains,3744,1556
59446,contains,3745,1557
59447,contains,3745,1558
59448,contains,3745,1559
59449,contains,3745,1560
59450,contains,3745,1561
59451,contains,3745,1562
59452,contains,3745,1563
59453,contains,3745,1564
59454,contains,3745,1565
59455,contains,3745,1566
59456,contains,3745,1567
59457,contains,3745,1568
59458,contains,3745,1569
59459,contains,3745,1570
59460,contains,3745,1571
59461,contains,3745,1572
59462,contains,3745,1573
59463,contains,3745,1574
59464,contains,3745,1575
59465,contains,3745,1576
59466,contains,3745,1577
59467,contains,3745,1578
59468,contains,3745,1579
59469,contains,3745,1580
59470,contains,3745,1581
59471,contains,3745,1582
59472,contains,3745,1583
59473,contains,3745,1584
59474,contains,3745,1585
59475,contains,3745,1586
59476,contains,3745,1587
59477,contains,3745,1588
59478,contains,3745,1589
59479,contains,3745,1590
59480,contains,3745,1591
59481,contains,3745,1592
59482,contains,3745,1593
59483,contains,3745,1594
59484,contains,3745,1595
59485,contains,3745,1596
59486,contains,3745,1597
59487,contains,3745,1598
59488,contains,3745,1599
59489,contains,3745,1600
59490,contains,3745,1601
59491,contains,3745,1602
59492,contains,3745,1603
59493,contains,3745,1604
59494,contains,3745,1605
59495,contains,3745,1606
59496,contains,3745,1607
59497,contains,3745,1608
59498,contains,3745,1609
59499,contains,3745,1610
59500,contains,3745,1611
59501,contains,3745,1612
59502,contains,3745,1613
59503,contains,3745,1614
59504,contains,3745,1615
59505,contains,3745,1616
59506,contains,3745,1617
59507,contains,3745,1618
59508,contains,3745,1619
59509,contains,3745,1620
59510,contains,3745,1621
59511,contains,3745,1622
59512,contains,3745,1623
59513,contains,3745,1624
59514,contains,3745,1625
59515,contains,3745,1626
59516,contains,3745,1627
59517,contains,3745,1628
59518,contains,3745,1629
59519,contains,3745,1630
59520,contains,3745,1631
59521,contains,3745,1632
59522,contains,3745,1633
59523,contains,3745,1634
59524,contains,3744,1635
59525,contains,3744,1636
59526,contains,3744,1637
59527,contains,3744,1638
59528,contains,3744,1639
59529,contains,3742,1640
59530,contains,3742,1641
59531,contains,3742,1642
59532,contains,3742,1643
59533,contains,3742,1644
59534,contains,3742,1645
59535,contains,3742,1646
59536,contains,3742,1647
59537,contains,3742,1648
59538,contains,3742,1649
59539,contains,3742,1650
59540,contains,3742,1651
59541,contains,3742,1652
59542,contains,3742,1653
59543,contains,3742,1654
59544,contains,3742,1655
59545,contains,3742,1656
59546,contains,3742,1657
59547,contains,3742,1658
59548,contains,3742,1659
59549,contains,3745,1660
59550,contains,3744,1661
59551,contains,3742,1662
59552,contains,3747,1663
59553,contains,3743,1664
59554,contains,3743,1665
59555,contains,3743,1666
59556,contains,3743,1667
59557,contains,3743,1668
59558,contains,3743,1669
59559,contains,3743,1670
59560,contains,3743,1671
59561,contains,3743,1672
59562,contains,3742,1673
59563,contains,3742,1674
59564,contains,3742,1675
59565,contains,3742,1676
59566,contains,3742,1677
59567,contains,3742,1678
59568,contains,3742,1679
59569,contains,3742,1680
59570,contains,3745,1681
59571,contains,3746,1682
59572,contains,3746,1683
59573,contains,3746,1684
59574,contains,3746,1685
59575,contains,3746,1686
59576,contains,3746,1687
59577,contains,3743,1688
59578,contains,3743,1689
59579,contains,3743,1690
59580,contains,3743,1691
59581,contains,3743,1692
59582,contains,3743,1693
59583,contains,3743,1694
59584,contains,3743,1695
59585,contains,3743,1696
59586,contains,3743,1697
59587,contains,3743,1698
59588,contains,3743,1699
59589,contains,3743,1700
59590,contains,3743,1701
59591,contains,3743,1702
59592,contains,3743,1703
59593,contains,3743,1704
59594,contains,3743,1705
59595,contains,3743,1706
59596,contains,3743,1707
59597,contains,3743,1708
59598,contains,3743,1709
59599,contains,3743,1710
59600,contains,3743,1711
59601,contains,3743,1712
59602,contains,3743,1713
59603,contains,3743,1714
59604,contains,3743,1715
59605,contains,3743,1716
59606,contains,3743,1717
59607,contains,3743,1718
59608,contains,3743,1719
59609,contains,3743,1720
59610,contains,3743,1721
59611,contains,3743,1722
59612,contains,3743,1723
59613,contains,3743,1724
59614,contains,3743,1725
59615,contains,3743,1726
59616,contains,3743,1727
59617,contains,3743,1728
59618,contains,3742,1729
59619,contains,3742,1730
59620,contains,3742,1731
59621,contains,3742,1732
59622,contains,3742,1733
59623,contains,3742,1734
59624,contains,3742,1735
59625,contains,3742,1736
59626,contains,3742,1737
59627,contains,3743,1738
59628,contains,3743,1739
59629,contains,3743,1740
59630,contains,3743,1741
59631,contains,3743,1742
59632,contains,3742,1743
59633,contains,3742,1744
59634,contains,3742,1745
59635,contains,3742,1746
59636,contains,3742,1747
59637,contains,3742,1748
59638,contains,3742,1749
59639,contains,3742,1750
59640,contains,3742,1751
59641,contains,3742,1752
59642,contains,3742,1753
59643,contains,3742,1754
59644,contains,3742,1755
59645,contains,3742,1756
59646,contains,3742,1757
59647,contains,3742,1758
59648,contains,3742,1759
59649,contains,3742,1760
59650,contains,3742,1761
59651,contains,3742,1762
59652,contains,3742,1763
59653,contains,3742,1764
59654,contains,3742,1765
59655,contains,3742,1766
59656,contains,3743,1767
59657,contains,3744,1768
59658,contains,3744,1769
59659,contains,3744,1770
59660,contains,3744,1771
59661,contains,3744,1772
59662,contains,3747,1773
59663,contains,3747,1774
59664,contains,3747,1775
59665,contains,3747,1776
59666,contains,3747,1777
59667,contains,3747,1778
59668,contains,3747,1779
59669,contains,3747,1780
59670,contains,3747,1781
59671,contains,3747,1782
59672,contains,3747,1783
59673,contains,3747,1784
59674,contains,3747,1785
59675,contains,3747,1786
59676,contains,3747,1787
59677,contains,3747,1788
59678,contains,3747,1789
59679,contains,3747,1790
59680,contains,3747,1791
59681,contains,3747,1792
59682,contains,3747,1793
59683,contains,3747,1794
59684,contains,3747,1795
59685,contains,3747,1796
59686,contains,3747,1797
59687,contains,3747,1798
59688,contains,3747,1799
59689,contains,3747,1800
59690,contains,3747,1801
59691,contains,3747,1802
59692,contains,3747,1803
59693,contains,3747,1804
59694,contains,3747,1805
59695,contains,3747,1806
59696,contains,3747,1807
59697,contains,3747,1808
59698,contains,3747,1809
59699,contains,3747,1810
59700,contains,3744,1811
59701,contains,3744,1812
59702,contains,3745,1813
59703,contains,3747,1814
59704,contains,3744,1815
59705,contains,3744,1816
59706,contains,3744,1817
59707,contains,3744,1818
59708,contains,3744,1819
59709,contains,3744,1820
59710,contains,3744,1821
59711,contains,3744,1822
59712,contains,3744,1823
59713,contains,3746,1824
59714,contains,3746,1825
59715,contains,3746,1826
59716,contains,3746,1827
59717,contains,3746,1828
59718,contains,3746,1829
59719,contains,3746,1830
59720,contains,3746,1831
59721,contains,3746,1832
59722,contains,3744,1833
59723,contains,3744,1834
59724,contains,3744,1835
59725,contains,3744,1836
59726,contains,3744,1837
59727,contains,3744,1838
59728,contains,3744,1839
59729,contains,3744,1840
59730,contains,3744,1841
59731,contains,3744,1842
59732,contains,3744,1843
59733,contains,3744,1844
59734,contains,3744,1845
59735,contains,3744,1846
59736,contains,3744,1847
59737,contains,3744,1848
59738,contains,3744,1849
59739,contains,3744,1850
59740,contains,3744,1851
59741,contains,3744,1852
59742,contains,3744,1853
59743,contains,3744,1854
59744,contains,3744,1855
59745,contains,3744,1856
59746,contains,3744,1857
59747,contains,3744,1858
59748,contains,3744,1859
59749,contains,3744,1860
59750,contains,3744,1861
59751,contains,3744,1862
59752,contains,3744,1863
59753,contains,3744,1864
59754,contains,3744,1865
59755,contains,3744,1866
59756,contains,3744,1867
59757,contains,3744,1868
59758,contains,3744,1869
59759,contains,3744,1870
59760,contains,3744,1871
59761,contains,3744,1872
59762,contains,3744,1873
59763,contains,3744,1874
59764,contains,3744,1875
59765,contains,3744,1876
59766,contains,3744,1877
59767,contains,3744,1878
59768,contains,3744,1879
59769,contains,3744,1880
59770,contains,3744,1881
59771,contains,3744,1882
59772,contains,3744,1883
59773,contains,3744,1884
59774,contains,3744,1885
59775,contains,3744,1886
59776,contains,3744,1887
59777,contains,3744,1888
59778,contains,3743,1889
59779,contains,3743,1890
59780,contains,3743,1891
59781,contains,3743,1892
59782,contains,3743,1893
59783,contains,3743,1894
59784,contains,3743,1895
59785,contains,3743,1896
59786,contains,3743,1897
59787,contains,3743,1898
59788,contains,3743,1899
59789,contains,3743,1900
59790,contains,3743,1901
59791,contains,3743,1902
59792,contains,3743,1903
59793,contains,3743,1904
59794,contains,3743,1905
59795,contains,3743,1906
59796,contains,3743,1907
59797,contains,3743,1908
59798,contains,3743,1909
59799,contains,3743,1910
59800,contains,3743,1911
59801,contains,3743,1912
59802,contains,3743,1913
59803,contains,3743,1914
59804,contains,3743,1915
59805,contains,3743,1916
59806,contains,3743,1917
59807,contains,3743,1918
59808,contains,3743,1919
59809,contains,3743,1920
59810,contains,3743,1921
59811,contains,3743,1922
59812,contains,3743,1923
59813,contains,3742,1924
59814,contains,3742,1925
59815,contains,3742,1926
59816,contains,3742,1927
59817,contains,3742,1928
59818,contains,3742,1929
59819,contains,3742,1930
59820,contains,3742,1931
59821,contains,3742,1932
59822,contains,3742,1933
59823,contains,3742,1934
59824,contains,3742,1935
59825,contains,3742,1936
59826,contains,3742,1937
59827,contains,3742,1938
59828,contains,3742,1939
59829,contains,3742,1940
59830,contains,3742,1941
59831,contains,3742,1942
59832,contains,3742,1943
59833,contains,3742,1944
59834,contains,3742,1945
59835,contains,3742,1946
59836,contains,3742,1947
59837,contains,3742,1948
59838,contains,3742,1949
59839,contains,3742,1950
59840,contains,3742,1951
59841,contains,3742,1952
59842,contains,3742,1953
59843,contains,3742,1954
59844,contains,3742,1955
59845,contains,3742,1956
59846,contains,3742,1957
59847,contains,3742,1958
59848,contains,3742,1959
59849,contains,3742,1960
59850,contains,3742,1961
59851,contains,3742,1962
59852,contains,3742,1963
59853,contains,3742,1964
59854,contains,3742,1965
59855,contains,3742,1966
59856,contains,3742,1967
59857,contains,3743,1968
59858,contains,3743,1969
59859,contains,3743,1970
59860,contains,3743,1971
59861,contains,3743,1972
59862,contains,3743,1973
59863,contains,3743,1974
59864,contains,3743,1975
59865,contains,3743,1976
59866,contains,3743,1977
59867,contains,3743,1978
59868,contains,3743,1979
59869,contains,3743,1980
59870,contains,3743,1981
59871,contains,3743,1982
59872,contains,3743,1983
59873,contains,3743,1984
59874,contains,3743,1985
59875,contains,3743,1986
59876,contains,3743,1987
59877,contains,3743,1988
59878,contains,3743,1989
59879,contains,3743,1990
59880,contains,3743,1991
59881,contains,3743,1992
59882,contains,3743,1993
59883,contains,3743,1994
59884,contains,3743,1995
59885,contains,3743,1996
59886,contains,3743,1997
59887,contains,3743,1998
59888,contains,3743,1999
59889,contains,3743,2000
59890,contains,3743,2001
59891,contains,3743,2002
59892,contains,3743,2003
59893,contains,3743,2004
59894,contains,3743,2005
59895,contains,3743,2006
59896,contains,3743,2007
59897,contains,3743,2008
59898,contains,3743,2009
59899,contains,3743,2010
59900,contains,3743,2011
59901,contains,3743,2012
59902,contains,3743,2013
59903,contains,3743,2014
59904,contains,3743,2015
59905,contains,3743,2016
59906,contains,3742,2017
59907,contains,3742,2018
59908,contains,3743,2019
59909,contains,3743,2020
59910,contains,3743,2021
59911,contains,3743,2022
59912,contains,3743,2023
59913,contains,3744,2024
59914,contains,3743,2025
59915,contains,3743,2026
59916,contains,3743,2027
59917,contains,3743,2028
59918,contains,3743,2029
59919,contains,3743,2030
59920,contains,3743,2031
59921,contains,3743,2032
59922,contains,3743,2033
59923,contains,3743,2034
59924,contains,3743,2035
59925,contains,3743,2036
59926,contains,3743,2037
59927,contains,3743,2038
59928,contains,3743,2039
59929,contains,3743,2040
59930,contains,3743,2041
59931,contains,3743,2042
59932,contains,3743,2043
59933,contains,3743,2044
59934,contains,3743,2045
59935,contains,3743,2046
59936,contains,3743,2047
59937,contains,3744,2048
59938,contains,3743,2049
59939,contains,3743,2050
59940,contains,3743,2051
59941,contains,3743,2052
59942,contains,3743,2053
59943,contains,3743,2054
59944,contains,3743,2055
59945,contains,3743,2056
59946,contains,3743,2057
59947,contains,3743,2058
59948,contains,3743,2059
59949,contains,3743,2060
59950,contains,3743,2061
59951,contains,3743,2062
59952,contains,3743,2063
59953,contains,3743,2064
59954,contains,3743,2065
59955,contains,3743,2066
59956,contains,3743,2067
59957,contains,3743,2068
59958,contains,3746,2069
59959,contains,3746,2070
59960,contains,3746,2071
59961,contains,3746,2072
59962,contains,3744,2073
59963,contains,3744,2074
59964,contains,3744,2075
59965,contains,3744,2076
59966,contains,3744,2077
59967,contains,3744,2078
59968,contains,3744,2079
59969,contains,3744,2080
59970,contains,3744,2081
59971,contains,3744,2082
59972,contains,3744,2083
59973,contains,3744,2084
59974,contains,3744,2085
59975,contains,3744,2086
59976,contains,3744,2087
59977,contains,3744,2088
59978,contains,3744,2089
59979,contains,3744,2090
59980,contains,3744,2091
59981,contains,3744,2092
59982,contains,3744,2093
59983,contains,3744,2094
59984,contains,3744,2095
59985,contains,3744,2096
59986,contains,3744,2097
59987,contains,3744,2098
59988,contains,3744,2099
59989,contains,3744,2100
59990,contains,3744,2101
59991,contains,3744,2102
59992,contains,3744,2103
59993,contains,3744,2104
59994,contains,3744,2105
59995,contains,3744,2106
59996,contains,3744,2107
59997,contains,3744,2108
59998,contains,3744,2109
59999,contains,3746,2110
60000,contains,3746,2111
60001,contains,3742,2112
60002,contains,3742,2113
60003,contains,3742,2114
60004,contains,3742,2115
60005,contains,3742,2116
60006,contains,3742,2117
60007,contains,3742,2118
60008,contains,3742,2119
60009,contains,3742,2120
60010,contains,3742,2121
60011,contains,3742,2122
60012,contains,3742,2123
60013,contains,3746,2124
60014,contains,3742,2125
60015,contains,3742,2126
60016,contains,3742,2127
60017,contains,3742,2128
60018,contains,3742,2129
60019,contains,3742,2130
60020,contains,3742,2131
60021,contains,3742,2132
60022,contains,3742,2133
60023,contains,3742,2134
60024,contains,3742,2135
60025,contains,3742,2136
60026,contains,3742,2137
60027,contains,3746,2138
60028,contains,3746,2139
60029,contains,3746,2140
60030,contains,3746,2141
60031,contains,3746,2142
60032,contains,3746,2143
60033,contains,3746,2144
60034,contains,3746,2145
60035,contains,3746,2146
60036,contains,3746,2147
60037,contains,3746,2148
60038,contains,3742,2149
60039,contains,3746,2150
60040,contains,3746,2151
60041,contains,3746,2152
60042,contains,3746,2153
60043,contains,3746,2154
60044,contains,3746,2155
60045,contains,3746,2156
60046,contains,3746,2157
60047,contains,3746,2158
60048,contains,3746,2159
60049,contains,3746,2160
60050,contains,3746,2161
60051,contains,3746,2162
60052,contains,3746,2163
60053,contains,3746,2164
60054,contains,3746,2165
60055,contains,3746,2166
60056,contains,3743,2167
60057,contains,3743,2168
60058,contains,3744,2169
60059,contains,3744,2170
60060,contains,3744,2171
60061,contains,3744,2172
60062,contains,3744,2173
60063,contains,3744,2174
60064,contains,3746,2175
60065,contains,3744,2176
60066,contains,3744,2177
60067,contains,3744,2178
60068,contains,3744,2179
60069,contains,3746,2180
60070,contains,3744,2181
60071,contains,3744,2182
60072,contains,3744,2183
60073,contains,3744,2184
60074,contains,3744,2185
60075,contains,3744,2186
60076,contains,3744,2187
60077,contains,3744,2188
60078,contains,3744,2189
60079,contains,3744,2190
60080,contains,3744,2191
60081,contains,3744,2192
60082,contains,3744,2193
60083,contains,3744,2194
60084,contains,3744,2195
60085,contains,3744,2196
60086,contains,3744,2197
60087,contains,3744,2198
60088,contains,3744,2199
60089,contains,3744,2200
60090,contains,3744,2201
60091,contains,3747,2202
60092,contains,3747,2203
60093,contains,3747,2204
60094,contains,3747,2205
60095,contains,3747,2206
60096,contains,3747,2207
60097,contains,3746,2208
60098,contains,3747,2209
60099,contains,3747,2210
60100,contains,3747,2211
60101,contains,3747,2212
60102,contains,3747,2213
60103,contains,3747,2214
60104,contains,3747,2215
60105,contains,3743,2216
60106,contains,3743,2217
60107,contains,3747,2218
60108,contains,3747,2219
60109,contains,3747,2220
60110,contains,3747,2221
60111,contains,3747,2222
60112,contains,3747,2223
60113,contains,3747,2224
60114,contains,3747,2225
60115,contains,3747,2226
60116,contains,3747,2227
60117,contains,3747,2228
60118,contains,3747,2229
60119,contains,3747,2230
60120,contains,3747,2231
60121,contains,3747,2232
60122,contains,3747,2233
60123,contains,3747,2234
60124,contains,3747,2235
60125,contains,3747,2236
60126,contains,3747,2237
60127,contains,3747,2238
60128,contains,3747,2239
60129,contains,3747,2240
60130,contains,3747,2241
60131,contains,3747,2242
60132,contains,3747,2243
60133,contains,3747,2244
60134,contains,3747,2245
60135,contains,3747,2246
60136,contains,3747,2247
60137,contains,3747,2248
60138,contains,3747,2249
60139,contains,3747,2250
60140,contains,3747,2251
60141,contains,3747,2252
60142,contains,3747,2253
60143,contains,3747,2254
60144,contains,3747,2255
60145,contains,3747,2256
60146,contains,3747,2257
60147,contains,3747,2258
60148,contains,3747,2259
60149,contains,3746,2260
60150,contains,3746,2261
60151,contains,3746,2262
60152,contains,3746,2263
60153,contains,3746,2264
60154,contains,3746,2265
60155,contains,3746,2266
60156,contains,3746,2267
60157,contains,3746,2268
60158,contains,3746,2269
60159,contains,3746,2270
60160,contains,3746,2271
60161,contains,3746,2272
60162,contains,3746,2273
60163,contains,3746,2274
60164,contains,3746,2275
60165,contains,3746,2276
60166,contains,3746,2277
60167,contains,3746,2278
60168,contains,3746,2279
60169,contains,3746,2280
60170,contains,3746,2281
60171,contains,3746,2282
60172,contains,3746,2283
60173,contains,3746,2284
60174,contains,3746,2285
60175,contains,3746,2286
60176,contains,3746,2287
60177,contains,3746,2288
60178,contains,3746,2289
60179,contains,3746,2290
60180,contains,3746,2291
60181,contains,3746,2292
60182,contains,3746,2293
60183,contains,3746,2294
60184,contains,3746,2295
60185,contains,3746,2296
60186,contains,3746,2297
60187,contains,3746,2298
60188,contains,3746,2299
60189,contains,3746,2300
60190,contains,3746,2301
60191,contains,3746,2302
60192,contains,3746,2303
60193,contains,3746,2304
60194,contains,3746,2305
60195,contains,3746,2306
60196,contains,3746,2307
60197,contains,3746,2308
60198,contains,3746,2309
60199,contains,3746,2310
60200,contains,3746,2311
60201,contains,3746,2312
60202,contains,3744,2313
60203,contains,3746,2314
60204,contains,3746,2315
60205,contains,3746,2316
60206,contains,3746,2317
60207,contains,3746,2318
60208,contains,3746,2319
60209,contains,3744,2320
60210,contains,3744,2321
60211,contains,3744,2322
60212,contains,3744,2323
60213,contains,3744,2324
60214,contains,3744,2325
60215,contains,3744,2326
60216,contains,3744,2327
60217,contains,3744,2328
60218,contains,3744,2329
60219,contains,3744,2330
60220,contains,3744,2331
60221,contains,3744,2332
60222,contains,3744,2333
60223,contains,3744,2334
60224,contains,3744,2335
60225,contains,3744,2336
60226,contains,3744,2337
60227,contains,3744,2338
60228,contains,3744,2339
60229,contains,3744,2340
60230,contains,3744,2341
60231,contains,3744,2342
60232,contains,3744,2343
60233,contains,3744,2344
60234,contains,3744,2345
60235,contains,3744,2346
60236,contains,3744,2347
60237,contains,3744,2348
60238,contains,3744,2349
60239,contains,3744,2350
60240,contains,3744,2351
60241,contains,3744,2352
60242,contains,3744,2353
60243,contains,3744,2354
60244,contains,3744,2355
60245,contains,3744,2356
60246,contains,3744,2357
60247,contains,3744,2358
60248,contains,3744,2359
60249,contains,3744,2360
60250,contains,3744,2361
60251,contains,3744,2362
60252,contains,3744,2363
60253,contains,3744,2364
60254,contains,3744,2365
60255,contains,3744,2366
60256,contains,3744,2367
60257,contains,3744,2368
60258,contains,3744,2369
60259,contains,3744,2370
60260,contains,3744,2371
60261,contains,3744,2372
60262,contains,3744,2373
60263,contains,3744,2374
60264,contains,3744,2375
60265,contains,3744,2376
60266,contains,3744,2377
60267,contains,3744,2378
60268,contains,3744,2379
60269,contains,3744,2380
60270,contains,3744,2381
60271,contains,3744,2382
60272,contains,3744,2383
60273,contains,3744,2384
60274,contains,3744,2385
60275,contains,3744,2386
60276,contains,3744,2387
60277,contains,3744,2388
60278,contains,3744,2389
60279,contains,3747,2390
60280,contains,3747,2391
60281,contains,3746,2392
60282,contains,3744,2393
60283,contains,3744,2394
60284,contains,3747,2395
60285,contains,3744,2396
60286,contains,3747,2397
60287,contains,3747,2398
60288,contains,3746,2399
60289,contains,3746,2400
60290,contains,3746,2401
60291,contains,3746,2402
60292,contains,3746,2403
60293,contains,3746,2404
60294,contains,3746,2405
60295,contains,3746,2406
60296,contains,3746,2407
60297,contains,3746,2408
60298,contains,3746,2409
60299,contains,3746,2410
60300,contains,3746,2411
60301,contains,3746,2412
60302,contains,3746,2413
60303,contains,3746,2414
60304,contains,3746,2415
60305,contains,3746,2416
60306,contains,3746,2417
60307,contains,3746,2418
60308,contains,3746,2419
60309,contains,3744,2420
60310,contains,3746,2421
60311,contains,3746,2422
60312,contains,3746,2423
60313,contains,3746,2424
60314,contains,3746,2425
60315,contains,3746,2426
60316,contains,3746,2427
60317,contains,3746,2428
60318,contains,3746,2429
60319,contains,3746,2430
60320,contains,3746,2431
60321,contains,3746,2432
60322,contains,3746,2433
60323,contains,3746,2434
60324,contains,3746,2435
60325,contains,3746,2436
60326,contains,3746,2437
60327,contains,3746,2438
60328,contains,3746,2439
60329,contains,3746,2440
60330,contains,3746,2441
60331,contains,3746,2442
60332,contains,3746,2443
60333,contains,3746,2444
60334,contains,3746,2445
60335,contains,3746,2446
60336,contains,3746,2447
60337,contains,3746,2448
60338,contains,3746,2449
60339,contains,3746,2450
60340,contains,3746,2451
60341,contains,3746,2452
60342,contains,3742,2453
60343,contains,3742,2454
60344,contains,3745,2455
60345,contains,3745,2456
60346,contains,3745,2457
60347,contains,3745,2458
60348,contains,3745,2459
60349,contains,3745,2460
60350,contains,3745,2461
60351,contains,3745,2462
60352,contains,3745,2463
60353,contains,3745,2464
60354,contains,3745,2465
60355,contains,3745,2466
60356,contains,3745,2467
60357,contains,3745,2468
60358,contains,3745,2469
60359,contains,3745,2470
60360,contains,3745,2471
60361,contains,3745,2472
60362,contains,3745,2473
60363,contains,3745,2474
60364,contains,3745,2475
60365,contains,3745,2476
60366,contains,3745,2477
60367,contains,3745,2478
60368,contains,3745,2479
60369,contains,3745,2480
60370,contains,3745,2481
60371,contains,3745,2482
60372,contains,3745,2483
60373,contains,3745,2484
60374,contains,3745,2485
60375,contains,3745,2486
60376,contains,3745,2487
60377,contains,3745,2488
60378,contains,3745,2489
60379,contains,3745,2490
60380,contains,3745,2491
60381,contains,3745,2492
60382,contains,3745,2493
60383,contains,3745,2494
60384,contains,3745,2495
60385,contains,3745,2496
60386,contains,3745,2497
60387,contains,3745,2498
60388,contains,3745,2499
60389,contains,3745,2500
60390,contains,3745,2501
60391,contains,3745,2502
60392,contains,3745,2503
60393,contains,3745,2504
60394,contains,3745,2505
60395,contains,3745,2506
60396,contains,3745,2507
60397,contains,3745,2508
60398,contains,3745,2509
60399,contains,3745,2510
60400,contains,3745,2511
60401,contains,3745,2512
60402,contains,3745,2513
60403,contains,3745,2514
60404,contains,3745,2515
60405,contains,3745,2516
60406,contains,3745,2517
60407,contains,3745,2518
60408,contains,3745,2519
60409,contains,3745,2520
60410,contains,3745,2521
60411,contains,3745,2522
60412,contains,3745,2523
60413,contains,3745,2524
60414,contains,3746,2525
60415,contains,3745,2526
60416,contains,3745,2527
60417,contains,3745,2528
60418,contains,3745,2529
60419,contains,3745,2530
60420,contains,3745,2531
60421,contains,3745,2532
60422,contains,3745,2533
60423,contains,3745,2534
60424,contains,3745,2535
60425,contains,3745,2536
60426,contains,3745,2537
60427,contains,3745,2538
60428,contains,3745,2539
60429,contains,3745,2540
60430,contains,3745,2541
60431,contains,3745,2542
60432,contains,3745,2543
60433,contains,3745,2544
60434,contains,3745,2545
60435,contains,3745,2546
60436,contains,3745,2547
60437,contains,3745,2548
60438,contains,3745,2549
60439,contains,3745,2550
60440,contains,3745,2551
60441,contains,3745,2552
60442,contains,3745,2553
60443,contains,3745,2554
60444,contains,3745,2555
60445,contains,3745,2556
60446,contains,3745,2557
60447,contains,3745,2558
60448,contains,3745,2559
60449,contains,3745,2560
60450,contains,3745,2561
60451,contains,3745,2562
60452,contains,3745,2563
60453,contains,3745,2564
60454,contains,3745,2565
60455,contains,3745,2566
60456,contains,3745,2567
60457,contains,3745,2568
60458,contains,3745,2569
60459,contains,3745,2570
60460,contains,3745,2571
60461,contains,3745,2572
60462,contains,3745,2573
60463,contains,3745,2574
60464,contains,3745,2575
60465,contains,3745,2576
60466,contains,3745,2577
60467,contains,3745,2578
60468,contains,3745,2579
60469,contains,3745,2580
60470,contains,3745,2581
60471,contains,3745,2582
60472,contains,3745,2583
60473,contains,3745,2584
60474,contains,3745,2585
60475,contains,3745,2586
60476,contains,3745,2587
60477,contains,3745,2588
60478,contains,3745,2589
60479,contains,3745,2590
60480,contains,3745,2591
60481,contains,3745,2592
60482,contains,3745,2593
60483,contains,3745,2594
60484,contains,3745,2595
60485,contains,3745,2596
60486,contains,3745,2597
60487,contains,3745,2598
60488,contains,3745,2599
60489,contains,3745,2600
60490,contains,3744,2601
60491,contains,3745,2602
60492,contains,3745,2603
60493,contains,3745,2604
60494,contains,3745,2605
60495,contains,3745,2606
60496,contains,3745,2607
60497,contains,3745,2608
60498,contains,3745,2609
60499,contains,3745,2610
60500,contains,3745,2611
60501,contains,3745,2612
60502,contains,3745,2613
60503,contains,3745,2614
60504,contains,3745,2615
60505,contains,3744,2616
60506,contains,3745,2617
60507,contains,3744,2618
60508,contains,3744,2619
60509,contains,3744,2620
60510,contains,3744,2621
60511,contains,3744,2622
60512,contains,3744,2623
60513,contains,3746,2624
60514,contains,3746,2625
60515,contains,3744,2626
60516,contains,3746,2627
60517,contains,3746,2628
60518,contains,3746,2629
60519,contains,3746,2630
60520,contains,3746,2631
60521,contains,3746,2632
60522,contains,3746,2633
60523,contains,3746,2634
60524,contains,3746,2635
60525,contains,3746,2636
60526,contains,3746,2637
60527,contains,3746,2638
60528,contains,3746,2639
60529,contains,3746,2640
60530,contains,3746,2641
60531,contains,3746,2642
60532,contains,3746,2643
60533,contains,3746,2644
60534,contains,3746,2645
60535,contains,3746,2646
60536,contains,3746,2647
60537,contains,3746,2648
60538,contains,3746,2649
60539,contains,3746,2650
60540,contains,3746,2651
60541,contains,3746,2652
60542,contains,3746,2653
60543,contains,3746,2654
60544,contains,3746,2655
60545,contains,3746,2656
60546,contains,3746,2657
60547,contains,3746,2658
60548,contains,3746,2659
60549,contains,3746,2660
60550,contains,3746,2661
60551,contains,3746,2662
60552,contains,3746,2663
60553,contains,3746,2664
60554,contains,3746,2665
60555,contains,3746,2666
60556,contains,3746,2667
60557,contains,3742,2668
60558,contains,3742,2669
60559,contains,3742,2670
60560,contains,3742,2671
60561,contains,3742,2672
60562,contains,3742,2673
60563,contains,3742,2674
60564,contains,3746,2675
60565,contains,3742,2676
60566,contains,3742,2677
60567,contains,3742,2678
60568,contains,3742,2679
60569,contains,3746,2680
60570,contains,3746,2681
60571,contains,3746,2682
60572,contains,3746,2683
60573,contains,3746,2684
60574,contains,3746,2685
60575,contains,3746,2686
60576,contains,3746,2687
60577,contains,3746,2688
60578,contains,3746,2689
60579,contains,3746,2690
60580,contains,3742,2691
60581,contains,3742,2692
60582,contains,3742,2693
60583,contains,3742,2694
60584,contains,3742,2695
60585,contains,3742,2696
60586,contains,3742,2697
60587,contains,3742,2698
60588,contains,3742,2699
60589,contains,3742,2700
60590,contains,3746,2701
60591,contains,3746,2702
60592,contains,3746,2703
60593,contains,3746,2704
60594,contains,3746,2705
60595,contains,3746,2706
60596,contains,3742,2707
60597,contains,3742,2708
60598,contains,3746,2709
60599,contains,3746,2710
60600,contains,3746,2711
60601,contains,3746,2712
60602,contains,3746,2713
60603,contains,3746,2714
60604,contains,3746,2715
60605,contains,3746,2716
60606,contains,3746,2717
60607,contains,3746,2718
60608,contains,3746,2719
60609,contains,3746,2720
60610,contains,3746,2721
60611,contains,3746,2722
60612,contains,3746,2723
60613,contains,3746,2724
60614,contains,3746,2725
60615,contains,3746,2726
60616,contains,3746,2727
60617,contains,3746,2728
60618,contains,3742,2729
60619,contains,3742,2730
60620,contains,3742,2731
60621,contains,3742,2732
60622,contains,3742,2733
60623,contains,3746,2734
60624,contains,3742,2735
60625,contains,3742,2736
60626,contains,3742,2737
60627,contains,3742,2738
60628,contains,3742,2739
60629,contains,3742,2740
60630,contains,3742,2741
60631,contains,3742,2742
60632,contains,3742,2743
60633,contains,3742,2744
60634,contains,3746,2745
60635,contains,3746,2746
60636,contains,3746,2747
60637,contains,3746,2748
60638,contains,3746,2749
60639,contains,3746,2750
60640,contains,3746,2751
60641,contains,3746,2752
60642,contains,3746,2753
60643,contains,3746,2754
60644,contains,3746,2755
60645,contains,3746,2756
60646,contains,3746,2757
60647,contains,3746,2758
60648,contains,3746,2759
60649,contains,3746,2760
60650,contains,3746,2761
60651,contains,3746,2762
60652,contains,3746,2763
60653,contains,3746,2764
60654,contains,3746,2765
60655,contains,3746,2766
60656,contains,3746,2767
60657,contains,3746,2768
60658,contains,3746,2769
60659,contains,3746,2770
60660,contains,3746,2771
60661,contains,3746,2772
60662,contains,3746,2773
60663,contains,3746,2774
60664,contains,3746,2775
60665,contains,3746,2776
60666,contains,3746,2777
60667,contains,3746,2778
60668,contains,3746,2779
60669,contains,3746,2780
60670,contains,3746,2781
60671,contains,3746,2782
60672,contains,3746,2783
60673,contains,3746,2784
60674,contains,3746,2785
60675,contains,3746,2786
60676,contains,3746,2787
60677,contains,3746,2788
60678,contains,3746,2789
60679,contains,3746,2790
60680,contains,3746,2791
60681,contains,3746,2792
60682,contains,3746,2793
60683,contains,3746,2794
60684,contains,3746,2795
60685,contains,3746,2796
60686,contains,3746,2797
60687,contains,3746,2798
60688,contains,3746,2799
60689,contains,3746,2800
60690,contains,3746,2801
60691,contains,3746,2802
60692,contains,3746,2803
60693,contains,3746,2804
60694,contains,3746,2805
60695,contains,3746,2806
60696,contains,3746,2807
60697,contains,3746,2808
60698,contains,3746,2809
60699,contains,3746,2810
60700,contains,3746,2811
60701,contains,3746,2812
60702,contains,3746,2813
60703,contains,3746,2814
60704,contains,3746,2815
60705,contains,3746,2816
60706,contains,3746,2817
60707,contains,3746,2818
60708,contains,3746,2819
60709,contains,3746,2820
60710,contains,3746,2821
60711,contains,3746,2822
60712,contains,3746,2823
60713,contains,3746,2824
60714,contains,3746,2825
60715,contains,3746,2826
60716,contains,3746,2827
60717,contains,3746,2828
60718,contains,3746,2829
60719,contains,3746,2830
60720,contains,3746,2831
60721,contains,3746,2832
60722,contains,3746,2833
60723,contains,3746,2834
60724,contains,3746,2835
60725,contains,3746,2836
60726,contains,3746,2837
60727,contains,3746,2838
60728,contains,3746,2839
60729,contains,3746,2840
60730,contains,3746,2841
60731,contains,3746,2842
60732,contains,3746,2843
60733,contains,3746,2844
60734,contains,3746,2845
60735,contains,3746,2846
60736,contains,3746,2847
60737,contains,3746,2848
60738,contains,3746,2849
60739,contains,3746,2850
60740,contains,3746,2851
60741,contains,3746,2852
60742,contains,3746,2853
60743,contains,3746,2854
60744,contains,3746,2855
60745,contains,3746,2856
60746,contains,3746,2857
60747,contains,3746,2858
60748,contains,3746,2859
60749,contains,3746,2860
60750,contains,3746,2861
60751,contains,3746,2862
60752,contains,3746,2863
60753,contains,3746,2864
60754,contains,3746,2865
60755,contains,3746,2866
60756,contains,3746,2867
60757,contains,3746,2868
60758,contains,3746,2869
60759,contains,3746,2870
60760,contains,3746,2871
60761,contains,3746,2872
60762,contains,3746,2873
60763,contains,3744,2874
60764,contains,3746,2875
60765,contains,3746,2876
60766,contains,3746,2877
60767,contains,3746,2878
60768,contains,3746,2879
60769,contains,3746,2880
60770,contains,3746,2881
60771,contains,3746,2882
60772,contains,3746,2883
60773,contains,3746,2884
60774,contains,3746,2885
60775,contains,3746,2886
60776,contains,3746,2887
60777,contains,3746,2888
60778,contains,3746,2889
60779,contains,3746,2890
60780,contains,3746,2891
60781,contains,3746,2892
60782,contains,3746,2893
60783,contains,3746,2894
60784,contains,3746,2895
60785,contains,3746,2896
60786,contains,3746,2897
60787,contains,3746,2898
60788,contains,3746,2899
60789,contains,3746,2900
60790,contains,3746,2901
60791,contains,3746,2902
60792,contains,3746,2903
60793,contains,3746,2904
60794,contains,3746,2905
60795,contains,3747,2906
60796,contains,3747,2907
60797,contains,3747,2908
60798,contains,3747,2909
60799,contains,3747,2910
60800,contains,3747,2911
60801,contains,3747,2912
60802,contains,3747,2913
60803,contains,3747,2914
60804,contains,3747,2915
60805,contains,3747,2916
60806,contains,3747,2917
60807,contains,3747,2918
60808,contains,3747,2919
60809,contains,3747,2920
60810,contains,3747,2921
60811,contains,3747,2922
60812,contains,3747,2923
60813,contains,3747,2924
60814,contains,3747,2925
60815,contains,3747,2926
60816,contains,3746,2927
60817,contains,3747,2928
60818,contains,3747,2929
60819,contains,3747,2930
60820,contains,3747,2931
60821,contains,3747,2932
60822,contains,3747,2933
60823,contains,3744,2934
60824,contains,3746,2935
60825,contains,3746,2936
60826,contains,3746,2937
60827,contains,3746,2938
60828,contains,3746,2939
60829,contains,3746,2940
60830,contains,3746,2941
60831,contains,3746,2942
60832,contains,3746,2943
60833,contains,3746,2944
60834,contains,3746,2945
60835,contains,3746,2946
60836,contains,3746,2947
60837,contains,3746,2948
60838,contains,3746,2949
60839,contains,3746,2950
60840,contains,3746,2951
60841,contains,3746,2952
60842,contains,3746,2953
60843,contains,3746,2954
60844,contains,3746,2955
60845,contains,3746,2956
60846,contains,3746,2957
60847,contains,3746,2958
60848,contains,3746,2959
60849,contains,3746,2960
60850,contains,3746,2961
60851,contains,3746,2962
60852,contains,3746,2963
60853,contains,3746,2964
60854,contains,3746,2965
60855,contains,3746,2966
60856,contains,3746,2967
60857,contains,3746,2968
60858,contains,3746,2969
60859,contains,3746,2970
60860,contains,3746,2971
60861,contains,3746,2972
60862,contains,3746,2973
60863,contains,3746,2974
60864,contains,3746,2975
60865,contains,3746,2976
60866,contains,3746,2977
60867,contains,3746,2978
60868,contains,3746,2979
60869,contains,3746,2980
60870,contains,3746,2981
60871,contains,3745,2982
60872,contains,3744,2983
60873,contains,3744,2984
60874,contains,3744,2985
60875,contains,3743,2986
60876,contains,3744,2987
60877,contains,3743,2988
60878,contains,3743,2989
60879,contains,3744,2990
60880,contains,3744,2991
60881,contains,3743,2992
60882,contains,3744,2993
60883,contains,3744,2994
60884,contains,3744,2995
60885,contains,3744,2996
60886,contains,3745,2997
60887,contains,3744,2998
60888,contains,3747,2999
60889,contains,3747,3000
60890,contains,3745,3001
60891,contains,3747,3002
60892,contains,3744,3003
60893,contains,3744,3004
60894,contains,3744,3005
60895,contains,3744,3006
60896,contains,3744,3007
60897,contains,3744,3008
60898,contains,3744,3009
60899,contains,3747,3010
60900,contains,3744,3011
60901,contains,3744,3012
60902,contains,3744,3013
60903,contains,3744,3014
60904,contains,3747,3015
60905,contains,3744,3016
60906,contains,3742,3017
60907,contains,3742,3018
60908,contains,3744,3019
60909,contains,3746,3020
60910,contains,3746,3021
60911,contains,3746,3022
60912,contains,3746,3023
60913,contains,3746,3024
60914,contains,3746,3025
60915,contains,3746,3026
60916,contains,3743,3027
60917,contains,3744,3028
60918,contains,3742,3029
60919,contains,3746,3030
60920,contains,3746,3031
60921,contains,3746,3032
60922,contains,3746,3033
60923,contains,3746,3034
60924,contains,3746,3035
60925,contains,3745,3036
60926,contains,3745,3037
60927,contains,3745,3038
60928,contains,3743,3039
60929,contains,3744,3040
60930,contains,3746,3041
60931,contains,3746,3042
60932,contains,3746,3043
60933,contains,3746,3044
60934,contains,3746,3045
60935,contains,3744,3046
60936,contains,3746,3047
60937,contains,3746,3048
60938,contains,3744,3049
60939,contains,3744,3050
60940,contains,3744,3051
60941,contains,3742,3052
60942,contains,3742,3053
60943,contains,3742,3054
60944,contains,3744,3055
60945,contains,3744,3056
60946,contains,3743,3057
60947,contains,3746,3058
60948,contains,3746,3059
60949,contains,3747,3060
60950,contains,3747,3061
60951,contains,3746,3062
60952,contains,3743,3063
60953,contains,3745,3064
60954,contains,3746,3065
60955,contains,3744,3066
60956,contains,3744,3067
60957,contains,3742,3068
60958,contains,3744,3069
60959,contains,3743,3070
60960,contains,3744,3071
60961,contains,3747,3072
60962,contains,3747,3073
60963,contains,3747,3074
60964,contains,3746,3075
60965,contains,3742,3076
60966,contains,3746,3077
60967,contains,3743,3078
60968,contains,3743,3079
60969,contains,3743,3080
60970,contains,3746,3081
60971,contains,3745,3082
60972,contains,3746,3083
60973,contains,3747,3084
60974,contains,3742,3085
60975,contains,3747,3086
60976,contains,3746,3087
60977,contains,3746,3088
60978,contains,3745,3089
60979,contains,3745,3090
60980,contains,3744,3091
60981,contains,3742,3092
60982,contains,3744,3093
60983,contains,3745,3094
60984,contains,3746,3095
60985,contains,3747,3096
60986,contains,3746,3097
60987,contains,3745,3098
60988,contains,3747,3099
60989,contains,3747,3100
60990,contains,3746,3101
60991,contains,3743,3102
60992,contains,3744,3103
60993,contains,3745,3104
60994,contains,3746,3105
60995,contains,3746,3106
60996,contains,3745,3107
60997,contains,3745,3108
60998,contains,3744,3109
60999,contains,3744,3110
61000,contains,3744,3111
61001,contains,3744,3112
61002,contains,3744,3113
61003,contains,3744,3114
61004,contains,3746,3115
61005,contains,3746,3116
61006,contains,3746,3117
61007,contains,3744,3118
61008,contains,3746,3119
61009,contains,3743,3120
61010,contains,3746,3121
61011,contains,3744,3122
61012,contains,3743,3123
61013,contains,3746,3124
61014,contains,3745,3125
61015,contains,3743,3126
61016,contains,3745,3127
61017,contains,3745,3128
61018,contains,3745,3129
61019,contains,3747,3130
61020,contains,3747,3131
61021,contains,3746,3132
61022,contains,3744,3133
61023,contains,3743,3134
61024,contains,3742,3135
61025,contains,3744,3136
61026,contains,3744,3137
61027,contains,3746,3138
61028,contains,3744,3139
61029,contains,3744,3140
61030,contains,3744,3141
61031,contains,3744,3142
61032,contains,3744,3143
61033,contains,3744,3144
61034,contains,3744,3145
61035,contains,3744,3146
61036,contains,3744,3147
61037,contains,3744,3148
61038,contains,3744,3149
61039,contains,3746,3150
61040,contains,3744,3151
61041,contains,3744,3152
61042,contains,3744,3153
61043,contains,3744,3154
61044,contains,3744,3155
61045,contains,3746,3156
61046,contains,3744,3157
61047,contains,3744,3158
61048,contains,3744,3159
61049,contains,3744,3160
61050,contains,3744,3161
61051,contains,3744,3162
61052,contains,3744,3163
61053,contains,3747,3164
61054,contains,3743,3165
61055,contains,3744,3166
61056,contains,3742,3167
61057,contains,3742,3168
61058,contains,3745,3169
61059,contains,3743,3170
61060,contains,3743,3171
61061,contains,3747,3172
61062,contains,3744,3173
61063,contains,3747,3174
61064,contains,3746,3175
61065,contains,3746,3176
61066,contains,3747,3177
61067,contains,3744,3178
61068,contains,3745,3179
61069,contains,3747,3180
61070,contains,3746,3181
61071,contains,3745,3182
61072,contains,3744,3183
61073,contains,3745,3184
61074,contains,3747,3185
61075,contains,3746,3186
61076,contains,3745,3187
61077,contains,3744,3188
61078,contains,3746,3189
61079,contains,3746,3190
61080,contains,3746,3191
61081,contains,3744,3192
61082,contains,3744,3193
61083,contains,3745,3194
61084,contains,3747,3195
61085,contains,3745,3196
61086,contains,3746,3197
61087,contains,3746,3198
61088,contains,3745,3199
61089,contains,3742,3200
61090,contains,3747,3201
61091,contains,3746,3202
61092,contains,3744,3203
61093,contains,3746,3204
61094,contains,3747,3205
61095,contains,3744,3206
61096,contains,3744,3207
61097,contains,3744,3208
61098,contains,3744,3209
61099,contains,3744,3210
61100,contains,3743,3211
61101,contains,3746,3212
61102,contains,3746,3213
61103,contains,3745,3214
61104,contains,3744,3215
61105,contains,3744,3216
61106,contains,3744,3217
61107,contains,3744,3218
61108,contains,3744,3219
61109,contains,3744,3220
61110,contains,3744,3221
61111,contains,3744,3222
61112,contains,3744,3223
61113,contains,3744,3224
61114,contains,3744,3225
61115,contains,3744,3226
61116,contains,3744,3227
61117,contains,3744,3228
61118,contains,3744,3229
61119,contains,3744,3230
61120,contains,3744,3231
61121,contains,3744,3232
61122,contains,3744,3233
61123,contains,3744,3234
61124,contains,3744,3235
61125,contains,3744,3236
61126,contains,3742,3237
61127,contains,3747,3238
61128,contains,3746,3239
61129,contains,3745,3240
61130,contains,3744,3241
61131,contains,3744,3242
61132,contains,3744,3243
61133,contains,3744,3244
61134,contains,3744,3245
61135,contains,3744,3246
61136,contains,3744,3247
61137,contains,3744,3248
61138,contains,3744,3249
61139,contains,3744,3250
61140,contains,3743,3251
61141,contains,3746,3252
61142,contains,3744,3253
61143,contains,3744,3254
61144,contains,3745,3255
61145,contains,3744,3256
61146,contains,3744,3257
61147,contains,3744,3258
61148,contains,3744,3259
61149,contains,3746,3260
61150,contains,3747,3261
61151,contains,3746,3262
61152,contains,3746,3263
61153,contains,3742,3264
61154,contains,3744,3265
61155,contains,3742,3266
61156,contains,3742,3267
61157,contains,3746,3268
61158,contains,3742,3269
61159,contains,3747,3270
61160,contains,3744,3271
61161,contains,3744,3272
61162,contains,3744,3273
61163,contains,3746,3274
61164,contains,3742,3275
61165,contains,3742,3276
61166,contains,3746,3277
61167,contains,3746,3278
61168,contains,3744,3279
61169,contains,3746,3280
61170,contains,3747,3281
61171,contains,3744,3282
61172,contains,3744,3283
61173,contains,3744,3284
61174,contains,3744,3285
61175,contains,3744,3286
61176,contains,3744,3287
61177,contains,3744,3288
61178,contains,3744,3289
61179,contains,3744,3290
61180,contains,3746,3291
61181,contains,3746,3292
61182,contains,3746,3293
61183,contains,3745,3294
61184,contains,3746,3295
61185,contains,3746,3296
61186,contains,3746,3297
61187,contains,3746,3298
61188,contains,3746,3299
61189,contains,3746,3300
61190,contains,3746,3301
61191,contains,3746,3302
61192,contains,3746,3303
61193,contains,3746,3304
61194,contains,3746,3305
61195,contains,3744,3306
61196,contains,3742,3307
61197,contains,3746,3308
61198,contains,3742,3309
61199,contains,3746,3310
61200,contains,3746,3311
61201,contains,3746,3312
61202,contains,3744,3313
61203,contains,3744,3314
61204,contains,3746,3315
61205,contains,3746,3316
61206,contains,3747,3317
61207,contains,3742,3318
61208,contains,3747,3319
61209,contains,3747,3320
61210,contains,3742,3321
61211,contains,3744,3322
61212,contains,3744,3323
61213,contains,3742,3324
61214,contains,3742,3325
61215,contains,3744,3326
61216,contains,3746,3327
61217,contains,3746,3328
61218,contains,3746,3329
61219,contains,3746,3330
61220,contains,3745,3331
61221,contains,3745,3332
61222,contains,3743,3333
61223,contains,3742,3334
61224,contains,3743,3335
61225,contains,3746,3336
61226,contains,3746,3337
61227,contains,3742,3338
61228,contains,3746,3339
61229,contains,3744,3340
61230,contains,3747,3341
61231,contains,3746,3342
61232,contains,3747,3343
61233,contains,3747,3344
61234,contains,3747,3345
61235,contains,3746,3346
61236,contains,3744,3347
61237,contains,3746,3348
61238,contains,3746,3349
61239,contains,3746,3350
61240,contains,3746,3351
61241,contains,3746,3352
61242,contains,3746,3353
61243,contains,3742,3354
61244,contains,3742,3355
61245,contains,3746,3356
61246,contains,3746,3357
61247,contains,3746,3358
61248,contains,3746,3359
61249,contains,3742,3360
61250,contains,3742,3361
61251,contains,3746,3362
61252,contains,3747,3363
61253,contains,3747,3364
61254,contains,3742,3365
61255,contains,3742,3366
61256,contains,3742,3367
61257,contains,3744,3368
61258,contains,3746,3369
61259,contains,3742,3370
61260,contains,3742,3371
61261,contains,3742,3372
61262,contains,3742,3373
61263,contains,3742,3374
61264,contains,3747,3375
61265,contains,3743,3376
61266,contains,3746,3377
61267,contains,3746,3378
61268,contains,3742,3379
61269,contains,3745,3380
61270,contains,3744,3381
61271,contains,3742,3382
61272,contains,3742,3383
61273,contains,3746,3384
61274,contains,3742,3385
61275,contains,3742,3386
61276,contains,3742,3387
61277,contains,3742,3388
61278,contains,3742,3389
61279,contains,3745,3390
61280,contains,3744,3391
61281,contains,3742,3392
61282,contains,3746,3393
61283,contains,3742,3394
61284,contains,3746,3395
61285,contains,3742,3396
61286,contains,3746,3397
61287,contains,3742,3398
61288,contains,3742,3399
61289,contains,3746,3400
61290,contains,3744,3401
61291,contains,3747,3402
61292,contains,3747,3403
61293,contains,3743,3404
61294,contains,3743,3405
61295,contains,3746,3406
61296,contains,3743,3407
61297,contains,3746,3408
61298,contains,3743,3409
61299,contains,3743,3410
61300,contains,3743,3411
61301,contains,3743,3412
61302,contains,3743,3413
61303,contains,3743,3414
61304,contains,3743,3415
61305,contains,3744,3416
61306,contains,3746,3417
61307,contains,3746,3418
61308,contains,3745,3419
61309,contains,3746,3420
61310,contains,3745,3421
61311,contains,3743,3422
61312,contains,3743,3423
61313,contains,3746,3424
61314,contains,3742,3425
61315,contains,3744,3426
61316,contains,3746,3427
61317,contains,3746,3428
61318,contains,3746,3429
61319,contains,3747,3430
61320,contains,3743,3431
61321,contains,3746,3432
61322,contains,3742,3433
61323,contains,3746,3434
61324,contains,3743,3435
61325,contains,3746,3436
61326,contains,3746,3437
61327,contains,3747,3438
61328,contains,3744,3439
61329,contains,3747,3440
61330,contains,3743,3441
61331,contains,3743,3442
61332,contains,3746,3443
61333,contains,3744,3444
61334,contains,3746,3445
61335,contains,3746,3446
61336,contains,3746,3447
61337,contains,3746,3448
61338,contains,3746,3449
61339,contains,3747,3450
61340,contains,3746,3451
61341,contains,3747,3452
61342,contains,3743,3453
61343,contains,3746,3454
61344,contains,3745,3455
61345,contains,3745,3456
61346,contains,3743,3457
61347,contains,3743,3458
61348,contains,3744,3459
61349,contains,3746,3460
61350,contains,3746,3461
61351,contains,3746,3462
61352,contains,3746,3463
61353,contains,3746,3464
61354,contains,3743,3465
61355,contains,3747,3466
61356,contains,3747,3467
61357,contains,3743,3468
61358,contains,3743,3469
61359,contains,3745,3470
61360,contains,3747,3471
61361,contains,3746,3472
61362,contains,3742,3473
61363,contains,3742,3474
61364,contains,3747,3475
61365,contains,3742,3476
61366,contains,3743,3477
61367,contains,3745,3478
61368,contains,3745,3479
61369,contains,3747,3480
61370,contains,3745,3481
61371,contains,3742,3482
61372,contains,3747,3483
61373,contains,3744,3484
61374,contains,3743,3485
61375,contains,3743,3486
61376,contains,3744,3487
61377,contains,3746,3488
61378,contains,3743,3489
61379,contains,3746,3490
61380,contains,3744,3491
61381,contains,3746,3492
61382,contains,3746,3493
61383,contains,3742,3494
61384,contains,3747,3495
61385,contains,3746,3496
61386,contains,3742,3497
61387,contains,3747,3498
61388,contains,3747,3499
61389,contains,3747,3500
61390,contains,3747,3501
61391,contains,3747,3502
61392,contains,3742,3503
61393,contains,3747,3504
