Id,Label,Properties:type_string,Properties:code_string,Properties:icao_string,Properties:desc_string,Properties:region_string,Properties:runways_int,Properties:longest_int,Properties:elev_int,Properties:country_string,Properties:city_string,Properties:lat_double,Properties:lon_double
1,airport,airport,ATL,KATL,Hartsfield - Jackson Atlanta International Airport,US-GA,5.0,12390.0,1026.0,US,Atlanta,33.6366996765137,-84.4281005859375
2,airport,airport,ANC,PANC,Anchorage Ted Stevens,US-AK,3.0,12400.0,151.0,US,Anchorage,61.1744003295898,-149.996002197266
3,airport,airport,AUS,KAUS,Austin Bergstrom International Airport,US-TX,2.0,12250.0,542.0,US,Austin,30.1944999694824,-97.6698989868164
4,airport,airport,BNA,KBNA,Nashville International Airport,US-TN,4.0,11030.0,599.0,US,Nashville,36.1245002746582,-86.6781997680664
5,airport,airport,BOS,KBOS,Boston Logan,US-MA,6.0,10083.0,19.0,US,Boston,42.36429977,-71.00520325
6,airport,airport,BWI,KBWI,Baltimore/Washington International Airport,US-MD,3.0,10502.0,143.0,US,Baltimore,39.17539978,-76.66829681
7,airport,airport,DCA,KDCA,Ronald Reagan Washington National Airport,US-DC,3.0,7169.0,14.0,US,Washington D.C.,38.8521003723145,-77.0376968383789
8,airport,airport,DFW,KDFW,Dallas/Fort Worth International Airport,US-TX,7.0,13401.0,607.0,US,Dallas,32.896800994873,-97.0380020141602
9,airport,airport,FLL,KFLL,Fort Lauderdale/Hollywood International Airport,US-FL,2.0,9000.0,64.0,US,Fort Lauderdale,26.0725994110107,-80.152702331543
10,airport,airport,IAD,KIAD,Washington Dulles International Airport,US-VA,4.0,11500.0,313.0,US,Washington D.C.,38.94449997,-77.45580292
11,airport,airport,IAH,KIAH,George Bush Intercontinental,US-TX,5.0,12001.0,96.0,US,Houston,29.9843997955322,-95.3414001464844
12,airport,airport,JFK,KJFK,New York John F. Kennedy International Airport,US-NY,4.0,14511.0,12.0,US,New York,40.63980103,-73.77890015
13,airport,airport,LAX,KLAX,Los Angeles International Airport,US-CA,4.0,12091.0,127.0,US,Los Angeles,33.94250107,-118.4079971
14,airport,airport,LGA,KLGA,New York La Guardia,US-NY,2.0,7003.0,20.0,US,New York,40.77719879,-73.87259674
15,airport,airport,MCO,KMCO,Orlando International Airport,US-FL,4.0,12005.0,96.0,US,Orlando,28.4293994903564,-81.3089981079102
16,airport,airport,MIA,KMIA,Miami International Airport,US-FL,4.0,13016.0,8.0,US,Miami,25.7931995391846,-80.2906036376953
17,airport,airport,MSP,KMSP,Minneapolis-St.Paul International Airport,US-MN,4.0,11006.0,841.0,US,Minneapolis,44.8819999695,-93.2218017578
18,airport,airport,ORD,KORD,Chicago O'Hare International Airport,US-IL,7.0,13000.0,672.0,US,Chicago,41.97859955,-87.90480042
19,airport,airport,PBI,KPBI,Palm Beach International Airport,US-FL,3.0,10000.0,19.0,US,West Palm Beach,26.6832008361816,-80.0955963134766
20,airport,airport,PHX,KPHX,Phoenix Sky Harbor International Airport,US-AZ,3.0,11489.0,1135.0,US,Phoenix,33.4342994689941,-112.012001037598
21,airport,airport,RDU,KRDU,Raleigh-Durham,US-NC,3.0,10000.0,435.0,US,Raleigh,35.8776016235352,-78.7874984741211
22,airport,airport,SEA,KSEA,Seattle-Tacoma,US-WA,3.0,11901.0,432.0,US,Seattle,47.4490013122559,-122.30899810791
23,airport,airport,SFO,KSFO,San Francisco International Airport,US-CA,4.0,11870.0,13.0,US,San Francisco,37.6189994812012,-122.375
24,airport,airport,SJC,KSJC,Norman Y. Mineta San Jose International Airport,US-CA,3.0,11000.0,62.0,US,San Jose,37.3625984191895,-121.929000854492
25,airport,airport,TPA,KTPA,Tampa International Airport,US-FL,3.0,11002.0,26.0,US,Tampa,27.9755001068115,-82.533203125
26,airport,airport,SAN,KSAN,San Diego Lindbergh,US-CA,1.0,9400.0,16.0,US,San Diego,32.7336006165,-117.190002441
27,airport,airport,LGB,KLGB,Long Beach Airport,US-CA,3.0,10003.0,60.0,US,Long Beach,33.81769943,-118.1520004
28,airport,airport,SNA,KSNA,"Orange County/Santa Ana, John Wayne",US-CA,2.0,5701.0,56.0,US,Santa Ana,33.67570114,-117.8679962
29,airport,airport,SLC,KSLC,Salt Lake City,US-UT,4.0,12002.0,56.0,US,Salt Lake City,40.7883987426758,-111.977996826172
30,airport,airport,LAS,KLAS,Las Vegas Mc Carran,US-NV,4.0,14512.0,2181.0,US,Las Vegas,36.08010101,-115.1520004
31,airport,airport,DEN,KDEN,Denver International Airport,US-CO,6.0,16000.0,5433.0,US,Denver,39.8616981506348,-104.672996520996
32,airport,airport,HPN,KHPN,Westchester County,US-NY,2.0,6549.0,439.0,US,White Plains,41.0670013427734,-73.7076034545898
33,airport,airport,SAT,KSAT,San Antonio,US-TX,3.0,8505.0,809.0,US,San Antonio,29.5337009429932,-98.4698028564453
34,airport,airport,MSY,KMSY,New Orleans L. Armstrong,US-LA,2.0,10104.0,3.0,US,New Orleans,29.9934005737305,-90.2580032348633
35,airport,airport,EWR,KEWR,"Newark, Liberty",US-NY,3.0,11000.0,17.0,US,Newark,40.6925010681152,-74.168701171875
36,airport,airport,CID,KCID,The Eastern Iowa Airport,US-IA,2.0,8600.0,869.0,US,Cedar Rapids,41.8847007751465,-91.7108001708984
37,airport,airport,HNL,PHNL,Honolulu International Airport,US-HI,4.0,12312.0,13.0,US,Honolulu,21.3187007904053,-157.921997070312
38,airport,airport,HOU,KHOU,Houston Hobby,US-TX,4.0,7602.0,46.0,US,Houston,29.64539909,-95.27890015
39,airport,airport,ELP,KELP,El Paso International Airport,US-TX,3.0,12020.0,3961.0,US,El Paso,31.80719948,-106.3779984
40,airport,airport,SJU,TJSJ,"Puerto Rico, Luis Munoz International Airport",PR-U-A,2.0,10400.0,9.0,PR,San Juan,18.4393997192,-66.0018005371
41,airport,airport,CLE,KCLE,"Cleveland, Hopkins International Airport",US-OH,3.0,9956.0,799.0,US,Cleveland,41.4117012024,-81.8498001099
42,airport,airport,OAK,KOAK,Oakland,US-CA,4.0,10520.0,9.0,US,Oakland,37.7212982177734,-122.221000671387
43,airport,airport,TUS,KTUS,Tucson International Airport,US-AZ,3.0,10996.0,2643.0,US,Tucson,32.1161003112793,-110.94100189209
44,airport,airport,SAF,KSAF,Santa Fe,US-NM,3.0,8366.0,6348.0,US,Santa Fe,35.617099762,-106.088996887
45,airport,airport,PHL,KPHL,Philadelphia International Airport,US-PA,4.0,10506.0,36.0,US,Philadelphia,39.871898651123,-75.241096496582
46,airport,airport,DTW,KDTW,"Detroit Metropolitan, Wayne County",US-MI,6.0,12003.0,645.0,US,Detroit,42.2123985290527,-83.353401184082
47,airport,airport,YYZ,CYYZ,Toronto Pearson International Airport,CA-ON,5.0,11120.0,569.0,CA,Toronto,43.6772003174,-79.6305999756
48,airport,airport,YVR,CYVR,Vancouver International Airport,CA-BC,3.0,11500.0,14.0,CA,Vancouver,49.193901062,-123.183998108
49,airport,airport,LHR,EGLL,London Heathrow,GB-ENG,2.0,12799.0,83.0,UK,London,51.4706001282,-0.461941003799
50,airport,airport,LGW,EGKK,London Gatwick,GB-ENG,2.0,10364.0,202.0,UK,London,51.1481018066406,-0.190277993679047
51,airport,airport,CDG,LFPG,Paris Charles de Gaulle,FR-J,4.0,13829.0,392.0,FR,Paris,49.0127983093,2.54999995232
52,airport,airport,FRA,EDDF,Frankfurt am Main,DE-HE,4.0,13123.0,364.0,DE,Frankfurt,50.0264015198,8.54312992096
53,airport,airport,HEL,EFHK,Helsinki Ventaa,FI-18,3.0,11286.0,179.0,FI,Helsinki,60.3171997070312,24.9633007049561
54,airport,airport,NRT,RJAA,Tokyo Narita,JP-12,2.0,13123.0,141.0,JP,Tokyo,35.7647018433,140.386001587
55,airport,airport,SYD,YSSY,Sydney Kingsford Smith,AU-NSW,3.0,12999.0,21.0,AU,Sydney,-33.9460983276367,151.177001953125
56,airport,airport,SIN,WSSS,"Singapore, Changi International Airport",SG,3.0,13123.0,22.0,SG,Singapore,1.3501900434494,103.994003295898
57,airport,airport,MEL,YMML,Melbourne International Airport,AU-VIC,2.0,11998.0,434.0,AU,Melbourne,-37.6733016967773,144.843002319336
58,airport,airport,DXB,OMDB,Dubai International Airport,AE-DU,2.0,13124.0,62.0,AE,Dubai,25.2527999878,55.3643989563
59,airport,airport,DEL,VIDP,Indira Gandhi International Airport,IN-DL,3.0,14534.0,777.0,IN,New Delhi,28.566499710083,77.1031036376953
60,airport,airport,DUB,EIDW,Dublin International Airport,IE-D,2.0,8652.0,242.0,IE,Dublin,53.4212989807129,-6.27007007598877
61,airport,airport,HKG,VHHH,Hong Kong - Chek Lap Kok International Airport,HK,2.0,12467.0,28.0,HK,Hong Kong,22.3089008331,113.915000916
62,airport,airport,PER,YPPH,Perth International Airport,AU-WA,2.0,11299.0,67.0,AU,Perth,-31.940299987793,115.967002868652
63,airport,airport,AKL,NZAA,Auckland International Airport,NZ-AUK,2.0,11926.0,23.0,NZ,Auckland,-37.0080986023,174.792007446
64,airport,airport,PEK,ZBAA,Beijing Capital International Airport,CN-11,3.0,12468.0,116.0,CN,Beijing,40.0801010131836,116.584999084473
65,airport,airport,WLG,NZWN,Wellington International Airport,NZ-WGN,1.0,6352.0,41.0,NZ,Wellington,-41.3272018433,174.804992676
66,airport,airport,BNE,YBBN,Brisbane International Airport,AU-QLD,2.0,11680.0,13.0,AU,Brisbane,-27.3841991424561,153.117004394531
67,airport,airport,PVG,ZSPD,Shanghai - Pudong International Airport,CN-31,2.0,13123.0,13.0,CN,Shanghai,31.1434001922607,121.805000305176
68,airport,airport,FCO,LIRF,Leonardo da Vinci-Fiumicino International Airport,IT-62,3.0,12795.0,15.0,IT,Rome,41.8045005798,12.2508001328
69,airport,airport,BOM,VABB,"Mumbai, Chhatrapati Shivaji International Airport",IN-MM,2.0,11302.0,39.0,IN,Mumbai,19.0886993408,72.8678970337
70,airport,airport,AMS,EHAM,Amsterdam Airport Schiphol,NL-NH,6.0,12467.0,-11.0,NL,Amsterdam,52.3086013794,4.76388978958
71,airport,airport,KUL,WMKK,Kuala Lumpur International Airport,MY-14,3.0,13288.0,69.0,MY,Kuala Lumpur,2.74557995796204,101.709999084473
72,airport,airport,PRG,LKPR,"Prague, Ruzyne International Airport",CZ-PR,2.0,12189.0,1247.0,CZ,Prague,50.1007995605469,14.2600002288818
73,airport,airport,BCN,LEBL,Barcelona International Airport,ES-CT,3.0,11654.0,12.0,ES,Barcelona,41.2971000671387,2.07845997810364
74,airport,airport,MAD,LEMD,Adolfo Suarez Barajas Airport International Airport,ES-M,3.0,13711.0,1998.0,ES,Madrid,40.4936,-3.56676
75,airport,airport,VIE,LOWW,Vienna International Airport,AT-9,2.0,11811.0,600.0,AT,Vienna,48.1102981567383,16.5697002410889
76,airport,airport,ZRH,LSZH,Zurich-Kloten Airport,CH-ZH,3.0,12139.0,1416.0,CH,Zurich,47.4646987915039,8.54916954040527
77,airport,airport,GVA,LSGG,Geneva-Cointrin International Airport,CH-GE,2.0,12795.0,1411.0,CH,Geneva,46.2380981445312,6.10895013809204
78,airport,airport,YOW,CYOW,Ottawa Macdonald-Cartier International Airport,CA-ON,3.0,10000.0,374.0,CA,Ottawa,45.3224983215,-75.6691970825
79,airport,airport,BRU,EBBR,Brussels Airport,BE-BRU,3.0,11936.0,184.0,BE,Brussels,50.9014015198,4.48443984985
80,airport,airport,MUC,EDDM,Munich International Airport,DE-BY,2.0,13123.0,1487.0,DE,Munich,48.3538017272949,11.7861003875732
81,airport,airport,CHC,NZCH,Christchurch International Airport,NZ-CAN,3.0,10787.0,123.0,NZ,Christchurch,-43.4893989562988,172.531997680664
82,airport,airport,CBR,YSCB,Canberra International Airport,AU-ACT,2.0,10771.0,1886.0,AU,Canberra,-35.3069000244141,149.195007324219
83,airport,airport,RSW,KRSW,Southwest Florida International Airport,US-FL,1.0,12000.0,30.0,US,Fort Myers,26.5361995697021,-81.7552032470703
84,airport,airport,MAN,EGCC,Manchester Airport,GB-ENG,2.0,10000.0,257.0,UK,Manchester,53.3536987304688,-2.27495002746582
85,airport,airport,YUL,CYUL,Montreal / Pierre Elliott Trudeau International Airport,CA-QC,3.0,11000.0,118.0,CA,Montreal,45.4706001282,-73.7407989502
86,airport,airport,YEG,CYEG,Edmonton International Airport,CA-AB,2.0,11000.0,2373.0,CA,Edmonton,53.3097000122,-113.580001831
87,airport,airport,CGN,EDDK,Cologne Bonn Airport,DE-NW,3.0,12516.0,302.0,DE,Cologne,50.8658981323,7.1427397728
88,airport,airport,LCY,EGLC,London City Airport,GB-ENG,1.0,4948.0,19.0,UK,London,51.505278,0.055278
89,airport,airport,GOT,ESGG,Gothenburg-Landvetter Airport,SE-Q,1.0,10823.0,506.0,SE,Gothenburg,57.6627998352051,12.2798004150391
90,airport,airport,VCE,LIPZ,Venice Marco Polo Airport,IT-34,2.0,10827.0,7.0,IT,Venice,45.5052986145,12.3519001007
91,airport,airport,SNN,EINN,Shannon Airport,IE-CE,5.0,10495.0,46.0,IE,Shannon,52.7019996643066,-8.92481994628906
92,airport,airport,OSL,ENGM,Oslo Gardermoen Airport,NO-02,2.0,11811.0,681.0,NO,Oslo,60.1939010620117,11.1003999710083
93,airport,airport,ARN,ESSA,Stockholm-Arlanda Airport,SE-AB,3.0,10830.0,137.0,SE,Stockholm,59.6519012451172,17.9186000823975
94,airport,airport,STN,EGSS,London Stansted Airport,GB-ENG,1.0,10003.0,348.0,UK,London,51.8849983215,0.234999999404
95,airport,airport,EMA,EGNX,East Midlands Airport,GB-ENG,1.0,9491.0,306.0,UK,Nottingham,52.8311004639,-1.32806003094
96,airport,airport,EDI,EGPH,Edinburgh Airport,GB-SCT,3.0,8400.0,135.0,UK,Edinburgh,55.9500007629395,-3.37249994277954
97,airport,airport,GLA,EGPF,Glasgow International Airport,GB-SCT,2.0,8720.0,26.0,UK,Glasgow,55.8718986511,-4.43306016922
98,airport,airport,LPL,EGGP,Liverpool John Lennon Airport,GB-ENG,1.0,7500.0,80.0,UK,Liverpool,53.3335990905762,-2.8497200012207
99,airport,airport,YYC,CYYC,Calgary International Airport,CA-AB,3.0,12675.0,3557.0,CA,Calgary,51.113899231,-114.019996643
100,airport,airport,MNL,RPLL,"Manila, Ninoy Aquino International Airport",PH-U-A,2.0,12261.0,75.0,PH,Manila,14.508600235,121.019996643
101,airport,airport,BKK,VTBS,Suvarnabhumi Bangkok International Airport,TH-10,2.0,13123.0,5.0,TH,Bangkok,13.6810998916626,100.747001647949
102,airport,airport,DME,UUDD,"Moscow, Domodedovo International Airport",RU-MOS,3.0,12448.0,588.0,RU,Moscow,55.4087982177734,37.9062995910645
103,airport,airport,SVO,UUEE,"Moscow, Sheremetyevo International Airport",RU-MOS,2.0,12139.0,622.0,RU,Moscow,55.972599029541,37.4146003723145
104,airport,airport,ITM,RJOO,Osaka International Airport,JP-27,2.0,9840.0,50.0,JP,Osaka,34.7854995727539,135.438003540039
105,airport,airport,HND,RJTT,Tokyo Haneda International Airport,JP-13,4.0,9840.0,35.0,JP,Tokyo,35.5522994995117,139.779998779297
106,airport,airport,DOH,OTHH,"Doha, Hamad International Airport",QA-DA,2.0,15912.0,13.0,QA,Doha,25.273056,51.608056
107,airport,airport,ORY,LFPO,"Paris, Orly Airport",FR-J,3.0,11975.0,291.0,FR,Paris,48.7252998352,2.35944008827
108,airport,airport,NCE,LFMN,Nice-Cote d'Azur Airport,FR-U,2.0,9712.0,12.0,FR,Nice,43.6584014893,7.21586990356
109,airport,airport,MXP,LIMC,"Milan, Malpensa International Airport",IT-25,2.0,12861.0,768.0,IT,Milan,45.6305999756,8.72811031342
110,airport,airport,ATH,LGAV,"Athens, Eleftherios Venizelos International Airport",GR-A1,2.0,13123.0,308.0,GR,Athens,37.9364013672,23.9444999695
111,airport,airport,ZAG,LDZA,Zagreb Airport,HR-21,1.0,10669.0,353.0,HR,Zagreb,45.7429008484,16.0687999725
112,airport,airport,BUD,LHBP,Budapest Ferenc Liszt International Airport,HU-PE,2.0,12162.0,495.0,HU,Budapest,47.4369010925,19.2555999756
113,airport,airport,ALC,LEAL,Alicante International Airport,ES-V,1.0,9842.0,142.0,ES,Alicante,38.2821998596191,-0.55815601348877
114,airport,airport,BIO,LEBB,Bilbao Airport,ES-PV,2.0,8530.0,138.0,ES,Bilbao,43.3011016845703,-2.91060996055603
115,airport,airport,IBZ,LEIB,Ibiza Airport,ES-PM,1.0,9186.0,24.0,ES,Ibiza,38.8728981018,1.37311995029
116,airport,airport,MAH,LEMH,Menorca Airport,ES-PM,2.0,7710.0,302.0,ES,Menorca,39.8625984191895,4.21864986419678
117,airport,airport,CCJ,VOCL,Calicut International Airport,IN-KL,1.0,9383.0,342.0,IN,Calicut,11.1367998123,75.9552993774
118,airport,airport,HYD,VOHS,"Hyderabad, Rajiv Gandhi International Airport",IN-AP,1.0,13976.0,2024.0,IN,Hyderabad,17.2313175201,78.4298553467
119,airport,airport,MAA,VOMM,Chennai International Airport,IN-TN,2.0,12001.0,52.0,IN,Chennai,12.9900054931641,80.1692962646484
120,airport,airport,CCU,VECC,"Kolkata, Netaji Subhash Chandra Bose International Airport",IN-WB,2.0,11900.0,16.0,IN,Kolkata,22.6546993255615,88.4467010498047
121,airport,airport,BLR,VOBL,Bengaluru International Airport,IN-KA,1.0,13123.0,3000.0,IN,Bengaluru,13.1978998184,77.7062988281
122,airport,airport,ICN,RKSI,"Seoul, Incheon International Airport",KR-28,3.0,13000.0,23.0,KR,Seoul,37.4691009521484,126.450996398926
123,airport,airport,YYT,CYYT,St. John's International Airport,CA-NL,3.0,8502.0,461.0,CA,St. John's,47.618598938,-52.7518997192
124,airport,airport,TFN,GCXO,Tenerife Norte Airport,ES-CN,1.0,11155.0,2076.0,ES,Tenerife,28.4827003479,-16.3414993286
125,airport,airport,CPT,FACT,Cape Town International Airport,ZA-WC,2.0,10502.0,151.0,ZA,Cape Town,-33.9648017883,18.6016998291
126,airport,airport,JNB,FAJS,"Johannesburg, OR Tambo International Airport",ZA-GT,2.0,14495.0,5558.0,ZA,Johannesburg,-26.1392002106,28.2460002899
127,airport,airport,DUR,FALE,"Durban, King Shaka International Airport",ZA-NL,1.0,12139.0,295.0,ZA,Durban,-29.6144444444,31.1197222222
128,airport,airport,NBO,HKJK,"Nairobi, Jomo Kenyatta International Airport",KE-110,1.0,13507.0,5330.0,KE,Nairobi,-1.31923997402,36.9277992249
129,airport,airport,MBA,HKMO,Mombasa Moi International Airport,KE-300,2.0,10991.0,200.0,KE,Mombasa,-4.03483009338379,39.5942001342773
130,airport,airport,MVD,SUMU,"Montevideo, Carrasco International /General C L Berisso Airport",UY-MO,3.0,10499.0,105.0,UY,Montevideo,-34.8384017944336,-56.0307998657227
131,airport,airport,GIG,SBGL,"Rio de Janeiro ,Galeao Antonio Carlos Jobim International Airport",BR-RJ,2.0,13123.0,28.0,BR,Rio de Janeiro,-22.8099994659,-43.2505569458
132,airport,airport,GRU,SBGR,"Sao Paulo, Guarulhos - Governador Andras Franco Montoro International Airport",BR-SP,1.0,12139.0,2459.0,BR,Sao Paulo,-23.4355564117432,-46.4730567932129
133,airport,airport,EZE,SAEZ,"Buenos Aires, Ministro Pistarini International Airport",AR-B,2.0,10187.0,67.0,AR,Buenos Aires,-34.8222,-58.5358
134,airport,airport,LIM,SPIM,"Lima, Jorge Chavez International Airport",PE-LIM,1.0,11506.0,113.0,PE,Lima,-12.021900177,-77.1143035889
135,airport,airport,SCL,SCEL,"Santiago, Comodoro Arturo Merino Benitez International Airport",CL-RM,2.0,12203.0,1555.0,CL,Santiago,-33.3930015563965,-70.7857971191406
136,airport,airport,MEX,MMMX,"Mexico City, Licenciado Benito Juarez International Airport",MX-DIF,2.0,12966.0,7316.0,MX,Mexico City,19.43630027771,-99.0720977783203
137,airport,airport,KIN,MKJP,"Kingston, Norman Manley International Airport",JM-01,1.0,8900.0,10.0,JM,Kingston,17.9356994628906,-76.7874984741211
138,airport,airport,TLH,KTLH,Tallahassee Regional Airport,US-FL,2.0,8000.0,81.0,US,Tallahassee,30.3964996337891,-84.3503036499023
139,airport,airport,LCA,LCLK,Larnaca International Airport,CY-04,1.0,9776.0,8.0,CY,Larnaca,34.8750991821289,33.6249008178711
140,airport,airport,WAW,EPWA,Warsaw Chopin Airport,PL-MZ,2.0,12106.0,362.0,PL,Warsaw,52.1656990051,20.9671001434
141,airport,airport,MLA,LMML,Malta International Airport,MT-25,2.0,11627.0,300.0,MT,Luqa,35.857498,14.4775
142,airport,airport,SOF,LBSF,Sofia Airport,BG-23,1.0,9186.0,1742.0,BG,Sofia,42.6966934204102,23.4114360809326
143,airport,airport,BEG,LYBE,Belgrade Nikola Tesla Airport,RS-00,1.0,11155.0,335.0,RS,Belgrade,44.8184013367,20.3090991974
144,airport,airport,CAI,HECA,Cairo International Airport,EG-C,3.0,13124.0,382.0,EG,Cairo,30.1219005584717,31.4055995941162
145,airport,airport,ADD,HAAB,Addis Ababa Bole International Airport,ET-AA,2.0,12467.0,7630.0,ET,Addis Ababa,8.97789001465,38.7993011475
146,airport,airport,TLV,LLBG,"Tel Aviv, Ben Gurion International Airport",IL-M,3.0,13327.0,135.0,IL,Tel Aviv,32.0113983154297,34.8866996765137
147,airport,airport,PIT,KPIT,Pittsburgh International Airport,US-PA,4.0,11500.0,1203.0,US,Pittsburgh,40.49150085,-80.23290253
148,airport,airport,PWM,KPWM,Portland International Jetport Airport,US-ME,2.0,7200.0,76.0,US,Portland,43.64619827,-70.30930328
149,airport,airport,PDX,KPDX,Portland International Airport,US-OR,3.0,11000.0,31.0,US,Portland,45.58869934,-122.5979996
150,airport,airport,OKC,KOKC,"Oaklahoma City, Will Rogers World Airport",US-OK,4.0,9800.0,1295.0,US,Oaklahoma City,35.3931007385254,-97.600700378418
151,airport,airport,ONT,KONT,Ontario International Airport,US-CA,2.0,12198.0,944.0,US,Ontario,34.0559997558594,-117.600997924805
152,airport,airport,ROC,KROC,Greater Rochester International Airport,US-NY,3.0,8001.0,559.0,US,Rochester,43.1189002990723,-77.6724014282227
153,airport,airport,RST,KRST,Rochester International Airport,US-MN,2.0,9033.0,1317.0,US,Rochester,43.9082984924316,-92.5
154,airport,airport,KWI,OKBK,Kuwait International Airport,KW-FA,2.0,11483.0,206.0,KW,Kuwait,29.2266006469727,47.9688987731934
155,airport,airport,PNH,VDPP,Phnom Penh International Airport,KH-8,1.0,9843.0,40.0,KH,Phnom Penh,11.5466003417969,104.84400177002
156,airport,airport,AYQ,YAYE,Ayers Rock Connellan Airport,AU-NT,1.0,8527.0,1626.0,AU,Ayers Rock,-25.1861000061035,130.975997924805
157,airport,airport,ASP,YBAS,Alice Springs Airport,AU-NT,2.0,7999.0,1789.0,AU,Alice Springs,-23.8066997528076,133.901992797852
158,airport,airport,OOL,YBCG,Gold Coast Airport,AU-NSW,2.0,6699.0,21.0,AU,Gold Coast,-28.1644001007,153.505004883
159,airport,airport,FAI,PAFA,Fairbanks International Airport,US-AK,4.0,11800.0,439.0,US,Fairbanks,64.81510162,-147.8560028
160,airport,airport,CNS,YBCS,Cairns International Airport,AU-QLD,2.0,10489.0,10.0,AU,Cairns,-16.885799408,145.755004883
161,airport,airport,IST,LTFM,Istanbul International Airport,TR-34,4.0,13451.0,325.0,TR,Istanbul,41.275278,28.751944
162,airport,airport,BAH,OBBI,Bahrain International Airport,BH-15,2.0,12979.0,6.0,BH,Manama,26.2707996368408,50.6335983276367
163,airport,airport,YHZ,CYHZ,Halifax / Stanfield International Airport,CA-NS,2.0,10500.0,477.0,CA,Halifax,44.8807983398,-63.5085983276
164,airport,airport,AUH,OMAA,Abu Dhabi International Airport,AE-AZ,2.0,13452.0,88.0,AE,Abu Dhabi,24.4330005645752,54.6511001586914
165,airport,airport,SGN,VVTS,"Ho Chi Minh City, Tan Son Nhat International Airport",VN-23,2.0,12468.0,33.0,VN,Ho Chi Minh City,10.8187999725,106.652000427
166,airport,airport,YWG,CYWG,Winnipeg / James Armstrong Richardson International Airport,CA-MB,3.0,11000.0,783.0,CA,Winnipeg,49.9099998474,-97.2398986816
167,airport,airport,HAM,EDDH,Hamburg Airport,DE-HH,2.0,12028.0,53.0,DE,Hamburg,53.6304016113281,9.98822975158691
168,airport,airport,STR,EDDS,Stuttgart Airport,DE-BW,1.0,10974.0,1276.0,DE,Stuttgart,48.6898994446,9.22196006775
169,airport,airport,GOA,LIMJ,Genoa Cristoforo Colombo Airport,IT-42,1.0,9564.0,13.0,IT,Genoa,44.4132995605,8.83749961853
170,airport,airport,NAP,LIRN,Naples International Airport,IT-72,1.0,8622.0,294.0,IT,Naples,40.8860015869,14.2908000946
171,airport,airport,PSA,LIRP,Pisa International Airport,IT-52,2.0,9820.0,6.0,IT,Pisa,43.6838989258,10.3927001953
172,airport,airport,TRN,LIMF,Turin Airport,IT-21,1.0,10827.0,989.0,IT,Turin,45.2008018494,7.64963006973
173,airport,airport,BLQ,LIPE,Bologna Guglielmo Marconi Airport,IT-45,1.0,9186.0,123.0,IT,Bologna,44.5354003906,11.2887001038
174,airport,airport,TSF,LIPH,"Venice, Treviso-Sant Angelo Airport",IT-34,1.0,7941.0,59.0,IT,Venice,45.648399353,12.1943998337
175,airport,airport,VRN,LIPX,Verona Villafranca Airport,IT-34,1.0,10064.0,239.0,IT,Verona,45.3956985474,10.8885002136
176,airport,airport,NTE,LFRS,Nantes Atlantique Airport,FR-R,1.0,9514.0,90.0,FR,Nantes,47.1531982422,-1.61073005199
177,airport,airport,CPH,EKCH,Copenhagen Kastrup Airport,DK-84,3.0,11811.0,17.0,DK,Copenhagen,55.6179008483887,12.6560001373291
178,airport,airport,CLT,KCLT,Charlotte Douglas International Airport,US-NC,4.0,10000.0,748.0,US,Charlotte,35.2140007019043,-80.9430999755859
179,airport,airport,LUX,ELLX,Luxembourg-Findel International Airport,LU-L,1.0,13123.0,1234.0,LU,Luxembourg,49.6265983581543,6.21152019500732
180,airport,airport,CUN,MMUN,Cancun International Airport,MX-ROO,2.0,11483.0,22.0,MX,Cancun,21.0365009308,-86.8770980835
181,airport,airport,PSP,KPSP,Palm Springs International Airport,US-CA,2.0,10000.0,477.0,US,Palm Springs,33.8297004699707,-116.50700378418
182,airport,airport,MEM,KMEM,Memphis International Airport,US-TN,4.0,11120.0,341.0,US,Memphis,35.0424003601074,-89.9766998291016
183,airport,airport,CVG,KCVG,Cincinnati Northern Kentucky International Airport,US-KY,4.0,12000.0,896.0,US,Cincinnati,39.0488014221,-84.6678009033
184,airport,airport,IND,KIND,Indianapolis International Airport,US-IN,3.0,11200.0,797.0,US,Indianapolis,39.7173004150391,-86.2944030761719
185,airport,airport,MCI,KMCI,Kansas City International Airport,US-MO,3.0,10801.0,1026.0,US,Kansas City,39.2975997924805,-94.7138977050781
186,airport,airport,DAL,KDAL,Dallas Love Field,US-TX,3.0,8800.0,487.0,US,Dallas,32.8470993041992,-96.8517990112305
187,airport,airport,STL,KSTL,Lambert St Louis International Airport,US-MO,4.0,11019.0,618.0,US,St Louis,38.7486991882324,-90.370002746582
188,airport,airport,ABQ,KABQ,Albuquerque International Sunport Airport,US-NM,4.0,13793.0,5355.0,US,Albuquerque,35.0401992797852,-106.609001159668
189,airport,airport,MKE,KMKE,General Mitchell International Airport,US-WI,5.0,9690.0,723.0,US,Milwaukee,42.9472007751465,-87.896598815918
190,airport,airport,MDW,KMDW,Chicago Midway International Airport,US-IL,5.0,6522.0,620.0,US,Chicago,41.7859992980957,-87.7524032592773
191,airport,airport,HRO,KHRO,"Harrison, Boone County Airport",US-AR,1.0,6161.0,1365.0,US,Harrison,36.2615013122559,-93.1547012329102
192,airport,airport,SLN,KSLN,Salina Municipal Airport,US-KS,4.0,12300.0,1288.0,US,Salina,38.7910003662109,-97.6521987915039
193,airport,airport,OMA,KOMA,Eppley Airfield,US-NE,3.0,9502.0,984.0,US,Omaha,41.3031997680664,-95.8940963745117
194,airport,airport,TUL,KTUL,Tulsa International Airport,US-OK,3.0,9999.0,677.0,US,Tulsa,36.1983985900879,-95.8880996704102
195,airport,airport,PVR,MMPR,"Puerto Vallarta, Licenciado Gustavo Diaz Ordaz International Airport",MX-JAL,1.0,10171.0,23.0,MX,Puerto Vallarta,20.6800994873047,-105.253997802734
196,airport,airport,OGG,PHOG,"Maui, Kahului Airport",US-HI,2.0,6995.0,54.0,US,Kahului,20.8985996246338,-156.429992675781
197,airport,airport,MCY,YBSU,Sunshine Coast Airport,AU-QLD,2.0,5896.0,15.0,AU,Maroochydore,-26.6033000946,153.091003418
198,airport,airport,DUS,EDDL,Dusseldorf International Airport,DE-NW,2.0,9842.0,147.0,DE,Dusseldorf,51.2895011901855,6.76677989959717
199,airport,airport,GUM,PGUM,Antonio B. Won Pat International Airport,GU-U-A,2.0,10015.0,298.0,GU,Hagta,13.4834003448,144.796005249
200,airport,airport,TXL,EDDT,"Berlin, Tegel International Airport *Closed*",DE-BE,2.0,9918.0,122.0,DE,Berlin,52.5597000122,13.2876996994
201,airport,airport,CMB,VCBI,"Colombo, Bandaranaike International Airport",LK-1,1.0,10991.0,30.0,LK,Colombo,7.1807599067688,79.8841018676758
202,airport,airport,LIS,LPPT,Lisbon Portela Airport,PT-11,1.0,12484.0,374.0,PT,Lisbon,38.7812995911,-9.13591957092
203,airport,airport,GIB,LXGB,Gibraltar Airport,GI-U-A,1.0,6000.0,15.0,GI,Gibraltar,36.1511993408,-5.34965991974
204,airport,airport,TUN,DTTA,Tunis Carthage International Airport,TN-11,2.0,10499.0,22.0,TN,Tunis,36.851001739502,10.2271995544434
205,airport,airport,TPE,RCTP,Taiwan Taoyuan International Airport,TW-TAO,2.0,12008.0,106.0,TW,Taipei,25.0776996612549,121.233001708984
206,airport,airport,LTN,EGGW,London Luton Airport,GB-ENG,1.0,7086.0,526.0,UK,London,51.874698638916,-0.368333011865616
207,airport,airport,KTM,VNKT,"Kathmandu, Tribhuvan International Airport",NP-BA,1.0,10007.0,4390.0,NP,Kathmandu,27.6965999603,85.3591003418
208,airport,airport,NAS,MYNN,"Nassau, Lynden Pindling International Airport",BS-NP,2.0,11353.0,16.0,BS,Nassau,25.0389995575,-77.4662017822
209,airport,airport,FPO,MYGF,"Freeport, Grand Bahama International Airport",BS-FP,1.0,11019.0,7.0,BS,Freeport,26.5587005615,-78.695602417
210,airport,airport,GGT,MYEF,"George Town, Exuma International Airport",BS-EX,1.0,7051.0,9.0,BS,George Town,23.5625991821,-75.8779983521
211,airport,airport,EYW,KEYW,Key West International Airport,US-FL,1.0,4801.0,3.0,US,Key West,24.5561008453369,-81.7595977783203
212,airport,airport,FUK,RJFF,Fukuoka Airport,JP-40,1.0,9186.0,32.0,JP,Fukuoka,33.5858993530273,130.45100402832
213,airport,airport,KIX,RJBB,"Osaka, Kansai International Airport",JP-27,2.0,13123.0,26.0,JP,Osaka,34.4272994995117,135.244003295898
214,airport,airport,CTS,RJCC,"Sapporo, New Chitose Airport",JP-01,2.0,9840.0,82.0,JP,Sapporo,42.7751998901367,141.692001342773
215,airport,airport,JED,OEJN,King Abdulaziz International Airport,SA-02,3.0,13123.0,48.0,SA,Jeddah,21.679599762,39.15650177
216,airport,airport,MCT,OOMS,Muscat International Airport,OM-MA,2.0,11775.0,48.0,OM,Muscat,23.5932998657227,58.2844009399414
217,airport,airport,KEF,BIKF,"Reykjavik, Keflavik International Airport",IS-2,2.0,10056.0,171.0,IS,Reykjavik,63.9850006103516,-22.6056003570557
218,airport,airport,BGI,TBPB,"Bridgetown, Sir Grantley Adams International Airport",BB-01,1.0,11000.0,169.0,BB,Bridgetown,13.0746002197,-59.4925003052
219,airport,airport,ANU,TAPA,V.C. Bird International Airport,AG-03,1.0,9003.0,62.0,AG,St. George,17.1367,-61.792702
220,airport,airport,STT,TIST,"St. Thomas, Cyril E. King Airport",VI-U-A,1.0,7000.0,23.0,VI,Charlotte Amalie,18.3372993469238,-64.9733963012695
221,airport,airport,BDA,TXKF,"Bermuda, L.F. Wade International International Airport",BM-U-A,1.0,9713.0,12.0,BM,Hamilton,32.3639984130859,-64.6787033081055
222,airport,airport,TAB,TTCP,Tobago-Crown Point Airport,TT-WTO,1.0,9002.0,38.0,TT,Scarborough,11.1497001647949,-60.8321990966797
223,airport,airport,POS,TTPP,"Port of Spain, Piarco International Airport",TT-TUP,1.0,10500.0,58.0,TT,Port of Spain,10.5953998565674,-61.3372001647949
224,airport,airport,LOS,DNMM,"Lagos,Murtala Muhammed International Airport",NG-LA,1.0,11153.0,135.0,NG,Lagos,6.57737016677856,3.32116007804871
225,airport,airport,MBJ,MKJS,"Montego Bay, Sangster International Airport",JM-08,1.0,8735.0,4.0,JM,Montego Bay,18.5037002563477,-77.9133987426758
226,airport,airport,HRE,FVHA,Harare International Airport,ZW-HA,1.0,15502.0,4887.0,ZW,Harare,-17.9318008422852,31.0928001403809
227,airport,airport,LIT,KLIT,"Little Rock, Bill and Hillary Clinton National Airport/Adams Field",US-AR,3.0,8273.0,262.0,US,Little Rock,34.7294006348,-92.2242965698
228,airport,airport,LPA,GCLP,Gran Canaria Airport,ES-CN,2.0,10171.0,78.0,ES,Gran Canaria,27.9319000244141,-15.3865995407104
229,airport,airport,SOU,EGHI,Southampton Airport,GB-ENG,1.0,5653.0,44.0,UK,Southampton,50.9502983093262,-1.35679996013641
230,airport,airport,PMI,LEPA,Palma De Mallorca Airport,ES-PM,2.0,10728.0,27.0,ES,Palma De Mallorca,39.551700592,2.73881006241
231,airport,airport,ADL,YPAD,Adelaide International Airport,AU-SA,2.0,10171.0,20.0,AU,Adelaide,-34.9449996948242,138.531005859375
232,airport,airport,DRW,YPDN,Darwin International Airport,AU-NT,2.0,11004.0,103.0,AU,Darwin,-12.4146995544434,130.876998901367
233,airport,airport,CUR,TNCC,"Curacao, Hato International Airport",CW-U-A,1.0,11188.0,29.0,CW,Curacao,12.1888999939,-68.9598007202
234,airport,airport,DPS,WADD,Bali - Ngurah Rai International Airport,ID-BA,2.0,9790.0,14.0,ID,Denpasar,-8.74816989898682,115.166999816895
235,airport,airport,CGK,WIII,Soekarno-Hatta International Airport,ID-BT,2.0,12008.0,34.0,ID,Jakarta,-6.1255698204,106.65599823
236,airport,airport,BON,TNCB,"Bonaire, Flamingo International Airport",BQ-U-A,1.0,9449.0,20.0,BQ,Kralendijk,12.1309995651245,-68.2685012817383
237,airport,airport,AUA,TNCA,"Aruba, Queen Beatrix International Airport",AW-U-A,1.0,9000.0,60.0,AW,Oranjestad,12.5013999938965,-70.0151977539062
238,airport,airport,ORF,KORF,Norfolk International Airport,US-VA,2.0,9001.0,26.0,US,Norfolk,36.8945999145508,-76.2012023925781
239,airport,airport,JAX,KJAX,Jacksonville International Airport,US-FL,2.0,10000.0,30.0,US,Jacksonville,30.4941005706787,-81.6878967285156
240,airport,airport,PVD,KPVD,"Providence, Theodore Francis Green State Airport",US-RI,2.0,7166.0,55.0,US,Providence,41.7326011657715,-71.4204025268555
241,airport,airport,PUJ,MDPC,Punta Cana International Airport,DO-11,1.0,10171.0,47.0,DO,Punta Cana,18.5673999786,-68.3634033203
242,airport,airport,MDT,KMDT,Harrisburg International Airport,US-PA,2.0,10001.0,310.0,US,Harrisburg,40.1935005188,-76.7633972168
243,airport,airport,SJO,MROC,"San Jose, Juan Santamaria International Airport",CR-A,1.0,9882.0,3021.0,CR,San Jose,9.99386024475098,-84.2088012695312
244,airport,airport,SMF,KSMF,Sacramento International Airport,US-CA,2.0,8601.0,27.0,US,Sacramento,38.6954002380371,-121.591003417969
245,airport,airport,RTB,MHRO,"Coxen Hole, Juan Manuel Galvez International Airport",HN-IB,1.0,7349.0,18.0,HN,Roatan Island,16.3167991638184,-86.5230026245117
246,airport,airport,TGU,MHTG,"Tegucigalpa, Toncontin International Airport",HN-FM,1.0,6112.0,3294.0,HN,Tegucigalpa,14.0608997344971,-87.2172012329102
247,airport,airport,LXR,HELX,Luxor International Airport,EG-KN,1.0,9843.0,294.0,EG,Luxor,25.670999527,32.7066001892
248,airport,airport,RIX,EVRA,Riga International Airport,LV-RIX,1.0,10499.0,36.0,LV,Riga,56.9235992431641,23.9710998535156
249,airport,airport,RUH,OERK,"Riyadh, King Khaled International Airport",SA-01,2.0,13796.0,2049.0,SA,Riyadh,24.9575996398926,46.6987991333008
250,airport,airport,CAN,ZGGG,Guangzhou Baiyun International Airport,CN-44,2.0,12467.0,50.0,CN,Guangzhou,23.3924007415771,113.299003601074
251,airport,airport,AGP,LEMG,Malaga Airport,ES-AN,2.0,10500.0,53.0,ES,Malaga,36.6749000549316,-4.49911022186279
252,airport,airport,FNC,LPMA,"Funchal, Madeira Airport",PT-30,1.0,9110.0,192.0,PT,Funchal,32.6978988647461,-16.7744998931885
253,airport,airport,LBA,EGNM,Leeds Bradford Airport,GB-ENG,1.0,7382.0,681.0,UK,Leeds,53.8658981323242,-1.66057002544403
254,airport,airport,ABZ,EGPD,Aberdeen Dyce Airport,GB-SCT,4.0,6001.0,215.0,UK,Aberdeen,57.2019004821777,-2.19777989387512
255,airport,airport,AYT,LTAI,Antalya International Airport,TR-07,3.0,11155.0,177.0,TR,Antalya,36.8987007141113,30.800500869751
256,airport,airport,ISB,OPRN,"Islamabad, Benazir Bhutto International Airport",PK-IS,1.0,10785.0,1668.0,PK,Islamabad,33.61669921875,73.0991973876953
257,airport,airport,JER,EGJJ,Jersey Airport,JE-U-A,1.0,5597.0,277.0,JE,Saint Helier,49.2079010009766,-2.1955099105835
258,airport,airport,ZTH,LGZA,"Zakynthos, Dionysios Solomos Airport",GR-21,1.0,7310.0,15.0,GR,Zakynthos,37.7509002685547,20.8843002319336
259,airport,airport,RHO,LGRP,"Rhodes, Diagoras Airport",GR-81,1.0,10846.0,17.0,GR,Rhodes,36.4053993225098,28.0862007141113
260,airport,airport,BRS,EGGD,Bristol International Airport,GB-ENG,1.0,6598.0,622.0,UK,Bristol,51.3827018737793,-2.7190899848938
261,airport,airport,NCL,EGNT,Newcastle Airport,GB-ENG,1.0,7642.0,266.0,UK,Newcastle,55.0374984741211,-1.69166994094849
262,airport,airport,GCI,EGJB,Guernsey Airport,GG-U-A,1.0,4800.0,336.0,GG,Saint Peter Port,49.435001373291,-2.60196995735168
263,airport,airport,COS,KCOS,City of Colorado Springs Municipal Airport,US-CO,3.0,13501.0,6187.0,US,Colorado Springs,38.8058013916016,-104.700996398926
264,airport,airport,HSV,KHSV,Huntsville International Carl T Jones Field,US-AL,2.0,12600.0,629.0,US,Huntsville,34.6371994018555,-86.7751007080078
265,airport,airport,BHM,KBHM,Birmingham-Shuttlesworth International Airport,US-AL,2.0,10000.0,650.0,US,Birmingham,33.56290054,-86.75350189
266,airport,airport,YQB,CYQB,Quebec Jean Lesage International Airport,CA-QC,2.0,9000.0,244.0,CA,Quebec City,46.7910995483,-71.3933029175
267,airport,airport,RAP,KRAP,Rapid City Regional Airport,US-SD,2.0,8701.0,3204.0,US,Rapid City,44.0452995300293,-103.056999206543
268,airport,airport,SDF,KSDF,Louisville International Standiford Field,US-KY,3.0,10850.0,501.0,US,Louisville,38.1744003295898,-85.7360000610352
269,airport,airport,BUF,KBUF,Buffalo Niagara International Airport,US-NY,2.0,8102.0,728.0,US,Buffalo,42.94049835,-78.73220062
270,airport,airport,SHV,KSHV,Shreveport Regional Airport,US-LA,2.0,8351.0,258.0,US,Shreveport,32.4466018676758,-93.8255996704102
271,airport,airport,BOI,KBOI,Boise Air Terminal/Gowen field,US-ID,3.0,10000.0,2871.0,US,Boise,43.56439972,-116.2229996
272,airport,airport,LIH,PHLI,"Kuai, Lihue Airport",US-HI,2.0,6500.0,153.0,US,Lihue,21.9759998321533,-159.339004516602
273,airport,airport,LBB,KLBB,Lubbock Preston Smith International Airport,US-TX,3.0,11500.0,3282.0,US,Lubbock,33.6636009216309,-101.822998046875
274,airport,airport,EIN,EHEH,Eindhoven Airport,NL-NB,1.0,9843.0,74.0,NL,Eindhoven,51.4500999451,5.37452983856
275,airport,airport,SVQ,LEZL,Sevilla Airport,ES-AN,1.0,11024.0,112.0,ES,Sevilla,37.4179992675781,-5.8931097984314
276,airport,airport,BSL,LFSB,EuroAirport Basle-Mulhouse-Freiburg Airport (BSL/MLH/EAP),FR-A,2.0,12795.0,885.0,FR,Basle,47.5895996094,7.52991008759
277,airport,airport,ECP,KECP,Northwest Florida Beaches International Airport,US-FL,1.0,10000.0,69.0,US,Panama City Beach,30.3417,-85.7973
278,airport,airport,HRL,KHRL,"Harlingen, Valley International Airport",US-TX,3.0,8301.0,36.0,US,Harlingen,26.2285003662109,-97.6544036865234
279,airport,airport,DBV,LDDU,Dubrovnik Airport,HR-19,1.0,10827.0,527.0,HR,Dubrovnik,42.5614013671875,18.2681999206543
280,airport,airport,RNO,KRNO,Reno Taoe International Airport,US-NV,3.0,11002.0,4415.0,US,Reno,39.4990997314453,-119.767997741699
281,airport,airport,CMH,KCMH,"Columbus, Port Columbus International Airport",US-OH,2.0,10125.0,815.0,US,Columbus,39.9980010986328,-82.8918991088867
282,airport,airport,IDA,KIDA,Idaho Falls Regional Airport,US-ID,2.0,9002.0,4744.0,US,Idaho Falls,43.5145988464355,-112.070999145508
283,airport,airport,ALB,KALB,Albany International Airport,US-NY,2.0,7200.0,285.0,US,Albany,42.7482986450195,-73.8016967773438
284,airport,airport,SVG,ENZV,Stavanger Airport,NO-11,2.0,9369.0,29.0,NO,Stavanger,58.8767013549805,5.63778018951416
285,airport,airport,HKT,VTSP,Phuket International Airport,TH-83,1.0,9843.0,82.0,TH,Phuket,8.11320018768,98.3169021606
286,airport,airport,AMM,OJAI,Queen Alia International Airport,JO-AM,2.0,12008.0,2395.0,JO,Amman,31.7226009369,35.9931983948
287,airport,airport,BGO,ENBR,Bergen Airport Flesland,NO-12,1.0,9810.0,170.0,NO,Bergen,60.293399810791,5.21814012527466
288,airport,airport,ICT,KICT,Wichita Mid Continent Airport,US-KS,3.0,10301.0,1333.0,US,Wichita,37.6498985290527,-97.4330978393555
289,airport,airport,MAF,KMAF,Midland International Airport,US-TX,4.0,9501.0,2871.0,US,Midland,31.9424991607666,-102.202003479004
290,airport,airport,YXE,CYXE,Saskatoon John G. Diefenbaker International Airport,CA-SK,2.0,8300.0,1653.0,CA,Saskatoon,52.1707992553711,-106.699996948242
291,airport,airport,BDL,KBDL,Bradley International Airport,US-CT,3.0,9510.0,173.0,US,Hartford,41.9388999939,-72.6831970215
292,airport,airport,BIL,KBIL,Billings Logan International Airport,US-MT,3.0,10518.0,3652.0,US,Billings,45.8077011108398,-108.542999267578
293,airport,airport,SXM,TNCM,"Sint Martin, Princess Juliana International Airport",SX-U-A,2.0,7708.0,13.0,SX,Sint Martin,18.0410003662,-63.1088981628
294,airport,airport,NAN,NFFN,"Fiji, Nadi International Airport",FJ-W,2.0,10739.0,59.0,FJ,Nadi,-17.7553997039795,177.442993164062
295,airport,airport,SGF,KSGF,Springfield Branson National Airport,US-MO,2.0,8000.0,1268.0,US,Springfield,37.24570084,-93.38860321
296,airport,airport,RIC,KRIC,Richmond International Airport,US-VA,3.0,9003.0,167.0,US,Richmond,37.505199432373,-77.3197021484375
297,airport,airport,CCS,SVMI,Simon Bolivar International Airport,VE-X,2.0,11483.0,235.0,VE,Caracas,10.6031169891,-66.9905853271
298,airport,airport,GYE,SEGU,Jose Joaquin de Olmedo International Airport,EC-G,1.0,9154.0,19.0,EC,Guayaquil,-2.15741991997,-79.8835983276
299,airport,airport,NKG,ZSNJ,Nanjing Lukou Airport,CN-32,1.0,11811.0,49.0,CN,Nanjing,31.742000579834,118.861999511719
300,airport,airport,TXK,KTXK,Texarkana Regional Webb Field,US-AR,2.0,6601.0,390.0,US,Texarkana,33.4537010192871,-93.9909973144531
301,airport,airport,PIA,KPIA,General Wayne A. Downing Peoria International Airport,US-IL,2.0,10104.0,660.0,US,Peoria,40.6641998291,-89.6932983398
302,airport,airport,TLL,EETN,Tallinn Airport,EE-37,1.0,10072.0,131.0,EE,Tallinn,59.4132995605,24.8327999115
303,airport,airport,ALG,DAAG,"Algiers, Houari Boumediene Airport",DZ-35,2.0,11483.0,82.0,DZ,Algiers,36.6910018920898,3.21540999412537
304,airport,airport,ITO,PHTO,Hilo International Airport,US-HI,2.0,9800.0,38.0,US,Hilo,19.721399307251,-155.048004150391
305,airport,airport,LEX,KLEX,Blue Grass Airport,US-KY,1.0,7003.0,979.0,US,Lexington,38.0364990234375,-84.6059036254883
306,airport,airport,GUA,MGGT,La Aurora Airport,GT-GU,1.0,9800.0,4952.0,GT,Guatemala City,14.5832996368408,-90.5274963378906
307,airport,airport,ISP,KISP,Long Island Mac Arthur Airport,US-NY,4.0,7006.0,99.0,US,Islip,40.79520035,-73.10019684
308,airport,airport,IAG,KIAG,Niagara Falls International Airport,US-NY,3.0,9829.0,589.0,US,Niagara Falls,43.1072998046875,-78.9461975097656
309,airport,airport,SWF,KSWF,Stewart International Airport,US-NY,2.0,11818.0,491.0,US,Newburgh,41.5041007995605,-74.1047973632812
310,airport,airport,BIM,MYBS,South Bimini Airport,BS-BI,1.0,5430.0,10.0,BS,South Bimini,25.6998996735,-79.2647018433
311,airport,airport,ORK,EICK,Cork Airport,IE-C,2.0,6998.0,502.0,IE,Cork,51.8413009643555,-8.49110984802246
312,airport,airport,HAV,MUHA,Jose Marti International Airport,CU-03,1.0,13123.0,210.0,CU,Havana,22.989200592041,-82.4091033935547
313,airport,airport,WRO,EPWR,Copernicus Wroclaw Airport,PL-DS,1.0,8202.0,404.0,PL,Wroclaw,51.1026992798,16.885799408
314,airport,airport,CRP,KCRP,Corpus Christi International Airport,US-TX,2.0,7508.0,44.0,US,Corpus Christi,27.7703990936279,-97.5011978149414
315,airport,airport,KHI,OPKC,Jinnah International Airport,PK-SD,2.0,11155.0,100.0,PK,Karachi,24.9064998626709,67.1607971191406
316,airport,airport,LHE,OPLA,Alama Iqbal International Airport,PK-PB,2.0,11024.0,712.0,PK,Lahore,31.5216007232666,74.4036026000977
317,airport,airport,ASB,UTAA,Ashgabat Airport,TM-A,3.0,12467.0,692.0,TM,Ashgabat,37.9868011474609,58.3610000610352
318,airport,airport,VKO,UUWW,Vnukovo International Airport,RU-MOS,2.0,10039.0,685.0,RU,Moscow,55.5914993286,37.2615013123
319,airport,airport,SPU,LDSP,Split Airport,HR-17,1.0,8366.0,79.0,HR,Split,43.5388984680176,16.2980003356934
320,airport,airport,TSE,UACC,Astana International Airport,KZ-AKM,1.0,11484.0,1165.0,KZ,Astana,51.0222015380859,71.4669036865234
321,airport,airport,GYD,UBBB,Heydar Aliyev International Airport,AZ-BA,2.0,10499.0,10.0,AZ,Baku,40.4674987792969,50.0466995239258
322,airport,airport,JAI,VIJP,Jaipur International Airport,IN-RJ,2.0,9177.0,1263.0,IN,Jaipur,26.8241996765,75.8122024536
323,airport,airport,ACC,DGAA,Kotoka International Airport,GH-AA,1.0,11165.0,205.0,GH,Accra,5.60518980026245,-0.166786000132561
324,airport,airport,BHD,EGAC,George Best Belfast City Airport,GB-NIR,1.0,6001.0,15.0,UK,Belfast,54.6180992126465,-5.87249994277954
325,airport,airport,EBB,HUEN,Entebbe International Airport,UG-102,2.0,12000.0,3782.0,UG,Kampala,0.0423859991133213,32.4435005187988
326,airport,airport,HAJ,EDDV,Hannover Airport,DE-NI,3.0,12467.0,183.0,DE,Hannover,52.461101532,9.68507957458
327,airport,airport,LIN,LIML,Linate Airport,IT-25,2.0,8005.0,353.0,IT,Milan,45.445098877,9.27674007416
328,airport,airport,LYS,LFLL,Lyon Saint-Exupery Airport,FR-V,2.0,11483.0,821.0,FR,Lyon,45.726398468,5.09082984924
329,airport,airport,MRS,LFML,Marseille Provence Airport,FR-U,2.0,11483.0,74.0,FR,Marseille,43.439271922,5.22142410278
330,airport,airport,OTP,LROP,Henri Coanda International Airport,RO-B,2.0,11484.0,314.0,RO,Bucharest,44.5722007751465,26.1021995544434
331,airport,airport,RTM,EHRD,Rotterdam Airport,NL-ZH,1.0,7218.0,-15.0,NL,Rotterdam,51.9569015503,4.43722009659
332,airport,airport,CMN,GMMN,Mohammed V International Airport,MA-CAS,2.0,12205.0,656.0,MA,Casablanca,33.3675003051758,-7.58997011184692
333,airport,airport,TNG,GMTT,Ibn Batouta Airport,MA-TNG,2.0,11483.0,62.0,MA,Tangier,35.7268981934,-5.91689014435
334,airport,airport,ABV,DNAA,Nnamdi Azikiwe International Airport,NG-FC,1.0,11842.0,1123.0,NG,Abuja,9.00679016113281,7.26316976547241
335,airport,airport,ALA,UAAA,Almaty Airport,KZ-ALM,1.0,14427.0,2234.0,KZ,Almaty,43.3521003723145,77.0404968261719
336,airport,airport,BEY,OLBA,Beirut Rafic Hariri International Airport,LB-JL,3.0,12467.0,87.0,LB,Beirut,33.8208999633789,35.4883995056152
337,airport,airport,CTU,ZUUU,Chengdu Shuangliu International Airport,CN-51,1.0,11811.0,1625.0,CN,Chengdu,30.5785007476807,103.946998596191
338,airport,airport,FAO,LPFR,Faro Airport,PT-08,1.0,8169.0,24.0,PT,Faro,37.0144004822,-7.96590995789
339,airport,airport,FNA,GFLL,Lungi International Airport,SL-N,1.0,10498.0,84.0,SL,Freetown,8.61643981933594,-13.1955003738403
340,airport,airport,JMK,LGMK,Mikonos Airport,GR-82,1.0,6244.0,405.0,GR,Mykonos Island,37.4351005554199,25.3481006622314
341,airport,airport,JTR,LGSR,Santorini Airport,GR-82,2.0,6972.0,127.0,GR,Santorini Island,36.3992004394531,25.4792995452881
342,airport,airport,KBP,UKBB,Boryspil International Airport,UA-32,2.0,13123.0,427.0,UA,Kiev,50.3450012207031,30.8946990966797
343,airport,airport,RJK,LDRI,Rijeka Airport,HR-08,2.0,8164.0,278.0,HR,Rijeka,45.2168998718262,14.5703001022339
344,airport,airport,TLS,LFBO,Toulouse-Blagnac Airport,FR-N,2.0,11483.0,499.0,FR,Toulouse/Blagnac,43.6291007995605,1.36381995677948
345,airport,airport,LAD,FNLU,Quatro de Fevereiro Airport,AO-LUA,2.0,12190.0,243.0,AO,Luanda,-8.85836982727,13.2312002182
346,airport,airport,LED,ULLI,Pulkovo Airport,RU-SPE,2.0,12402.0,78.0,RU,St. Petersburg,59.8003005981445,30.2625007629395
347,airport,airport,OPO,LPPR,Francisco de Sa Carneiro Airport,PT-13,1.0,11417.0,228.0,PT,Porto,41.2481002808,-8.68138980865
348,airport,airport,TIP,HLLT,Tripoli International Airport,LY-TB,2.0,11815.0,263.0,LY,Tripoli,32.6635017395,13.1590003967
349,airport,airport,DAC,VGHS,Dhaka / Hazrat Shahjalal International Airport,BD-3,1.0,10500.0,30.0,BD,Dhaka,23.843347,90.397783
350,airport,airport,ZYL,VGSY,Osmany International Airport,BD-6,1.0,9478.0,50.0,BD,Sylhet,24.9631996154785,91.8667984008789
351,airport,airport,LCG,LECO,A Coruna Airport,ES-GA,1.0,6365.0,326.0,ES,Culleredo,43.3021011352539,-8.37726020812988
352,airport,airport,TAS,UTTT,Tashkent International Airport,UZ-TO,2.0,13123.0,1417.0,UZ,Tashkent,41.257900238,69.2811965942
353,airport,airport,IKA,OIIE,Imam Khomeini International Airport,IR-07,2.0,13940.0,3305.0,IR,Tehran,35.4160995483398,51.1521987915039
354,airport,airport,MRU,FIMP,Sir Seewoosagur Ramgoolam International Airport,MU-GP,1.0,11056.0,186.0,MU,Port Louis,-20.4302005767822,57.6836013793945
355,airport,airport,SEZ,FSIA,Seychelles International Airport,SC-20,1.0,9800.0,10.0,SC,Mahe Island,-4.67433977127075,55.521800994873
356,airport,airport,ABI,KABI,Abilene Regional Airport,US-TX,3.0,7202.0,1791.0,US,Abilene,32.4113006592,-99.6819000244
357,airport,airport,ACT,KACT,Waco Regional Airport,US-TX,2.0,6596.0,516.0,US,Waco,31.6112995147705,-97.2304992675781
358,airport,airport,CLL,KCLL,Easterwood Field,US-TX,3.0,7000.0,320.0,US,College Station,30.58860016,-96.36380005
359,airport,airport,BMI,KBMI,Central Illinois Regional Airport at Bloomington-Normal,US-IL,3.0,8000.0,871.0,US,Bloomington/Normal,40.47710037,-88.91590118
360,airport,airport,BOG,SKBO,El Dorado International Airport,CO-CUN,2.0,12467.0,8361.0,CO,Bogota,4.70159,-74.1469
361,airport,airport,BPT,KBPT,Southeast Texas Regional Airport,US-TX,2.0,6750.0,15.0,US,Beaumont/Port Arthur,29.9507999420166,-94.0206985473633
362,airport,airport,DSM,KDSM,Des Moines International Airport,US-IA,2.0,9003.0,958.0,US,Des Moines,41.5340003967285,-93.6631011962891
363,airport,airport,MYR,KMYR,Myrtle Beach International Airport,US-SC,1.0,9503.0,25.0,US,Myrtle Beach,33.6796989441,-78.9282989502
364,airport,airport,AEX,KAEX,Alexandria International Airport,US-LA,2.0,9352.0,89.0,US,Alexandria,31.3274002075195,-92.5497970581055
365,airport,airport,CZM,MMCZ,Cozumel International Airport,MX-ROO,2.0,10165.0,15.0,MX,Cozumel,20.5223999023438,-86.9255981445312
366,airport,airport,AGU,MMAS,Jesus Teran International Airport,MX-AGU,1.0,9843.0,6112.0,MX,Aguascalientes,21.7056007385,-102.318000793
367,airport,airport,MTY,MMMY,General Mariano Escobedo International Airport,MX-NLE,1.0,5909.0,1278.0,MX,Monterrey,25.7784996033,-100.107002258
368,airport,airport,AMA,KAMA,Rick Husband Amarillo International Airport,US-TX,2.0,13502.0,3607.0,US,Amarillo,35.2193984985352,-101.706001281738
369,airport,airport,BJX,MMLO,Del Bajio International Airport,MX-GUA,1.0,11480.0,5956.0,MX,Silao,20.9934997559,-101.481002808
370,airport,airport,BRO,KBRO,Brownsville South Padre Island International Airport,US-TX,3.0,7400.0,22.0,US,Brownsville,25.9067993164062,-97.4259033203125
371,airport,airport,BTR,KBTR,"Baton Rouge Metropolitan, Ryan Field",US-LA,3.0,7004.0,70.0,US,Baton Rouge,30.53319931,-91.14959717
372,airport,airport,BZE,MZBZ,Philip S. W. Goldson International Airport,BZ-BZ,1.0,7100.0,15.0,BZ,Belize City,17.5391006469727,-88.3081970214844
373,airport,airport,CAE,KCAE,Columbia Metropolitan Airport,US-SC,2.0,8601.0,236.0,US,Columbia,33.9388008117676,-81.119499206543
374,airport,airport,CHA,KCHA,Lovell Field,US-TN,2.0,7400.0,683.0,US,Chattanooga,35.0353012084961,-85.2037963867188
375,airport,airport,CHS,KCHS,Charleston Air Force Base-International Airport,US-SC,2.0,9001.0,46.0,US,Charleston,32.89860153,-80.04049683
376,airport,airport,CMI,KCMI,University of Illinois Willard Airport,US-IL,4.0,8100.0,755.0,US,Champaign/Urbana,40.03919983,-88.27809906
377,airport,airport,COU,KCOU,Columbia Regional Airport,US-MO,2.0,6501.0,889.0,US,Columbia,38.8180999755859,-92.219596862793
378,airport,airport,CRW,KCRW,Yeager Airport,US-WV,2.0,6302.0,981.0,US,Charleston,38.3731002807617,-81.5932006835938
379,airport,airport,DAY,KDAY,James M Cox Dayton International Airport,US-OH,3.0,10900.0,1009.0,US,Dayton,39.902400970459,-84.2193984985352
380,airport,airport,CUU,MMCU,General Roberto Fierro Villalobos International Airport,MX-CHH,3.0,8530.0,4462.0,MX,Chihuahua,28.7028999329,-105.964996338
381,airport,airport,DRO,KDRO,Durango La Plata County Airport,US-CO,1.0,9201.0,6685.0,US,Durango,37.1515007019,-107.753997803
382,airport,airport,EVV,KEVV,Evansville Regional Airport,US-IN,3.0,8021.0,418.0,US,Evansville,38.0369987488,-87.5324020386
383,airport,airport,FAR,KFAR,Hector International Airport,US-ND,3.0,9000.0,902.0,US,Fargo,46.9207000732422,-96.815803527832
384,airport,airport,FAT,KFAT,Fresno Yosemite International Airport,US-CA,2.0,9217.0,336.0,US,Fresno,36.7761993408203,-119.718002319336
385,airport,airport,FSD,KFSD,Joe Foss Field Airport,US-SD,3.0,8999.0,1429.0,US,Sioux Falls,43.5820007324,-96.741897583
386,airport,airport,FSM,KFSM,Fort Smith Regional Airport,US-AR,2.0,8000.0,469.0,US,Fort Smith,35.3366012573242,-94.3674011230469
387,airport,airport,FWA,KFWA,Fort Wayne International Airport,US-IN,3.0,12000.0,814.0,US,Fort Wayne,40.97850037,-85.19509888
388,airport,airport,GCK,KGCK,Garden City Regional Airport,US-KS,2.0,7300.0,2891.0,US,Garden City,37.9275016785,-100.723999023
389,airport,airport,GDL,MMGL,Don Miguel Hidalgo Y Costilla International Airport,MX-JAL,2.0,13123.0,5016.0,MX,Guadalajara,20.5217990875244,-103.310997009277
390,airport,airport,GGG,KGGG,East Texas Regional Airport,US-TX,2.0,10000.0,365.0,US,Longview,32.3839988708496,-94.7115020751953
391,airport,airport,GJT,KGJT,Grand Junction Regional Airport,US-CO,2.0,10501.0,4858.0,US,Grand Junction,39.1223983765,-108.527000427
392,airport,airport,GPT,KGPT,Gulfport Biloxi International Airport,US-MS,2.0,9002.0,28.0,US,Gulfport,30.4073009490967,-89.0700988769531
393,airport,airport,GRI,KGRI,Central Nebraska Regional Airport,US-NE,2.0,7002.0,1847.0,US,Grand Island,40.9674987792969,-98.3096008300781
394,airport,airport,GRK,KGRK,Robert Gray  Army Air Field Airport,US-TX,1.0,10000.0,1015.0,US,Fort Hood/Killeen,31.067199707,-97.8289031982
395,airport,airport,GRR,KGRR,Gerald R. Ford International Airport,US-MI,3.0,10000.0,794.0,US,Grand Rapids,42.88079834,-85.52279663
396,airport,airport,GSO,KGSO,Piedmont Triad International Airport,US-NC,3.0,10001.0,925.0,US,Greensboro,36.0978012084961,-79.9373016357422
397,airport,airport,GSP,KGSP,Greenville Spartanburg International Airport,US-SC,1.0,11000.0,964.0,US,Greenville,34.8956985474,-82.2189025879
398,airport,airport,JAN,KJAN,Jackson-Medgar Wiley Evers International Airport,US-MS,2.0,8500.0,346.0,US,Jackson,32.3111991882,-90.0758972168
399,airport,airport,JLN,KJLN,Joplin Regional Airport,US-MO,3.0,6502.0,981.0,US,Joplin,37.151798248291,-94.4982986450195
400,airport,airport,LAW,KLAW,Lawton Fort Sill Regional Airport,US-OK,1.0,8599.0,1110.0,US,Lawton,34.5676994324,-98.4166030884
401,airport,airport,LCH,KLCH,Lake Charles Regional Airport,US-LA,2.0,6500.0,15.0,US,Lake Charles,30.1261005401611,-93.2232971191406
402,airport,airport,LFT,KLFT,Lafayette Regional Airport,US-LA,3.0,7651.0,42.0,US,Lafayette,30.20529938,-91.98760223
403,airport,airport,LIR,MRLB,Daniel Oduber Quiros International Airport,CR-G,1.0,9022.0,270.0,CR,Liberia,10.5932998657227,-85.5444030761719
404,airport,airport,LRD,KLRD,Laredo International Airport,US-TX,3.0,8236.0,508.0,US,Laredo,27.5438003540039,-99.4616012573242
405,airport,airport,MFE,KMFE,Mc Allen Miller International Airport,US-TX,2.0,7120.0,107.0,US,Mc Allen,26.17580032,-98.23860168
406,airport,airport,MGM,KMGM,Montgomery Regional (Dannelly Field) Airport,US-AL,2.0,9010.0,221.0,US,Montgomery,32.30059814,-86.39399719
407,airport,airport,MHK,KMHK,Manhattan Regional Airport,US-KS,2.0,7000.0,1057.0,US,Manhattan,39.140998840332,-96.6707992553711
408,airport,airport,MLI,KMLI,Quad City International Airport,US-IL,3.0,10002.0,590.0,US,Moline,41.4485015869141,-90.5074996948242
409,airport,airport,MLM,MMMM,General Francisco J. Mujica International Airport,MX-MIC,1.0,11155.0,6033.0,MX,Morelia,19.849899292,-101.025001526
410,airport,airport,MLU,KMLU,Monroe Regional Airport,US-LA,3.0,7507.0,79.0,US,Monroe,32.5108985900879,-92.0376968383789
411,airport,airport,MOB,KMOB,Mobile Regional Airport,US-AL,2.0,8521.0,219.0,US,Mobile,30.6912002563477,-88.2427978515625
412,airport,airport,MSN,KMSN,Dane County Regional Truax Field,US-WI,3.0,9005.0,887.0,US,Madison,43.1399002075195,-89.3375015258789
413,airport,airport,MZT,MMMZ,General Rafael Buelna International Airport,MX-SIN,1.0,8858.0,38.0,MX,Mazatlán,23.1613998413,-106.26599884
414,airport,airport,PBC,MMPB,Hermanos Serdán International Airport,MX-PUE,1.0,11811.0,7361.0,MX,Puebla,19.1581001282,-98.3713989258
415,airport,airport,PLS,MBPV,Providenciales Airport,TC-PR,1.0,7598.0,15.0,TC,Providenciales Island,21.7735996246338,-72.2658996582031
416,airport,airport,PNS,KPNS,Pensacola Regional Airport,US-FL,2.0,7004.0,121.0,US,Pensacola,30.4734001159668,-87.1865997314453
417,airport,airport,PTY,MPTO,Tocumen International Airport,PA-8,2.0,10006.0,135.0,PA,Panama City,9.0713596344,-79.3834991455
418,airport,airport,QRO,MMQT,Querétaro Intercontinental Airport,MX-QUE,1.0,11483.0,6296.0,MX,Querétaro,20.6173000336,-100.185997009
419,airport,airport,ROW,KROW,Roswell International Air Center Airport,US-NM,3.0,13001.0,3671.0,US,Roswell,33.3016014099121,-104.53099822998
420,airport,airport,SAL,MSLP,El Salvador International Airport,SV-PA,2.0,10500.0,101.0,SV,Santa Clara,13.440899848938,-89.0557022094727
421,airport,airport,SAV,KSAV,Savannah Hilton Head International Airport,US-GA,2.0,9351.0,50.0,US,Savannah,32.12760162,-81.20210266
422,airport,airport,SJD,MMSD,Los Cabos International Airport,MX-BCS,1.0,9843.0,374.0,MX,San José del Cabo,23.1518001556396,-109.721000671387
423,airport,airport,SJT,KSJT,San Angelo Regional Mathis Field,US-TX,3.0,7003.0,1919.0,US,San Angelo,31.3577003479004,-100.496002197266
424,airport,airport,SLP,MMSP,Ponciano Arriaga International Airport,MX-SLP,2.0,9867.0,6035.0,MX,San Luis Potosí,22.2542991638,-100.930999756
425,airport,airport,SPI,KSPI,Abraham Lincoln Capital Airport,US-IL,3.0,7999.0,598.0,US,Springfield,39.84410095,-89.67790222
426,airport,airport,SPS,KSPS,Sheppard Air Force Base-Wichita Falls Municipal Airport,US-TX,4.0,13101.0,1019.0,US,Wichita Falls,33.98880005,-98.49189758
427,airport,airport,TRC,MMTC,Francisco Sarabia International Airport,MX-COA,2.0,9022.0,3688.0,MX,Torreón,25.5683002472,-103.411003113
428,airport,airport,TYR,KTYR,Tyler Pounds Regional Airport,US-TX,3.0,7200.0,544.0,US,Tyler,32.3540992736816,-95.4023971557617
429,airport,airport,TYS,KTYS,McGhee Tyson Airport,US-TN,2.0,9005.0,981.0,US,Knoxville,35.81100082,-83.9940033
430,airport,airport,VPS,KVPS,Eglin Air Force Base,US-FL,2.0,12005.0,87.0,US,Valparaiso,30.4832000732422,-86.5253982543945
431,airport,airport,XNA,KXNA,Northwest Arkansas Regional Airport,US-AR,1.0,8800.0,1287.0,US,Fayetteville/Springdale/,36.2818984985,-94.3068008423
432,airport,airport,ZCL,MMZC,General Leobardo C. Ruiz International Airport,MX-ZAC,2.0,9843.0,7141.0,MX,Zacatecas,22.8971004486,-102.68699646
433,airport,airport,INN,LOWI,Innsbruck Airport,AT-7,1.0,6562.0,1906.0,AT,Innsbruck,47.2602005005,11.3439998627
434,airport,airport,UVF,TLPL,Hewanorra International Airport,LC-11,1.0,9003.0,14.0,LC,Vieux Fort,13.7332,-60.952599
435,airport,airport,CAK,KCAK,Akron Canton Regional Airport,US-OH,3.0,7601.0,1228.0,US,Akron,40.9160995483398,-81.4421997070312
436,airport,airport,BRL,KBRL,Southeast Iowa Regional Airport,US-IA,2.0,6702.0,698.0,US,Burlington,40.7831993103027,-91.1255035400391
437,airport,airport,MHT,KMHT,Manchester Airport,US-NH,2.0,9250.0,266.0,US,Manchester,42.9325981140137,-71.4356994628906
438,airport,airport,SYR,KSYR,Syracuse Hancock International Airport,US-NY,3.0,9003.0,421.0,US,Syracuse,43.111198425293,-76.1063003540039
439,airport,airport,YQR,CYQR,Regina International Airport,CA-SK,2.0,7900.0,1894.0,CA,Regina,50.4319000244141,-104.666000366211
440,airport,airport,FLO,KFLO,Florence Regional Airport,US-SC,2.0,6499.0,146.0,US,Florence,34.1853981018066,-79.7238998413086
441,airport,airport,AVL,KAVL,Asheville Regional Airport,US-NC,1.0,8001.0,2165.0,US,Asheville,35.4361991882324,-82.5418014526367
442,airport,airport,POM,AYPY,Port Moresby Jacksons International Airport,PG-NCD,2.0,9022.0,146.0,PG,Port Moresby,-9.44338035583496,147.220001220703
443,airport,airport,EGE,KEGE,Eagle County Regional Airport,US-CO,2.0,9000.0,6548.0,US,Eagle,39.64260101,-106.9179993
444,airport,airport,HDN,KHDN,Yampa Valley Airport,US-CO,1.0,10000.0,6606.0,US,Hayden,40.48120117,-107.2180023
445,airport,airport,SRQ,KSRQ,Sarasota Bradenton International Airport,US-FL,2.0,9500.0,30.0,US,Sarasota/Bradenton,27.3953990936279,-82.5543975830078
446,airport,airport,FOE,KFOE,Topeka Regional Airport - Forbes Field,US-KS,2.0,12802.0,1078.0,US,Topeka,38.9509010315,-95.6635971069
447,airport,airport,LAN,KLAN,Capital City Airport,US-MI,3.0,7251.0,861.0,US,Lansing,42.7787017822266,-84.58740234375
448,airport,airport,ROA,KROA,Roanoke–Blacksburg Regional Airport,US-VA,2.0,6800.0,1175.0,US,Roanoke,37.3255004883,-79.975402832
449,airport,airport,MQT,KSAW,Sawyer International Airport,US-MI,1.0,12370.0,1221.0,US,Marquette,46.3535995483,-87.395401001
450,airport,airport,GRB,KGRB,Austin Straubel International Airport,US-WI,3.0,8201.0,695.0,US,Green Bay,44.4850997924805,-88.1296005249023
451,airport,airport,BHX,EGBB,Birmingham International Airport,GB-ENG,1.0,8527.0,327.0,UK,Birmingham,52.4538993835,-1.74802994728
452,airport,airport,INV,EGPE,Inverness Airport,GB-SCT,2.0,6191.0,31.0,UK,Inverness,57.5424995422363,-4.0475001335144
453,airport,airport,SZG,LOWS,Salzburg Airport,AT-5,1.0,9022.0,1411.0,AT,Salzburg,47.7933006287,13.0043001175
454,airport,airport,KGS,LGKO,Kos Airport,GR-81,1.0,7841.0,412.0,GR,Kos Island,36.7933006286621,27.0916996002197
455,airport,airport,TRD,ENVA,"Trondheim Airport, Værnes",NO-17,3.0,9052.0,56.0,NO,Trondheim,63.4578018188477,10.923999786377
456,airport,airport,HAN,VVNB,Noi Bai International Airport,VN-15,2.0,12466.0,39.0,VN,Hanoi,21.2212009429932,105.806999206543
457,airport,airport,KHH,RCKH,Kaohsiung International Airport,TW-KHH,1.0,10335.0,31.0,TW,Kaohsiung City,22.5771007537842,120.349998474121
458,airport,airport,NGO,RJGG,Chubu Centrair International Airport,JP-23,1.0,11483.0,15.0,JP,Tokoname,34.8583984375,136.804992675781
459,airport,airport,BLL,EKBI,Billund Airport,DK-83,1.0,10172.0,247.0,DK,Billund,55.7402992249,9.15178012848
460,airport,airport,BRN,LSZB,Bern Belp Airport,CH-BE,3.0,4954.0,1674.0,CH,Bern,46.914100647,7.49714994431
461,airport,airport,IOM,EGNS,Isle of Man Airport,IM-U-A,3.0,5751.0,52.0,IM,Castletown,54.0833015441895,-4.6238899230957
462,airport,airport,GRX,LEGR,Federico Garcia Lorca Airport,ES-AN,1.0,9514.0,1860.0,ES,Granada,37.1887016296387,-3.77735996246338
463,airport,airport,FLR,LIRQ,Peretola Airport,IT-52,1.0,5425.0,142.0,IT,Firenze,43.8100013733,11.2051000595
464,airport,airport,DRS,EDDC,Dresden Airport,DE-SN,1.0,8228.0,755.0,DE,Dresden,51.1328010559082,13.7672004699707
465,airport,airport,DOL,LFRG,Deauville-Saint-Gatien Airport,FR-P,1.0,8366.0,479.0,FR,Deauville,49.3652992249,0.154305994511
466,airport,airport,BVE,LFSL,Brive Souillac Airport,FR-L,2.0,6890.0,1016.0,FR,Brive,45.0397222222,1.48555555556
467,airport,airport,BES,LFRB,Brest Bretagne Airport,FR-E,2.0,10171.0,325.0,FR,Brest/Guipavas,48.4478988647461,-4.41854000091553
468,airport,airport,ANR,EBAW,Antwerp International Airport (Deurne),BE-VAN,1.0,4954.0,39.0,BE,Antwerp,51.1893997192,4.46027994156
469,airport,airport,BRE,EDDW,Bremen Airport,DE-HB,2.0,6693.0,14.0,DE,Bremen,53.0475006104,8.78666973114
470,airport,airport,CFE,LFLC,Clermont-Ferrand Auvergne Airport,FR-C,2.0,9892.0,1090.0,FR,Clermont-Ferrand/Auvergne,45.7867012023926,3.16916990280151
471,airport,airport,PRN,BKPR,Priština International Airport,KS-U-A,1.0,8165.0,1789.0,KS,Prishtina,42.5727996826172,21.0358009338379
472,airport,airport,HME,DAUH,Oued Irara Airport,DZ-30,2.0,9843.0,463.0,DZ,Hassi Messaoud,31.6730003357,6.14043998718
473,airport,airport,SXF,none,Berlin-Schönefeld International Airport *Closed*,DE-BR,2.0,9843.0,157.0,DE,Berlin,52.3800010681152,13.522500038147
474,airport,airport,ERF,EDDE,Erfurt Airport,DE-TH,1.0,8530.0,1036.0,DE,Erfurt,50.9798011779785,10.9581003189087
475,airport,airport,BFS,EGAA,Belfast International Airport,GB-NIR,2.0,9121.0,268.0,UK,Belfast,54.6575012207,-6.21582984924
476,airport,airport,NQY,EGHQ,Newquay Cornwall Airport,GB-ENG,1.0,9006.0,390.0,UK,Newquay,50.440601348877,-4.99540996551514
477,airport,airport,NOC,EIKN,Ireland West Knock Airport,IE-MO,1.0,7546.0,665.0,IE,Charleston,53.9103012084961,-8.81849002838135
478,airport,airport,AAL,EKYT,Aalborg Airport,DK-81,2.0,8707.0,10.0,DK,Aalborg,57.0927589138,9.84924316406
479,airport,airport,AES,ENAL,Ålesund Airport,NO-15,1.0,7592.0,69.0,NO,Ålesund,62.5625,6.11969995498657
480,airport,airport,TOS,ENTC,Tromsø Airport,NO-19,1.0,7848.0,31.0,NO,Tromsø,69.6832962036133,18.9188995361328
481,airport,airport,TRF,ENTO,"Sandefjord Airport, Torp",NO-07,1.0,9675.0,286.0,NO,Torp,59.1866989136,10.258600235
482,airport,airport,KRK,EPKK,John Paul II International Airport Kraków-Balice Airport,PL-MA,1.0,8366.0,791.0,PL,Kraków,50.0777015686035,19.7847995758057
483,airport,airport,KUN,EYKA,Kaunas International Airport,LT-KU,1.0,10335.0,256.0,LT,Kaunas,54.9639015197754,24.0848007202148
484,airport,airport,FUE,GCFV,Fuerteventura Airport,ES-CN,1.0,11175.0,85.0,ES,Fuerteventura Island,28.4526996612549,-13.8638000488281
485,airport,airport,ACE,GCRR,Lanzarote Airport,ES-CN,1.0,7874.0,46.0,ES,Lanzarote Island,28.945499420166,-13.6051998138428
486,airport,airport,TFS,GCTS,Tenerife South Airport,ES-CN,1.0,10499.0,209.0,ES,Tenerife Island,28.044500351,-16.5725002289
487,airport,airport,AGA,GMAD,Al Massira Airport,MA-AGD,1.0,10499.0,250.0,MA,Agadir,30.3250007629395,-9.41306972503662
488,airport,airport,RAK,GMMX,Menara Airport,MA-MAR,1.0,10170.0,1545.0,MA,Marrakech,31.6068992615,-8.03629970551
489,airport,airport,SID,GVAC,Amílcar Cabral International Airport,CV-B,2.0,10735.0,177.0,CV,Espargos,16.7413997650146,-22.9493999481201
490,airport,airport,BVC,GVBA,Rabil Airport,CV-B,1.0,4007.0,69.0,CV,Rabil,16.1364994049072,-22.8889007568359
491,airport,airport,HRG,HEGN,Hurghada International Airport,EG-BA,1.0,13124.0,52.0,EG,Hurghada,27.1783008575439,33.7994003295898
492,airport,airport,SSH,HESH,Sharm El Sheikh International Airport,EG-JS,2.0,10108.0,143.0,EG,Sharm el-Sheikh,27.9773006439,34.3950004578
493,airport,airport,TIA,LATI,Tirana International Airport Mother Teresa,AL-TR,1.0,8971.0,126.0,AL,Tirana,41.4146995544,19.7206001282
494,airport,airport,PFO,LCPH,Paphos International Airport,CY-06,1.0,8858.0,41.0,CY,Paphos,34.7179985046387,32.4856986999512
495,airport,airport,LEI,LEAM,Almería International Airport,ES-AN,1.0,10499.0,70.0,ES,Almería,36.8438987731934,-2.3701000213623
496,airport,airport,MJV,LELC,San Javier Airport,ES-MU,3.0,7546.0,11.0,ES,San Javier,37.7750015258789,-0.812389016151428
497,airport,airport,SCQ,LEST,Santiago de Compostela Airport,ES-GA,1.0,10499.0,1213.0,ES,Santiago de Compostela,42.8963012695312,-8.41514015197754
498,airport,airport,VLC,LEVC,Valencia Airport,ES-V,2.0,8858.0,240.0,ES,Valencia,39.4892997741699,-0.481624990701675
499,airport,airport,BOD,LFBD,Bordeaux-Mérignac Airport,FR-B,2.0,10171.0,162.0,FR,Bordeaux/Mérignac,44.8283004761,-0.715556025505
500,airport,airport,BIA,LFKB,Bastia-Poretta Airport,FR-H,1.0,8266.0,26.0,FR,Bastia/Poretta,42.5527000427246,9.48373031616211
501,airport,airport,AJA,LFKJ,Ajaccio-Napoléon Bonaparte Airport,FR-H,1.0,7897.0,18.0,FR,Ajaccio/Napoléon Bonaparte,41.9235992431641,8.8029203414917
502,airport,airport,MPL,LFMT,Montpellier-Méditerranée Airport,FR-K,2.0,8530.0,17.0,FR,Montpellier/Méditerranée,43.5761985778809,3.96301007270813
503,airport,airport,SXB,LFST,Strasbourg Airport,FR-A,1.0,7874.0,505.0,FR,Strasbourg,48.5382995605469,7.62823009490967
504,airport,airport,HER,LGIR,Heraklion International Nikos Kazantzakis Airport,GR-91,3.0,8800.0,115.0,GR,Heraklion,35.3396987915,25.1802997589
505,airport,airport,EFL,LGKF,Kefallinia Airport,GR-23,1.0,7992.0,59.0,GR,Kefallinia Island,38.1200981140137,20.5004997253418
506,airport,airport,KLX,LGKL,Kalamata Airport,GR-17,1.0,9260.0,26.0,GR,Kalamata,37.0682983398438,22.0254993438721
507,airport,airport,CFU,LGKR,Ioannis Kapodistrias International Airport,GR-22,1.0,7792.0,6.0,GR,Kerkyra Island,39.6018981933594,19.9116992950439
508,airport,airport,PVK,LGPZ,Aktion National Airport,GR-34,1.0,9419.0,11.0,GR,Preveza/Lefkada,38.9254989624023,20.7653007507324
509,airport,airport,CHQ,LGSA,Chania International Airport,GR-94,1.0,10982.0,490.0,GR,Souda,35.5317001342773,24.1497001647949
510,airport,airport,SKG,LGTS,Thessaloniki Macedonia International Airport,GR-54,2.0,8005.0,22.0,GR,Thessaloniki,40.5196990966797,22.9708995819092
511,airport,airport,BRI,LIBD,Bari Karol Wojtyła Airport,IT-75,2.0,8005.0,177.0,IT,Bari,41.1389007568,16.7605991364
512,airport,airport,CTA,LICC,Catania-Fontanarossa Airport,IT-82,1.0,7989.0,39.0,IT,Catania,37.4668006897,15.0663995743
513,airport,airport,PMO,LICJ,Falcone–Borsellino Airport,IT-82,2.0,10912.0,65.0,IT,Palermo,38.1759986877,13.0909996033
514,airport,airport,OLB,LIEO,Olbia Costa Smeralda Airport,IT-88,1.0,8025.0,37.0,IT,Olbia,40.8987007141,9.51762962341
515,airport,airport,PDL,LPPD,João Paulo II Airport,PT-20,1.0,8192.0,259.0,PT,Ponta Delgada,37.7411994934,-25.6979007721
516,airport,airport,ADB,LTBJ,Adnan Menderes International Airport,TR-35,2.0,10630.0,412.0,TR,İzmir,38.2924003601,27.156999588
517,airport,airport,DLM,LTBS,Dalaman International Airport,TR-48,1.0,9842.0,20.0,TR,Dalaman,36.7131004333,28.7924995422
518,airport,airport,BJV,LTFE,Milas Bodrum International Airport,TR-48,1.0,9842.0,21.0,TR,Bodrum,37.2505989075,27.6643009186
519,airport,airport,SAW,LTFJ,Sabiha Gökçen International Airport,TR-34,1.0,9843.0,312.0,TR,Istanbul,40.898601532,29.3092002869
520,airport,airport,TIV,LYTV,Tivat Airport,ME-19,1.0,8208.0,20.0,ME,Tivat,42.4047012329102,18.7233009338379
521,airport,airport,NBE,DTNH,Enfidha - Hammamet International Airport,TN-51,1.0,10827.0,21.0,TN,Enfidha,36.075833,10.438611
522,airport,airport,MSQ,UMMS,Minsk International Airport,BY-MI,1.0,11946.0,670.0,BY,Minsk,53.8824996948242,28.0307006835938
523,airport,airport,MLE,VRMM,Malé International Airport,MV-MLE,1.0,10499.0,6.0,MV,Malé,4.19183015823364,73.5290985107422
524,airport,airport,DTM,EDLW,Dortmund Airport,DE-NW,1.0,6562.0,425.0,DE,Dortmund,51.5182991028,7.61223983765
525,airport,airport,AGS,KAGS,Augusta Regional At Bush Field,US-GA,2.0,8001.0,144.0,US,Augusta,33.3698997497559,-81.9645004272461
526,airport,airport,BGR,KBGR,Bangor International Airport,US-ME,1.0,11440.0,192.0,US,Bangor,44.8073997497559,-68.8281021118164
527,airport,airport,BTV,KBTV,Burlington International Airport,US-VT,2.0,8320.0,335.0,US,Burlington,44.4719009399,-73.1532974243
528,airport,airport,FAY,KFAY,Fayetteville Regional Grannis Field,US-NC,2.0,7712.0,189.0,US,Fayetteville,34.9911994934082,-78.8803024291992
529,airport,airport,HHH,KHXD,Hilton Head Airport,US-SC,1.0,4300.0,19.0,US,Hilton Head Island,32.2243995667,-80.6975021362
530,airport,airport,ILM,KILM,Wilmington International Airport,US-NC,2.0,8016.0,32.0,US,Wilmington,34.2705993652344,-77.9026031494141
531,airport,airport,OAJ,KOAJ,Albert J Ellis Airport,US-NC,1.0,7100.0,94.0,US,Jacksonville,34.8292007446,-77.6120986938
532,airport,airport,NUE,EDDN,Nuremberg Airport,DE-BY,1.0,8858.0,1046.0,DE,Nuremberg,49.4986991882,11.0669002533
533,airport,airport,LEJ,EDDP,Leipzig Halle Airport,DE-SN,2.0,11811.0,465.0,DE,Leipzig,51.4323997497559,12.2416000366211
534,airport,airport,CWL,EGFF,Cardiff International Airport,GB-WLS,1.0,7848.0,220.0,UK,Cardiff,51.3967018127441,-3.34332990646362
535,airport,airport,SEN,EGMC,London Southend Airport,GB-ENG,1.0,5023.0,49.0,UK,Southend,51.5713996887207,0.695555984973907
536,airport,airport,HUY,EGNJ,Humberside Airport,GB-ENG,2.0,7205.0,121.0,UK,Grimsby,53.5744018554688,-0.350832998752594
537,airport,airport,MME,EGNV,Durham Tees Valley Airport,GB-ENG,1.0,7516.0,120.0,UK,Durham,54.5092010498047,-1.42940998077393
538,airport,airport,NWI,EGSH,Norwich International Airport,GB-ENG,2.0,6040.0,117.0,UK,Norwich,52.6758003235,1.28278005123
539,airport,airport,EXT,EGTE,Exeter International Airport,GB-ENG,2.0,6834.0,102.0,UK,Exeter,50.7344017028809,-3.41388988494873
540,airport,airport,KRS,ENCN,Kristiansand Airport,NO-10,1.0,6660.0,57.0,NO,Kjevik,58.2042007446289,8.08537006378174
541,airport,airport,GDN,EPGD,Gdańsk Lech Wałęsa Airport,PL-PM,1.0,9186.0,489.0,PL,Gdańsk,54.3776016235352,18.4661998748779
542,airport,airport,VXO,ESMX,Växjö Kronoberg Airport,SE-G,1.0,6900.0,610.0,SE,Växjö,56.9291000366211,14.7279996871948
543,airport,airport,LPI,ESSL,Linköping City Airport,SE-E,1.0,6989.0,172.0,SE,Linköping,58.4062004089,15.6805000305
544,airport,airport,SPC,GCLA,La Palma Airport,ES-CN,1.0,7218.0,107.0,ES,"Sta Cruz de la Palma, La Palma Island",28.6264991760254,-17.7555999755859
545,airport,airport,NDR,GMMW,Nador International Airport,MA-NAD,1.0,9842.0,574.0,MA,Nador,34.9888000488,-3.0282099247
546,airport,airport,VXE,GVSV,São Pedro Airport,CV-B,1.0,6561.0,66.0,CV,São Pedro,16.8332004547119,-25.0552997589111
547,airport,airport,KGL,HRYR,Kigali International Airport,RW-01,1.0,11483.0,4859.0,RW,Kigali,-1.96862995625,30.1394996643
548,airport,airport,JRO,HTKJ,Kilimanjaro International Airport,TZ-26,1.0,11834.0,2932.0,TZ,Arusha,-3.42940998077,37.0745010376
549,airport,airport,SFB,KSFB,Orlando Sanford International Airport,US-FL,4.0,9600.0,55.0,US,Orlando,28.7775993347168,-81.2375030517578
550,airport,airport,GRO,LEGE,Girona Airport,ES-CT,1.0,7874.0,468.0,ES,Girona,41.9010009765625,2.76055002212524
551,airport,airport,JKH,LGHI,Chios Island National Airport,GR-85,1.0,4957.0,15.0,GR,Chios Island,38.3432006835938,26.1406002044678
552,airport,airport,KIT,LGKC,Kithira Airport,GR-A1,1.0,4794.0,1045.0,GR,Kithira Island,36.2742996216,23.0170001984
553,airport,airport,SMI,LGSM,Samos Airport,GR-84,1.0,6706.0,19.0,GR,Samos Island,37.689998626709,26.9116992950439
554,airport,airport,SUF,LICA,Lamezia Terme Airport,IT-78,1.0,7920.0,39.0,IT,Lamezia Terme,38.9053993225098,16.2423000335693
555,airport,airport,LJU,LJLJ,Ljubljana Jože Pučnik Airport,SI-061,1.0,10827.0,1273.0,SI,Ljubljana,46.2237014770508,14.4575996398926
556,airport,airport,KYA,LTAN,Konya Airport,TR-42,2.0,10984.0,3381.0,TR,Konya,37.9790000916,32.5619010925
557,airport,airport,ASR,LTAU,Kayseri Erkilet Airport,TR-38,1.0,9841.0,3463.0,TR,Kayseri,38.770401001,35.4953994751
558,airport,airport,POP,MDPP,Gregorio Luperon International Airport,DO-18,1.0,10108.0,15.0,DO,Puerto Plata,19.7579002380371,-70.5699996948242
559,airport,airport,HOG,MUHG,Frank Pais International Airport,CU-11,1.0,10624.0,361.0,CU,Holguin,20.7856006622314,-76.3151016235352
560,airport,airport,VRA,MUVR,Juan Gualberto Gomez International Airport,CU-04,1.0,11490.0,210.0,CU,Varadero,23.0344009399414,-81.435302734375
561,airport,airport,DMM,OEDF,King Fahd International Airport,SA-04,2.0,13124.0,72.0,SA,Ad Dammam,26.4712009429932,49.7979011535645
562,airport,airport,EBL,ORER,Erbil International Airport,IQ-AR,4.0,13890.0,1341.0,IQ,Arbil,36.2375984191895,43.9631996154785
563,airport,airport,UIO,SEQM,Mariscal Sucre International Airport,EC-P,1.0,13445.0,9200.0,EC,Quito,-0.129166666667,-78.3575
564,airport,airport,PBM,SMJP,Johan Adolf Pengel International Airport,SR-PR,1.0,11417.0,59.0,SR,Zandery,5.4528298378,-55.1878013611
565,airport,airport,GUW,UATG,Atyrau Airport,KZ-ATY,1.0,9842.0,-72.0,KZ,Atyrau,47.121898651123,51.8213996887207
566,airport,airport,TBS,UGTB,Tbilisi International Airport,GE-TB,2.0,9843.0,1624.0,GE,Tbilisi,41.6692008972,44.95470047
567,airport,airport,XMN,ZSAM,Xiamen Gaoqi International Airport,CN-35,1.0,11155.0,59.0,CN,Xiamen,24.5440006256104,118.127998352051
568,airport,airport,HGH,ZSHC,Hangzhou Xiaoshan International Airport,CN-33,1.0,11811.0,23.0,CN,Hangzhou,30.2294998168945,120.43399810791
569,airport,airport,BQN,TJBQ,Rafael Hernandez Airport,PR-U-A,1.0,11702.0,237.0,PR,Aguadilla,18.4948997497559,-67.1294021606445
570,airport,airport,APF,KAPF,Naples Municipal Airport,US-FL,3.0,5290.0,8.0,US,Naples,26.1525993347,-81.7752990723
571,airport,airport,GNV,KGNV,Gainesville Regional Airport,US-FL,2.0,7504.0,152.0,US,Gainesville,29.6900997162,-82.2717971802
572,airport,airport,LRM,MDLR,Casa De Campo International Airport,DO-12,1.0,9676.0,240.0,DO,La Romana,18.4507007598877,-68.9117965698242
573,airport,airport,SDQ,MDSD,Las Américas International Airport,DO-01,1.0,11000.0,59.0,DO,Santo Domingo,18.4297008514404,-69.6688995361328
574,airport,airport,STI,MDST,Cibao International Airport,DO-25,1.0,8595.0,565.0,DO,Santiago,19.406099319458,-70.6046981811523
575,airport,airport,SAP,MHLM,Ramón Villeda Morales International Airport,HN-CR,1.0,9203.0,91.0,HN,La Mesa,15.4525995254517,-87.9235992431641
576,airport,airport,MID,MMMD,Licenciado Manuel Crescencio Rejon Int Airport,MX-YUC,2.0,10499.0,38.0,MX,Mérida,20.9370002747,-89.657699585
577,airport,airport,MGA,MNMG,Augusto C. Sandino (Managua) International Airport,NI-MN,1.0,8012.0,194.0,NI,Managua,12.1415004730225,-86.1681976318359
578,airport,airport,PAP,MTPP,Toussaint Louverture International Airport,HT-OU,1.0,9974.0,122.0,HT,Port-au-Prince,18.5799999237061,-72.2925033569336
579,airport,airport,CYB,MWCB,Gerrard Smith International Airport,KY-U-A,1.0,6000.0,8.0,KY,Cayman Brac,19.6870002746582,-79.8827972412109
580,airport,airport,GCM,MWCR,Owen Roberts International Airport,KY-U-A,1.0,7021.0,8.0,KY,Georgetown,19.2928009033,-81.3576965332
581,airport,airport,MHH,MYAM,Marsh Harbour International Airport,BS-MH,1.0,4998.0,6.0,BS,Marsh Harbour,26.5114002228,-77.0835037231
582,airport,airport,ELH,MYEH,North Eleuthera Airport,BS-HI,1.0,6020.0,13.0,BS,North Eleuthera,25.474899292,-76.6835021973
583,airport,airport,BEL,SBBE,Val de Cans/Júlio Cezar Ribeiro International Airport,BR-PA,2.0,9186.0,54.0,BR,Belém,-1.37925004959,-48.4762992859
584,airport,airport,BSB,SBBR,Presidente Juscelino Kubistschek International Airport,BR-DF,2.0,10827.0,3497.0,BR,Brasília,-15.8691673278809,-47.9208335876465
585,airport,airport,CNF,SBCF,Tancredo Neves International Airport,BR-MG,1.0,9843.0,2715.0,BR,Belo Horizonte,-19.6244430541992,-43.9719429016113
586,airport,airport,CWB,SBCT,Afonso Pena Airport,BR-PR,2.0,7267.0,2988.0,BR,Curitiba,-25.5284996033,-49.1758003235
587,airport,airport,MAO,SBEG,Eduardo Gomes International Airport,BR-AM,1.0,8858.0,264.0,BR,Manaus,-3.03860998153687,-60.0497016906738
588,airport,airport,REC,SBRF,Guararapes - Gilberto Freyre International Airport,BR-PE,1.0,9865.0,33.0,BR,Recife,-8.12648963928223,-34.9235992431641
589,airport,airport,SSA,SBSV,Deputado Luiz Eduardo Magalhães International Airport,BR-BA,2.0,9859.0,64.0,BR,Salvador,-12.9086112976,-38.3224983215
590,airport,airport,ASU,SGAS,Silvio Pettirossi International Airport,PY-11,1.0,11001.0,292.0,PY,Asunción,-25.2399997711182,-57.5200004577637
591,airport,airport,BAQ,SKBQ,Ernesto Cortissoz International Airport,CO-ATL,1.0,9842.0,98.0,CO,Barranquilla,10.8896,-74.7808
592,airport,airport,CTG,SKCG,Rafael Nuñez International Airport,CO-BOL,1.0,8530.0,4.0,CO,Cartagena,10.4424,-75.513
593,airport,airport,CLO,SKCL,Alfonso Bonilla Aragon International Airport,CO-VAC,1.0,9842.0,3162.0,CO,Cali,3.54322,-76.3816
594,airport,airport,MDE,SKRG,Jose Maria Córdova International Airport,CO-ANT,1.0,11483.0,6955.0,CO,Rionegro,6.16454,-75.4231
595,airport,airport,LPB,SLLP,El Alto International Airport,BO-L,2.0,13123.0,13355.0,BO,La Paz / El Alto,-16.5132999420166,-68.1922988891602
596,airport,airport,BLA,SVBC,General Jose Antonio Anzoategui International Airport,VE-B,2.0,9840.0,26.0,VE,Barcelona,10.1070995330811,-64.6892013549805
597,airport,airport,MAR,SVMC,La Chinita International Airport,VE-V,2.0,9843.0,239.0,VE,Maracaibo,10.5582084656,-71.7278594971
598,airport,airport,GEO,SYCJ,Cheddi Jagan International Airport,GY-DE,2.0,7448.0,95.0,GY,Georgetown,6.4985499382019,-58.2541007995605
599,airport,airport,FDF,TFFF,Martinique Aimé Césaire International Airport,MQ-U-A,1.0,10826.0,16.0,MQ,Fort-de-France,14.5909996032715,-61.0032005310059
600,airport,airport,PTP,TFFR,Pointe-à-Pitre Le Raizet,GP-U-A,1.0,11499.0,36.0,GP,Pointe-à-Pitre Le Raizet,16.2653007507324,-61.5317993164062
601,airport,airport,GND,TGPY,Point Salines International Airport,GD-GE,1.0,9003.0,41.0,GD,Saint George's,12.0041999816895,-61.7862014770508
602,airport,airport,STX,TISX,Henry E Rohlsen Airport,VI-U-A,1.0,10004.0,74.0,VI,Christiansted,17.7019004821777,-64.7985992431641
603,airport,airport,SKB,TKPK,Robert L. Bradshaw International Airport,KN-U-A,1.0,7602.0,170.0,KN,Basseterre,17.3111991882324,-62.7187004089355
604,airport,airport,DKR,GOOY,Léopold Sédar Senghor International Airport,SN-DK,2.0,11450.0,85.0,SN,Dakar,14.7397003173828,-17.4902000427246
605,airport,airport,BUR,KBUR,Bob Hope Airport,US-CA,2.0,6886.0,778.0,US,Burbank,34.2006988525391,-118.359001159668
606,airport,airport,AZS,MDCY,Samaná El Catey International Airport,DO-20,1.0,9843.0,30.0,DO,Samana,19.2670001984,-69.7419967651
607,airport,airport,PSE,TJPS,Mercedita Airport,PR-U-A,1.0,6904.0,29.0,PR,Ponce,18.00830078125,-66.5630035400391
608,airport,airport,ACY,KACY,Atlantic City International Airport,US-NJ,2.0,10000.0,75.0,US,Atlantic City,39.4575996398926,-74.5772018432617
609,airport,airport,ABE,KABE,Lehigh Valley International Airport,US-PA,2.0,7600.0,393.0,US,Allentown,40.652099609375,-75.440803527832
610,airport,airport,ABY,KABY,Southwest Georgia Regional Airport,US-GA,2.0,6601.0,197.0,US,Albany,31.5354995727539,-84.1945037841797
611,airport,airport,ATW,KATW,Appleton International Airport,US-WI,2.0,8002.0,918.0,US,Appleton,44.2580986023,-88.5190963745
612,airport,airport,AVP,KAVP,Wilkes Barre Scranton International Airport,US-PA,2.0,7501.0,962.0,US,Wilkes-Barre/Scranton,41.3385009766,-75.7233963013
613,airport,airport,AZO,KAZO,Kalamazoo Battle Creek International Airport,US-MI,3.0,6500.0,874.0,US,Kalamazoo,42.2349014282227,-85.5521011352539
614,airport,airport,BQK,KBQK,Brunswick Golden Isles Airport,US-GA,1.0,8001.0,26.0,US,Brunswick,31.2588005065918,-81.4664993286133
615,airport,airport,CHO,KCHO,Charlottesville Albemarle Airport,US-VA,1.0,6001.0,639.0,US,Charlottesville,38.138599395752,-78.4529037475586
616,airport,airport,CSG,KCSG,Columbus Metropolitan Airport,US-GA,2.0,6997.0,397.0,US,Columbus,32.516300201416,-84.9389038085938
617,airport,airport,DAB,KDAB,Daytona Beach International Airport,US-FL,3.0,10500.0,34.0,US,Daytona Beach,29.1798992156982,-81.0580978393555
618,airport,airport,DHN,KDHN,Dothan Regional Airport,US-AL,2.0,8498.0,401.0,US,Dothan,31.3213005065918,-85.4496002197266
619,airport,airport,EWN,KEWN,Coastal Carolina Regional Airport,US-NC,2.0,6004.0,18.0,US,New Bern,35.0730018616,-77.0429000854
620,airport,airport,FNT,KFNT,Bishop International Airport,US-MI,2.0,7849.0,782.0,US,Flint,42.9654006958008,-83.7435989379883
621,airport,airport,GTR,KGTR,Golden Triangle Regional Airport,US-MS,1.0,8002.0,264.0,US,Columbus/W Point/Starkville,33.4502983093,-88.5914001465
622,airport,airport,LWB,KLWB,Greenbrier Valley Airport,US-WV,1.0,7004.0,2302.0,US,Lewisburg,37.8582992554,-80.3994979858
623,airport,airport,MBS,KMBS,MBS International Airport,US-MI,2.0,8002.0,668.0,US,Saginaw,43.532901763916,-84.0795974731445
624,airport,airport,MCN,KMCN,Middle Georgia Regional Airport,US-GA,2.0,6501.0,354.0,US,Macon,32.692798614502,-83.6492004394531
625,airport,airport,MEI,KMEI,Key Field,US-MS,2.0,10003.0,297.0,US,Meridian,32.3325996398926,-88.7518997192383
626,airport,airport,MLB,KMLB,Melbourne International Airport,US-FL,3.0,10181.0,33.0,US,Melbourne,28.1028003692627,-80.6453018188477
627,airport,airport,MSL,KMSL,Northwest Alabama Regional Airport,US-AL,2.0,6693.0,551.0,US,Muscle Shoals,34.74530029,-87.61019897
628,airport,airport,PHF,KPHF,Newport News Williamsburg International Airport,US-VA,2.0,8003.0,42.0,US,Newport News,37.13190079,-76.49299622
629,airport,airport,PIB,KPIB,Hattiesburg Laurel Regional Airport,US-MS,1.0,6501.0,298.0,US,Hattiesburg/Laurel,31.4671001434326,-89.3370971679688
630,airport,airport,SBN,KSBN,South Bend Regional Airport,US-IN,3.0,8412.0,799.0,US,South Bend,41.7086982727051,-86.3172988891602
631,airport,airport,TRI,KTRI,Tri Cities Regional Tn Va Airport,US-TN,2.0,8030.0,1519.0,US,Bristol/Johnson/Kingsport,36.4752006530762,-82.4074020385742
632,airport,airport,TTN,KTTN,Trenton Mercer Airport,US-NJ,2.0,6006.0,213.0,US,Trenton,40.2766990661621,-74.8134994506836
633,airport,airport,TUP,KTUP,Tupelo Regional Airport,US-MS,1.0,6500.0,346.0,US,Tupelo,34.2681007385254,-88.7698974609375
634,airport,airport,VLD,KVLD,Valdosta Regional Airport,US-GA,3.0,6302.0,203.0,US,Valdosta,30.7824993133545,-83.2767028808594
635,airport,airport,KIR,EIKY,Kerry Airport,IE-KY,2.0,6562.0,112.0,IE,Killarney,52.1809005737305,-9.52377986907959
636,airport,airport,KTW,EPKT,Katowice International Airport,PL-SL,1.0,9183.0,995.0,PL,Katowice,50.4743003845,19.0799999237
637,airport,airport,LUZ,EPLB,Lublin Airport,PL-U-A,1.0,8268.0,633.0,PL,Lublin,51.240278,22.713611
638,airport,airport,PPT,NTAA,Tahiti Faa'a International Airport,PF-U-A,1.0,11360.0,5.0,PF,Papeete,-17.5536994934,-149.606994629
639,airport,airport,LNY,PHNY,Lanai Airport,US-HI,1.0,5001.0,1308.0,US,Lanai City,20.7856006622314,-156.95100402832
640,airport,airport,KOA,PHKO,Kona International At Keahole Airport,US-HI,1.0,11000.0,47.0,US,Kailua/Kona,19.7388000488281,-156.046005249023
641,airport,airport,APW,NSFA,Faleolo International Airport,WS-AA,1.0,9843.0,58.0,WS,Apia,-13.8299999237061,-172.007995605469
642,airport,airport,PPG,NSTU,Pago Pago International Airport,AS-U-A,2.0,10000.0,32.0,AS,Pago Pago,-14.3310003281,-170.710006714
643,airport,airport,MAJ,PKMJ,Marshall Islands International Airport,MH-MAJ,1.0,7897.0,6.0,MH,Majuro Atoll,7.06476020812988,171.272003173828
644,airport,airport,CXI,PLCH,Kiritimati (Christmas Island) - Cassidy International Airport,KI-L,1.0,6900.0,5.0,KI,Banana,1.98616003990173,-157.350006103516
645,airport,airport,TRW,NGTA,Bonriki International Airport,KI-G,1.0,6598.0,9.0,KI,Tarawa,1.38163995742798,173.147003173828
646,airport,airport,INU,ANYN,Nauru International Airport,NR-14,1.0,7054.0,22.0,NR,Yaren District,-0.547458,166.919006
647,airport,airport,JHM,PHJH,Kapalua Airport,US-HI,1.0,3000.0,256.0,US,Lahaina,20.9629001617432,-156.673004150391
648,airport,airport,MKK,PHMK,Molokai Airport,US-HI,2.0,4494.0,454.0,US,Kaunakakai,21.1529006958008,-157.095993041992
649,airport,airport,YXU,CYXU,London Airport,CA-ON,2.0,8800.0,912.0,CA,London,43.0355987549,-81.1539001465
650,airport,airport,ALO,KALO,Waterloo Regional Airport,US-IA,3.0,8400.0,873.0,US,Waterloo,42.5570983886719,-92.4002990722656
651,airport,airport,SUX,KSUX,Sioux Gateway Col. Bud Day Field,US-IA,2.0,9002.0,1098.0,US,Sioux City,42.40259933,-96.38439941
652,airport,airport,YKF,CYKF,Waterloo Airport,CA-ON,2.0,7002.0,1055.0,CA,Kitchener,43.4608001709,-80.3786010742
653,airport,airport,VNO,EYVI,Vilnius International Airport,LT-VL,1.0,8251.0,646.0,LT,Vilnius,54.6341018676758,25.2858009338379
654,airport,airport,AGR,VIAG,Agra Airport,IN-UP,2.0,9000.0,551.0,IN,Agra,27.1557998657227,77.9608993530273
655,airport,airport,HJR,VAKJ,Khajuraho Airport,IN-MP,1.0,7460.0,728.0,IN,Khajuraho,24.817199707,79.9186019897
656,airport,airport,VNS,VIBN,Lal Bahadur Shastri Airport,IN-UP,1.0,7238.0,266.0,IN,Varanasi,25.4524002075,82.8592987061
657,airport,airport,VVO,UHWW,Vladivostok International Airport,RU-PRI,4.0,11483.0,46.0,RU,Vladivostok,43.398998260498,132.147994995117
658,airport,airport,BOJ,LBBG,Burgas Airport,BG-02,1.0,10499.0,135.0,BG,Burgas,42.5695991516113,27.5151996612549
659,airport,airport,IXE,VOML,Mangalore International Airport,IN-KA,2.0,5300.0,337.0,IN,Mangalore,12.9612998962,74.8900985718
660,airport,airport,REU,LERS,Reus Air Base,ES-CT,2.0,8054.0,233.0,ES,Reus,41.1473999023438,1.16717004776001
661,airport,airport,BZR,LFMU,Béziers-Vias Airport,FR-K,1.0,5971.0,56.0,FR,Béziers/Vias,43.3235015869141,3.35389995574951
662,airport,airport,AMD,VAAH,Sardar Vallabhbhai Patel International Airport,IN-GJ,1.0,11447.0,189.0,IN,Ahmedabad,23.0771999359,72.6346969604
663,airport,airport,JDH,VIJO,Jodhpur Airport,IN-RJ,1.0,9005.0,717.0,IN,Jodhpur,26.2511005401611,73.0488967895508
664,airport,airport,PNQ,VAPO,Pune Airport,IN-MM,2.0,8329.0,1942.0,IN,Pune,18.5820999145508,73.9197006225586
665,airport,airport,SZX,ZGSZ,Shenzhen Bao'an International Airport,CN-44,1.0,11155.0,13.0,CN,Shenzhen,22.6392993927002,113.810997009277
666,airport,airport,HIJ,RJOA,Hiroshima Airport,JP-34,1.0,9842.0,1088.0,JP,Hiroshima,34.4361000061,132.919006348
667,airport,airport,DIL,WPDL,Presidente Nicolau Lobato International Airport,TL-DI,1.0,6065.0,154.0,TL,Dili,-8.54640007019,125.526000977
668,airport,airport,TSN,ZBTJ,Tianjin Binhai International Airport,CN-12,1.0,10499.0,10.0,CN,Tianjin,39.1244010925,117.346000671
669,airport,airport,CSX,ZGHA,Changsha Huanghua International Airport,CN-43,1.0,8530.0,217.0,CN,Changsha,28.1891994476,113.220001221
670,airport,airport,PEN,WMKP,Penang International Airport,MY-07,1.0,10997.0,11.0,MY,Penang,5.29714012145996,100.277000427246
671,airport,airport,WUH,ZHHH,Wuhan Tianhe International Airport,CN-42,1.0,11155.0,113.0,CN,Wuhan,30.7838001251221,114.208000183105
672,airport,airport,HAK,ZJHK,Haikou Meilan International Airport,CN-46,1.0,11811.0,75.0,CN,Haikou,19.9349002838135,110.458999633789
673,airport,airport,KMG,ZPPP,Kunming Wujiaba International Airport,CN-53,1.0,11155.0,6217.0,CN,Kunming,24.9923992156982,102.744003295898
674,airport,airport,FOC,ZSFZ,Fuzhou Changle International Airport,CN-35,1.0,11841.0,46.0,CN,Fuzhou,25.9351005554199,119.66300201416
675,airport,airport,NGB,ZSNB,Ningbo Lishe International Airport,CN-33,1.0,10499.0,13.0,CN,Ningbo,29.8267002105713,121.46199798584
676,airport,airport,TAO,ZSQD,Liuting Airport,CN-37,1.0,11155.0,33.0,CN,Qingdao,36.2661018372,120.374000549
677,airport,airport,CKG,ZUCK,Chongqing Jiangbei International Airport,CN-50,1.0,10499.0,1365.0,CN,Chongqing,29.7192001342773,106.641998291016
678,airport,airport,KWE,ZUGY,Longdongbao Airport,CN-52,1.0,10500.0,3736.0,CN,Guiyang,26.5384998321533,106.801002502441
679,airport,airport,NNG,ZGNN,Nanning Wuxu Airport,CN-45,1.0,8858.0,421.0,CN,Nanning,22.6082992553711,108.171997070312
680,airport,airport,KOJ,RJFK,Kagoshima Airport,JP-46,1.0,9840.0,906.0,JP,Kagoshima,31.8034000396729,130.718994140625
681,airport,airport,OIT,RJFO,Oita Airport,JP-44,1.0,9840.0,19.0,JP,Oita,33.4794006348,131.736999512
682,airport,airport,KMQ,RJNK,Komatsu Airport,JP-17,2.0,8876.0,36.0,JP,Kanazawa,36.3945999145508,136.406997680664
683,airport,airport,YGJ,RJOH,Miho Yonago Airport,JP-32,1.0,6560.0,20.0,JP,Yonago,35.4921989440918,133.235992431641
684,airport,airport,MYJ,RJOM,Matsuyama Airport,JP-38,1.0,8200.0,25.0,JP,Matsuyama,33.8272018432617,132.699996948242
685,airport,airport,TAK,RJOT,Takamatsu Airport,JP-37,1.0,8200.0,607.0,JP,Takamatsu,34.2141990662,134.01600647
686,airport,airport,KIJ,RJSN,Niigata Airport,JP-15,2.0,8200.0,29.0,JP,Niigata,37.9558982849,139.121002197
687,airport,airport,SDJ,RJSS,Sendai Airport,JP-04,2.0,9842.0,15.0,JP,Sendai,38.1397018433,140.917007446
688,airport,airport,CJU,RKPC,Jeju International Airport,KR-49,2.0,9843.0,118.0,KR,Jeju City,33.5112991333008,126.49299621582
689,airport,airport,PUS,RKPK,Gimhae International Airport,KR-26,2.0,10499.0,6.0,KR,Busan,35.1795005798,128.93800354
690,airport,airport,OKA,ROAH,Naha Airport,JP-47,1.0,9840.0,12.0,JP,Naha,26.1958007812,127.646003723
691,airport,airport,SPN,PGSN,Saipan International Airport,MP-U-A,1.0,8700.0,215.0,MP,Saipan Island,15.1190004349,145.729003906
692,airport,airport,ROR,PTRO,Babelthuap Airport,PW-004,1.0,7200.0,176.0,PW,Babelthuap Island,7.36765003204346,134.544006347656
693,airport,airport,RGN,VYYY,Yangon International Airport,MM-06,1.0,11200.0,109.0,MM,Yangon,16.9073009491,96.1332015991
694,airport,airport,DMK,VTBD,Don Mueang International Airport,TH-10,2.0,12139.0,9.0,TH,Bangkok,13.9125995636,100.607002258
695,airport,airport,CNX,VTCC,Chiang Mai International Airport,TH-50,1.0,10171.0,1036.0,TH,Chiang Mai,18.7667999268,98.962600708
696,airport,airport,KBV,VTSG,Krabi Airport,TH-81,1.0,9842.0,82.0,TH,Krabi,8.09912014008,98.9861984253
697,airport,airport,USM,VTSM,Samui Airport,TH-80,1.0,6759.0,64.0,TH,Na Thon (Ko Samui Island),9.54778957367,100.06199646
698,airport,airport,HDY,VTSS,Hat Yai International Airport,TH-90,1.0,10007.0,90.0,TH,Hat Yai,6.93320989609,100.392997742
699,airport,airport,DAD,VVDN,Da Nang International Airport,VN-60,2.0,10000.0,33.0,VN,Da Nang,16.0438995361328,108.198997497559
700,airport,airport,BWN,WBSB,Brunei International Airport,BN-BM,1.0,12000.0,73.0,BN,Bandar Seri Begawan,4.94420003890991,114.928001403809
701,airport,airport,CEB,RPVM,Mactan Cebu International Airport,PH-CEB,1.0,10827.0,31.0,PH,Lapu-Lapu City,10.3074998855591,123.978996276855
702,airport,airport,ULN,ZMUB,Chinggis Khaan International Airport,MN-1,2.0,10170.0,4364.0,MN,Ulaanbaatar,47.8431015014648,106.766998291016
703,airport,airport,MFM,VMMC,Macau International Airport,MO-U-A,1.0,10544.0,20.0,MO,Taipa,22.1495990753174,113.592002868652
704,airport,airport,BPN,WALL,Sultan Aji Muhamad Sulaiman Airport,ID-KI,1.0,8185.0,12.0,ID,Kotamadya Balikpapan,-1.26827001572,116.893997192
705,airport,airport,BKI,WBKK,Kota Kinabalu International Airport,MY-12,1.0,9800.0,10.0,MY,Kota Kinabalu,5.93721008300781,116.051002502441
706,airport,airport,CRK,RPLC,Clark International Airport,PH-PAM,2.0,10499.0,484.0,PH,Angeles City,15.1859998703,120.559997559
707,airport,airport,KBR,WMKC,Sultan Ismail Petra Airport,MY-03,1.0,6982.0,16.0,MY,Kota Baharu,6.16685009002686,102.292999267578
708,airport,airport,ILO,RPVI,Iloilo International Airport,PH-ILI,1.0,6890.0,27.0,PH,Iloilo City,10.833017,122.493358
709,airport,airport,REP,VDSR,Siem Reap International Airport,KH-17,1.0,8366.0,60.0,KH,Siem Reap,13.4106998444,103.81300354
710,airport,airport,KHV,UHHH,Khabarovsk-Novy Airport,RU-KHA,2.0,13124.0,244.0,RU,Khabarovsk,48.5279998779297,135.188003540039
711,airport,airport,UUS,UHSS,Yuzhno-Sakhalinsk Airport,RU-SAK,1.0,11155.0,59.0,RU,Yuzhno-Sakhalinsk,46.8886985778809,142.718002319336
712,airport,airport,CGQ,ZYCC,Longjia Airport,CN-22,1.0,10500.0,706.0,CN,Changchun,43.9962005615,125.684997559
713,airport,airport,DLC,ZYTL,Zhoushuizi Airport,CN-21,1.0,10827.0,107.0,CN,Dalian,38.9656982421875,121.539001464844
714,airport,airport,SHE,ZYTX,Taoxian Airport,CN-21,1.0,10499.0,198.0,CN,Shenyang,41.6398010253906,123.483001708984
715,airport,airport,KCH,WBGG,Kuching International Airport,MY-13,1.0,8051.0,89.0,MY,Kuching,1.48469996452332,110.34700012207
716,airport,airport,MYY,WBGR,Miri Airport,MY-13,1.0,9006.0,59.0,MY,Miri,4.3220100402832,113.986999511719
717,airport,airport,KUA,WMKD,Kuantan Airport,MY-06,1.0,9200.0,58.0,MY,Kuantan,3.77538990974426,103.208999633789
718,airport,airport,IPH,WMKI,Sultan Azlan Shah Airport,MY-08,1.0,5900.0,130.0,MY,Ipoh,4.56796979904175,101.092002868652
719,airport,airport,LGK,WMKL,Langkawi International Airport,MY-02,1.0,12500.0,29.0,MY,Langkawi,6.32973003387451,99.7286987304688
720,airport,airport,TGG,WMKN,Sultan Mahmud Airport,MY-11,1.0,6600.0,21.0,MY,Kuala Terengganu,5.38263988494873,103.102996826172
721,airport,airport,SZB,WMSA,Sultan Abdul Aziz Shah International Airport,MY-10,1.0,12401.0,90.0,MY,Kuala Lumpur Subang,3.13057994842529,101.549003601074
722,airport,airport,SHJ,OMSJ,Sharjah International Airport,AE-SH,1.0,13320.0,111.0,AE,Sharjah,25.3285999298096,55.5172004699707
723,airport,airport,ADE,OYAA,Aden International Airport,YE-AD,1.0,10171.0,7.0,YE,Aden,12.8295001983643,45.0288009643555
724,airport,airport,CJB,VOCB,Coimbatore International Airport,IN-TN,1.0,8480.0,1324.0,IN,Coimbatore,11.029999733,77.0434036255
725,airport,airport,COK,VOCI,Cochin International Airport,IN-KL,1.0,11155.0,30.0,IN,Cochin,10.1520004272,76.4019012451
726,airport,airport,VAR,LBWN,Varna Airport,BG-03,1.0,8202.0,230.0,BG,Varna,43.2321014404297,27.8250999450684
727,airport,airport,TRV,VOTV,Trivandrum International Airport,IN-KL,1.0,11148.0,15.0,IN,Trivandrum,8.48211956024,76.9200973511
728,airport,airport,DVO,RPMD,Francisco Bangoy International Airport,PH-DAV,1.0,9842.0,96.0,PH,Davao City,7.1255202293396,125.646003723145
729,airport,airport,VTE,VLVT,Wattay International Airport,LA-VT,1.0,9843.0,564.0,LA,Vientiane,17.9883003235,102.56300354
730,airport,airport,SUB,WARR,Juanda International Airport,ID-JI,1.0,9843.0,9.0,ID,Surabaya,-7.37982988357544,112.787002563477
731,airport,airport,BDO,WICC,Husein Sastranegara International Airport,ID-JB,1.0,7361.0,2436.0,ID,Bandung-Java Island,-6.90062999725342,107.575996398926
732,airport,airport,LOP,WADL,Bandara International Lombok Airport,ID-NB,1.0,9000.0,319.0,ID,Mataram,-8.757322,116.276675
733,airport,airport,KLO,RPVK,Kalibo International Airport,PH-AKL,1.0,7175.0,14.0,PH,Kalibo,11.679400444,122.375999451
734,airport,airport,PKU,WIBB,Sultan Syarif Kasim Ii (Simpang Tiga) Airport,ID-RI,1.0,7360.0,102.0,ID,Pekanbaru-Sumatra Island,0.460786014795303,101.444999694824
735,airport,airport,PLM,WIPP,Sultan Mahmud Badaruddin Ii Airport,ID-SS,1.0,8202.0,49.0,ID,Palembang-Sumatra Island,-2.89825010299683,104.699996948242
736,airport,airport,SOC,WARQ,Adi Sumarmo Wiryokusumo Airport,ID-JT,1.0,8530.0,421.0,ID,Sukarata(Solo)-Java Island,-7.51608991622925,110.75700378418
737,airport,airport,SRG,WARS,Achmad Yani Airport,ID-JT,1.0,6070.0,10.0,ID,Semarang-Java Island,-6.97273015975952,110.375
738,airport,airport,UPG,WAAA,Hasanuddin International Airport,ID-SN,2.0,8202.0,47.0,ID,Ujung Pandang-Celebes Island,-5.06162977218628,119.554000854492
739,airport,airport,TRZ,VOTR,Tiruchirapally Civil Airport Airport,IN-TN,2.0,6115.0,288.0,IN,Tiruchirappally,10.7653999328613,78.7097015380859
740,airport,airport,SAH,OYSN,Sana'a International Airport,YE-SN,1.0,10669.0,7216.0,YE,Sana'a,15.476300239563,44.2196998596191
741,airport,airport,JOG,WARJ,Adi Sutjipto International Airport,ID-YO,2.0,7215.0,350.0,ID,Yogyakarta-Java Island,-7.78817987442017,110.431999206543
742,airport,airport,DIU,VA1P,Diu Airport,IN-GJ,2.0,5980.0,31.0,IN,Diu,20.7131004333496,70.9210968017578
743,airport,airport,PBD,VAPR,Porbandar Airport,IN-GJ,1.0,4500.0,23.0,IN,Porbandar,21.6487007141,69.6572036743
744,airport,airport,NOU,NWWW,La Tontouta International Airport,NC-U-A,1.0,10663.0,52.0,NC,Nouméa,-22.0146007537842,166.212997436523
745,airport,airport,TSA,RCSS,Taipei Songshan Airport,TW-TPE,1.0,8547.0,18.0,TW,Taipei City,25.0694007873535,121.552001953125
746,airport,airport,SHM,RJBD,Nanki Shirahama Airport,JP-30,2.0,6560.0,298.0,JP,Shirahama,33.6622009277,135.363998413
747,airport,airport,UKB,RJBE,Kobe Airport,JP-28,1.0,8202.0,22.0,JP,Kobe,34.6328010559082,135.223999023438
748,airport,airport,OBO,RJCB,Tokachi-Obihiro Airport,JP-01,1.0,8202.0,505.0,JP,Obihiro,42.7332992554,143.216995239
749,airport,airport,HKD,RJCH,Hakodate Airport,JP-01,1.0,9842.0,151.0,JP,Hakodate,41.7700004578,140.822006226
750,airport,airport,KUH,RJCK,Kushiro Airport,JP-01,1.0,8202.0,327.0,JP,Kushiro,43.0410003662,144.192993164
751,airport,airport,MMB,RJCM,Memanbetsu Airport,JP-01,1.0,8202.0,135.0,JP,Ōzora,43.8805999756,144.164001465
752,airport,airport,SHB,RJCN,Nakashibetsu Airport,JP-01,1.0,6560.0,234.0,JP,Nakashibetsu,43.5774993896,144.960006714
753,airport,airport,WKJ,RJCW,Wakkanai Airport,JP-01,1.0,6560.0,30.0,JP,Wakkanai,45.4042015076,141.800994873
754,airport,airport,UBJ,RJDC,Yamaguchi Ube Airport,JP-35,1.0,8200.0,23.0,JP,Ube,33.9300003052,131.279006958
755,airport,airport,MBE,RJEB,Monbetsu Airport,JP-01,1.0,6562.0,80.0,JP,Monbetsu,44.3039016724,143.404006958
756,airport,airport,AKJ,RJEC,Asahikawa Airport,JP-01,1.0,8200.0,721.0,JP,Asahikawa / Hokkaidō,43.6707992553711,142.447006225586
757,airport,airport,KMI,RJFM,Miyazaki Airport,JP-45,1.0,8200.0,20.0,JP,Miyazaki,31.877199173,131.449005127
758,airport,airport,KKJ,RJFR,Kitakyūshū Airport,JP-40,1.0,8202.0,21.0,JP,Kitakyūshū,33.8459014893,131.035003662
759,airport,airport,HSG,RJFS,Saga Airport,JP-41,1.0,6562.0,6.0,JP,Saga,33.1497001648,130.302001953
760,airport,airport,KMJ,RJFT,Kumamoto Airport,JP-43,1.0,9840.0,642.0,JP,Kumamoto,32.8372993469238,130.854995727539
761,airport,airport,NGS,RJFU,Nagasaki Airport,JP-42,2.0,9840.0,15.0,JP,Nagasaki,32.9169006348,129.914001465
762,airport,airport,ASJ,RJKA,Amami Airport,JP-46,1.0,6560.0,27.0,JP,Amami,28.4305992126465,129.712997436523
763,airport,airport,TOY,RJNT,Toyama Airport,JP-16,1.0,6562.0,95.0,JP,Toyama,36.6483001708984,137.188003540039
764,airport,airport,NTQ,RJNW,Noto Airport,JP-17,1.0,6562.0,718.0,JP,Wajima,37.2930984497,136.962005615
765,airport,airport,OKJ,RJOB,Okayama Airport,JP-33,1.0,9843.0,806.0,JP,Okayama City,34.7569007874,133.854995728
766,airport,airport,IZO,RJOC,Izumo Airport,JP-32,1.0,6562.0,15.0,JP,Izumo,35.4136009216,132.88999939
767,airport,airport,KCZ,RJOK,Kōchi Ryōma Airport,JP-39,1.0,8203.0,42.0,JP,Nankoku,33.5461006165,133.669006348
768,airport,airport,TTJ,RJOR,Tottori Airport,JP-31,1.0,6562.0,65.0,JP,Tottori,35.5301017761,134.167007446
769,airport,airport,TKS,RJOS,Tokushima Airport,JP-36,1.0,6560.0,26.0,JP,Tokushima,34.1328010559,134.606994629
770,airport,airport,IWJ,RJOW,Iwami Airport,JP-32,1.0,6562.0,184.0,JP,Masuda,34.676399231,131.789993286
771,airport,airport,AOJ,RJSA,Aomori Airport,JP-02,1.0,9846.0,664.0,JP,Aomori,40.7346992492676,140.690994262695
772,airport,airport,GAJ,RJSC,Yamagata Airport,JP-06,1.0,6560.0,353.0,JP,Yamagata,38.4118995667,140.371002197
773,airport,airport,AXT,RJSK,Akita Airport,JP-05,1.0,8200.0,313.0,JP,Akita,39.6156005859375,140.218994140625
774,airport,airport,MSJ,RJSM,Misawa Air Base,JP-02,1.0,10000.0,119.0,JP,Misawa,40.7032012939,141.367996216
775,airport,airport,ONJ,RJSR,Odate Noshiro Airport,JP-05,1.0,6562.0,292.0,JP,Odate,40.1918983459,140.371002197
776,airport,airport,SYO,RJSY,Shonai Airport,JP-06,1.0,6560.0,86.0,JP,Shonai,38.8121986389,139.787002563
777,airport,airport,HAC,RJTH,Hachijojima Airport,JP-13,1.0,6563.0,303.0,JP,Hachijojima,33.1150016785,139.785995483
778,airport,airport,OIM,RJTO,Oshima Airport,JP-13,1.0,5905.0,130.0,JP,Izu Oshima,34.7820014954,139.36000061
779,airport,airport,GMP,RKSS,Gimpo International Airport,KR-11,2.0,11811.0,58.0,KR,Seoul,37.5583000183,126.791000366
780,airport,airport,ISG,ROIG,Ishigaki Airport,JP-47,1.0,4920.0,93.0,JP,Ishigaki,24.344499588,124.18699646
781,airport,airport,MMY,ROMY,Miyako Airport,JP-47,1.0,6560.0,150.0,JP,Miyako City,24.7828006744,125.294998169
782,airport,airport,SHA,ZSSS,Shanghai Hongqiao International Airport,CN-31,1.0,11154.0,10.0,CN,Shanghai,31.1979007720947,121.335998535156
783,airport,airport,FNI,LFTW,Nîmes-Arles-Camargue Airport,FR-K,1.0,8005.0,309.0,FR,Nîmes/Garons,43.7574005126953,4.4163498878479
784,airport,airport,CRL,EBCI,Brussels South Charleroi Airport,BE-WHT,1.0,8366.0,614.0,BE,Brussels,50.4592018127,4.45382022858
785,airport,airport,WAT,EIWF,Waterford Airport,IE-WD,1.0,4701.0,119.0,IE,Waterford,52.187198638916,-7.08695983886719
786,airport,airport,RYG,ENRY,"Moss Airport, Rygge",NO-01,1.0,8012.0,174.0,NO,Rygge,59.3788986206,10.7855997086
787,airport,airport,WMI,EPMO,Modlin Airport,PL-MZ,1.0,8202.0,341.0,PL,Warsaw,52.4510993958,20.6518001556
788,airport,airport,RZE,EPRZ,Rzeszów-Jasionka Airport,PL-PK,2.0,10499.0,675.0,PL,Rzeszów,50.1100006104,22.0189990997
789,airport,airport,PUY,LDPL,Pula Airport,HR-18,1.0,9678.0,274.0,HR,Pula,44.8935012817383,13.9222002029419
790,airport,airport,ZAD,LDZD,Zemunik Airport,HR-13,2.0,8202.0,289.0,HR,Zadar,44.1082992553711,15.3466997146606
791,airport,airport,BVA,LFOB,Paris Beauvais Tillé Airport,FR-S,3.0,7972.0,359.0,FR,Beauvais/Tillé,49.4543991088867,2.11278009414673
792,airport,airport,TPS,LICT,Vincenzo Florio Airport Trapani-Birgi,IT-82,1.0,8852.0,25.0,IT,Trapani,37.9113998413,12.4879999161
793,airport,airport,BGY,LIME,Il Caravaggio International Airport,IT-25,2.0,9636.0,782.0,IT,Bergamo,45.6739006042,9.70417022705
794,airport,airport,CIA,LIRA,Ciampino–G. B. Pastine International Airport,IT-62,1.0,7242.0,427.0,IT,Roma,41.7994003296,12.5949001312
795,airport,airport,CCC,MUCC,Jardines Del Rey Airport,CU-08,1.0,9842.0,13.0,CU,Cayo Coco,22.4610004425,-78.3283996582
796,airport,airport,DJE,DTTJ,Djerba Zarzis International Airport,TN-82,1.0,10171.0,19.0,TN,Djerba,33.875,10.7755002975464
797,airport,airport,HDF,EDAH,Heringsdorf Airport,DE-MV,2.0,7562.0,93.0,DE,Heringsdorf,53.8787002563,14.152299881
798,airport,airport,FMO,EDDG,Münster Osnabrück Airport,DE-NW,1.0,7119.0,160.0,DE,Münster,52.134601593,7.68483018875
799,airport,airport,FDH,EDNY,Friedrichshafen Airport,DE-BW,1.0,7729.0,1367.0,DE,Friedrichshafen,47.6712989807,9.51148986816
800,airport,airport,GWT,EDXW,Westerland Sylt Airport,DE-SH,2.0,6955.0,51.0,DE,Westerland,54.9132003784,8.34047031403
801,airport,airport,POZ,EPPO,Poznań-Ławica Airport,PL-WP,2.0,8215.0,308.0,PL,Poznań,52.4210014343,16.8262996674
802,airport,airport,WDH,FYWH,Hosea Kutako International Airport,NA-KH,2.0,15010.0,5640.0,,Windhoek,-22.4799003601074,17.4708995819092
803,airport,airport,XRY,LEJR,Jerez Airport,ES-AN,1.0,7546.0,93.0,ES,Jerez de la Forntera,36.7445983886719,-6.06011009216309
804,airport,airport,GPA,LGRX,Araxos Airport,GR-13,2.0,10999.0,46.0,GR,Patras,38.1511001586914,21.4256000518799
805,airport,airport,GRZ,LOWG,Graz Airport,AT-6,3.0,9842.0,1115.0,AT,Graz,46.9911003112793,15.4395999908447
806,airport,airport,LNZ,LOWL,Linz Airport,AT-4,2.0,9843.0,978.0,AT,Linz,48.2332000732422,14.1875
807,airport,airport,ESB,LTAC,Esenboğa International Airport,TR-06,2.0,12303.0,3125.0,TR,Ankara,40.1281013489,32.995098114
808,airport,airport,KIV,LUKK,Chişinău International Airport,MD-C,1.0,11779.0,399.0,MD,Chişinău,46.9277000427246,28.9309997558594
809,airport,airport,TGD,LYPG,Podgorica Airport,ME-16,2.0,8202.0,141.0,ME,Podgorica,42.3594017028809,19.2518997192383
810,airport,airport,OVB,UNNT,Tolmachevo Airport,RU-NVS,2.0,11818.0,365.0,RU,Novosibirsk,55.0125999450684,82.6507034301758
811,airport,airport,DYU,UTDD,Dushanbe Airport,TJ-RR,1.0,10170.0,2575.0,TJ,Dushanbe,38.5433006287,68.8249969482
812,airport,airport,GOJ,UWGG,Nizhny Novgorod International Airport,RU-NIZ,4.0,9203.0,256.0,RU,Nizhny Novgorod,56.2300987243652,43.7840003967285
813,airport,airport,KUF,UWWW,Kurumoch International Airport,RU-SAM,2.0,9846.0,477.0,RU,Samara,53.5049018859863,50.1642990112305
814,airport,airport,LUN,FLLS,Lusaka International Airport,ZM-09,2.0,12998.0,3779.0,ZM,Lusaka,-15.3308000565,28.4526004791
815,airport,airport,HGA,HCMH,Egal International Airport,SO-WO,1.0,8000.0,4423.0,SO,Hargeisa,9.51817035675049,44.0887985229492
816,airport,airport,BBO,HCMI,Berbera Airport,SO-WO,1.0,13582.0,30.0,SO,Berbera,10.3892002105713,44.9411010742188
817,airport,airport,JIB,HDAM,Djibouti-Ambouli Airport,DJ-DJ,1.0,10335.0,49.0,DJ,Djibouti City,11.5473003387451,43.1595001220703
818,airport,airport,HBE,HEBA,Borg El Arab International Airport,EG-ALX,3.0,11156.0,177.0,EG,Alexandria,30.9176998138428,29.6963996887207
819,airport,airport,PZU,HSPN,Port Sudan New International Airport,SD-26,1.0,8202.0,135.0,SD,Port Sudan,19.4335994720459,37.2341003417969
820,airport,airport,JUB,HSSJ,Juba International Airport,SS-17,1.0,7874.0,1513.0,SS,Juba,4.87201023102,31.6011009216
821,airport,airport,KRT,HSSS,Khartoum International Airport,SD-03,1.0,9751.0,1265.0,SD,Khartoum,15.5895004272461,32.5531997680664
822,airport,airport,DAR,HTDA,Julius Nyerere International Airport,TZ-02,2.0,9843.0,182.0,TZ,Dar es Salaam,-6.87810993195,39.2025985718
823,airport,airport,GSM,OIKQ,Gheshm Airport,IR-23,1.0,13861.0,45.0,IR,Gheshm,26.9486999511719,56.268798828125
824,airport,airport,SKP,LWSK,Skopje Alexander the Great Airport,MK-73,1.0,8038.0,781.0,MK,Skopje,41.9616012573242,21.6214008331299
825,airport,airport,KBL,OAKB,Kabul International Airport,AF-KAB,1.0,11483.0,5877.0,AF,Kabul,34.5658988952637,69.2123031616211
826,airport,airport,BTS,LZIB,M. R. Štefánik Airport,SK-BL,2.0,10466.0,436.0,SK,Bratislava,48.1702003479004,17.2126998901367
827,airport,airport,DLA,FKKD,Douala International Airport,CM-LT,1.0,9350.0,33.0,CM,Douala,4.0060801506,9.71947956085
828,airport,airport,AAE,DABB,Annaba Airport,DZ-36,2.0,9843.0,16.0,DZ,Annabah,36.8222007751465,7.80916976928711
829,airport,airport,CZL,DABC,Mohamed Boudiaf International Airport,DZ-25,2.0,9843.0,2265.0,DZ,Constantine,36.2760009765625,6.62038993835449
830,airport,airport,ORN,DAOO,Es Senia Airport,DZ-31,1.0,10039.0,295.0,DZ,Oran,35.6239013672,-0.621182978153
831,airport,airport,COO,DBBB,Cadjehoun Airport,BJ-AQ,1.0,7874.0,19.0,BJ,Cotonou,6.3572301864624,2.38435006141663
832,airport,airport,OUA,DFFD,Ouagadougou Airport,BF-KAD,2.0,9934.0,1037.0,BF,Ouagadougou,12.3531999588013,-1.51242005825043
833,airport,airport,ABJ,DIAP,Port Bouet Airport,CI-01,1.0,9843.0,21.0,CI,Abidjan,5.261390209198,-3.9262900352478
834,airport,airport,NIM,DRRN,Diori Hamani International Airport,NE-8,3.0,9843.0,732.0,NE,Niamey,13.481499671936,2.18360996246338
835,airport,airport,MIR,DTMB,Monastir Habib Bourguiba International Airport,TN-52,1.0,9678.0,9.0,TN,Monastir,35.7580986022949,10.7546997070312
836,airport,airport,SFA,DTTX,Sfax Thyna International Airport,TN-61,1.0,9843.0,85.0,TN,Sfax,34.7179985046387,10.6909999847412
837,airport,airport,LFW,DXXX,Lomé-Tokoin Airport,TG-M,1.0,9847.0,72.0,TG,Lomé,6.16560983657837,1.25451004505157
838,airport,airport,BZV,FCBB,Maya-Maya Airport,CG-12,1.0,10827.0,1048.0,CG,Brazzaville,-4.25169992446899,15.2530002593994
839,airport,airport,PNR,FCPP,Pointe Noire Airport,CG-5,1.0,8530.0,55.0,CG,Pointe Noire,-4.81603002548218,11.8865995407104
840,airport,airport,BGF,FEFF,Bangui M'Poko International Airport,CF-MP,1.0,8530.0,1208.0,CF,Bangui,4.39847993850708,18.5188007354736
841,airport,airport,NSI,FKYS,Yaoundé Nsimalen International Airport,CM-CE,1.0,11155.0,2278.0,CM,Yaoundé,3.72255992889404,11.5532999038696
842,airport,airport,RUN,FMEE,Roland Garros Airport,RE-U-A,2.0,10499.0,66.0,RE,St Denis,-20.8871002197266,55.5102996826172
843,airport,airport,TNR,FMMI,Ivato Airport,MG-T,1.0,10171.0,4198.0,MG,Antananarivo,-18.7968997955,47.4788017273
844,airport,airport,LBV,FOOL,Libreville Leon M'ba International Airport,GA-1,1.0,9844.0,39.0,GA,Libreville,0.458600014448,9.4122800827
845,airport,airport,NDJ,FTTJ,N'Djamena International Airport,TD-CB,1.0,9186.0,968.0,TD,N'Djamena,12.1337003707886,15.0340003967285
846,airport,airport,FIH,FZAA,Ndjili International Airport,CD-KN,1.0,15420.0,1027.0,CD,Kinshasa,-4.38574981689,15.4446001053
847,airport,airport,BKO,GABS,Senou Airport,ML-2,1.0,8879.0,1247.0,ML,Senou,12.5334997177124,-7.94994020462036
848,airport,airport,ROB,GLRB,Roberts International Airport,LR-MG,1.0,11000.0,31.0,LR,Monrovia,6.23378992080688,-10.3622999191284
849,airport,airport,RBA,GMME,Rabat-Salé Airport,MA-RBA,1.0,11483.0,276.0,MA,Rabat,34.0514984130859,-6.75152015686035
850,airport,airport,NKC,GQNN,Nouakchott International Airport,MR-NKC,1.0,9876.0,13.0,MR,Nouakchott,18.0981998443604,-15.9484996795654
851,airport,airport,CKY,GUCY,Conakry Airport,GN-C,1.0,10826.0,72.0,GN,Conakry,9.57689,-13.612
852,airport,airport,RAI,GVNP,Praia International Airport,CV-S,3.0,6876.0,230.0,CV,Praia,14.9245004653931,-23.4934997558594
853,airport,airport,OVD,LEAS,Asturias Airport,ES-O,1.0,7218.0,416.0,ES,Ranón,43.5635986328125,-6.03461980819702
854,airport,airport,VGO,LEVX,Vigo Airport,ES-GA,1.0,7874.0,856.0,ES,Vigo,42.2318000793457,-8.62677001953125
855,airport,airport,PUF,LFBP,Pau Pyrénées Airport,FR-B,1.0,8202.0,616.0,FR,Pau/Pyrénées (Uzein),43.3800010681152,-0.418610990047455
856,airport,airport,BIQ,LFBZ,Biarritz-Anglet-Bayonne Airport,FR-B,1.0,7382.0,245.0,FR,Biarritz/Anglet/Bayonne,43.4683990478516,-1.5233199596405
857,airport,airport,CLY,LFKC,Calvi-Sainte-Catherine Airport,FR-H,1.0,7579.0,209.0,FR,Calvi/Sainte-Catherine,42.5307998657227,8.79319000244141
858,airport,airport,RNS,LFRN,Rennes-Saint-Jacques Airport,FR-E,2.0,6890.0,124.0,FR,Rennes/Saint-Jacques,48.0694999695,-1.73478996754
859,airport,airport,OSR,LKMT,Ostrava Leos Janáček Airport,CZ-MO,1.0,11484.0,844.0,CZ,Ostrava,49.6963005065918,18.1110992431641
860,airport,airport,EVN,UDYZ,Zvartnots International Airport,AM-ER,1.0,12629.0,2838.0,AM,Yerevan,40.1473007202,44.3959007263
861,airport,airport,SVX,USSS,Koltsovo Airport,RU-SVE,2.0,9925.0,764.0,RU,Yekaterinburg,56.7430992126465,60.8027000427246
862,airport,airport,UGC,UTNU,Urgench Airport,UZ-XO,1.0,11065.0,320.0,UZ,Urgench,41.584300994873,60.6417007446289
863,airport,airport,YYJ,CYYJ,Victoria International Airport,CA-BC,3.0,7000.0,63.0,CA,Victoria,48.646900177,-123.426002502
864,airport,airport,ACV,KACV,Arcata Airport,US-CA,2.0,6000.0,221.0,US,Arcata/Eureka,40.978099822998,-124.109001159668
865,airport,airport,BFL,KBFL,Meadows Field,US-CA,2.0,10857.0,510.0,US,Bakersfield,35.43360138,-119.0569992
866,airport,airport,CEC,KCEC,Jack Mc Namara Field Airport,US-CA,2.0,5002.0,61.0,US,Crescent City,41.78020096,-124.2369995
867,airport,airport,CIC,KCIC,Chico Municipal Airport,US-CA,2.0,6724.0,240.0,US,Chico,39.79539871,-121.8580017
868,airport,airport,EUG,KEUG,Mahlon Sweet Field,US-OR,3.0,8009.0,374.0,US,Eugene,44.1245994567871,-123.21199798584
869,airport,airport,LMT,KLMT,Klamath Falls Airport,US-OR,3.0,10301.0,4095.0,US,Klamath Falls,42.1561012268066,-121.733001708984
870,airport,airport,MFR,KMFR,Rogue Valley International Medford Airport,US-OR,2.0,8800.0,1335.0,US,Medford,42.3741989135742,-122.873001098633
871,airport,airport,MOD,KMOD,Modesto City Co-Harry Sham Field,US-CA,2.0,5911.0,97.0,US,Modesto,37.62580109,-120.9540024
872,airport,airport,MRY,KMRY,Monterey Peninsula Airport,US-CA,2.0,7616.0,257.0,US,Monterey,36.5870018005371,-121.843002319336
873,airport,airport,OTH,KOTH,Southwest Oregon Regional Airport,US-OR,2.0,5321.0,17.0,US,North Bend,43.4170989990234,-124.246002197266
874,airport,airport,PSC,KPSC,Tri Cities Airport,US-WA,3.0,7711.0,410.0,US,Pasco,46.2647018432617,-119.119003295898
875,airport,airport,RDD,KRDD,Redding Municipal Airport,US-CA,2.0,7003.0,505.0,US,Redding,40.50899887,-122.2929993
876,airport,airport,RDM,KRDM,Roberts Field,US-OR,2.0,7040.0,3080.0,US,Redmond,44.2541008,-121.1500015
877,airport,airport,SBA,KSBA,Santa Barbara Municipal Airport,US-CA,3.0,6052.0,13.0,US,Santa Barbara,34.42620087,-119.8399963
878,airport,airport,SBP,KSBP,San Luis County Regional Airport,US-CA,2.0,6100.0,212.0,US,San Luis Obispo,35.2368011475,-120.641998291
879,airport,airport,RMQ,RCMQ,Taichung Ching Chuang Kang Airport,TW-TXG,1.0,12000.0,663.0,TW,Taichung City,24.2646999359131,120.621002197266
880,airport,airport,TNN,RCNN,Tainan Airport,TW-TNN,2.0,10007.0,63.0,TW,Tainan City,22.9503993988037,120.206001281738
881,airport,airport,TYN,ZBYN,Taiyuan Wusu Airport,CN-14,1.0,10500.0,2575.0,CN,Taiyuan,37.746898651123,112.627998352051
882,airport,airport,YLW,CYLW,Kelowna International Airport,CA-BC,1.0,8900.0,1421.0,CA,Kelowna,49.9561004639,-119.377998352
883,airport,airport,ASE,KASE,Aspen-Pitkin Co/Sardy Field,US-CO,1.0,7006.0,7820.0,US,Aspen,39.22320175,-106.8690033
884,airport,airport,BLI,KBLI,Bellingham International Airport,US-WA,1.0,6701.0,170.0,US,Bellingham,48.7928009033203,-122.53800201416
885,airport,airport,CLD,KCRQ,Mc Clellan-Palomar Airport,US-CA,1.0,4897.0,331.0,US,Carlsbad,33.12829971,-117.2799988
886,airport,airport,GEG,KGEG,Spokane International Airport,US-WA,2.0,11002.0,2376.0,US,Spokane,47.6198997497559,-117.533996582031
887,airport,airport,IGM,KIGM,Kingman Airport,US-AZ,3.0,6826.0,3449.0,US,Kingman,35.2594985961914,-113.938003540039
888,airport,airport,MCE,KMCE,Merced Regional Macready Field,US-CA,1.0,5903.0,155.0,US,Merced,37.28469849,-120.5139999
889,airport,airport,MMH,KMMH,Mammoth Yosemite Airport,US-CA,1.0,7000.0,7135.0,US,Mammoth Lakes,37.62409973,-118.8379974
890,airport,airport,YUM,KNYL,Yuma MCAS/Yuma International Airport,US-AZ,4.0,13299.0,213.0,US,Yuma,32.65660095,-114.6060028
891,airport,airport,PRC,KPRC,Ernest A. Love Field,US-AZ,3.0,7550.0,5045.0,US,Prescott,34.65449905,-112.4199982
892,airport,airport,SMX,KSMX,Santa Maria Pub/Capt G Allan Hancock Field,US-CA,2.0,6304.0,261.0,US,Santa Maria,34.89889908,-120.4570007
893,airport,airport,STS,KSTS,Charles M. Schulz Sonoma County Airport,US-CA,2.0,5115.0,128.0,US,Santa Rosa,38.50899887,-122.8130035
894,airport,airport,VIS,KVIS,Visalia Municipal Airport,US-CA,1.0,6559.0,295.0,US,Visalia,36.3186988831,-119.392997742
895,airport,airport,DGO,MMDO,General Guadalupe Victoria International Airport,MX-DUR,1.0,9514.0,6104.0,MX,Durango,24.1242008209,-104.527999878
896,airport,airport,HMO,MMHO,General Ignacio P. Garcia International Airport,MX-SON,2.0,7546.0,627.0,MX,Hermosillo,29.0958995819,-111.047996521
897,airport,airport,LTO,MMLT,Loreto International Airport,MX-BCS,1.0,7218.0,34.0,MX,Loreto,25.989200592041,-111.347999572754
898,airport,airport,UPN,MMPN,Licenciado y General Ignacio Lopez Rayon Airport,MX-MIC,1.0,7874.0,5258.0,MX,Uruapan,19.3966999053955,-102.039001464844
899,airport,airport,ZIH,MMZH,Ixtapa Zihuatanejo International Airport,MX-GRO,1.0,8202.0,26.0,MX,Ixtapa,17.601600647,-101.460998535
900,airport,airport,ZLO,MMZO,Playa De Oro International Airport,MX-COL,1.0,7218.0,30.0,MX,Manzanillo,19.1448001862,-104.558998108
901,airport,airport,RAR,NCRG,Rarotonga International Airport,CK-U-A,1.0,7638.0,19.0,CK,Avarua,-21.2026996613,-159.805999756
902,airport,airport,TNA,ZSJN,Yaoqiang Airport,CN-37,1.0,11814.0,76.0,CN,Jinan,36.8572006225586,117.216003417969
903,airport,airport,XIY,ZLXY,Xi'an Xianyang International Airport,CN-61,1.0,9842.0,1572.0,CN,Xianyang,34.4471015930176,108.751998901367
904,airport,airport,KHN,ZSCN,Nanchang Changbei International Airport,CN-36,1.0,9186.0,143.0,CN,Nanchang,28.8649997711182,115.900001525879
905,airport,airport,CGO,ZHCC,Zhengzhou Xinzheng International Airport,CN-41,1.0,11155.0,495.0,CN,Zhengzhou,34.5196990967,113.841003418
906,airport,airport,YNT,ZSYT,Yantai Laishan Airport,CN-37,1.0,8530.0,59.0,CN,Yantai,37.4016990661621,121.372001647949
907,airport,airport,PVU,KPVU,Provo Municipal Airport,US-UT,2.0,8599.0,4497.0,US,Provo,40.2192001342773,-111.722999572754
908,airport,airport,BTM,KBTM,Bert Mooney Airport,US-MT,3.0,9001.0,5550.0,US,Butte,45.9547996520996,-112.497001647949
909,airport,airport,BZN,KBZN,Gallatin Field,US-MT,3.0,9003.0,4473.0,US,Bozeman,45.77750015,-111.1529999
910,airport,airport,CDC,KCDC,Cedar City Regional Airport,US-UT,2.0,8653.0,5622.0,US,Cedar City,37.701000213623,-113.098999023438
911,airport,airport,CNY,KCNY,Canyonlands Field,US-UT,1.0,7100.0,4557.0,US,Moab,38.75500107,-109.7549973
912,airport,airport,COD,KCOD,Yellowstone Regional Airport,US-WY,1.0,8268.0,5102.0,US,Cody,44.520198822,-109.024002075
913,airport,airport,CPR,KCPR,Casper-Natrona County International Airport,US-WY,4.0,10164.0,5350.0,US,Casper,42.90800095,-106.4639969
914,airport,airport,EKO,KEKO,Elko Regional Airport,US-NV,2.0,7214.0,5140.0,US,Elko,40.8249015808105,-115.791999816895
915,airport,airport,GCC,KGCC,Gillette Campbell County Airport,US-WY,2.0,7500.0,4365.0,US,Gillette,44.3488998413,-105.539001465
916,airport,airport,FCA,KGPI,Glacier Park International Airport,US-MT,3.0,9007.0,2977.0,US,Kalispell,48.3105010986328,-114.255996704102
917,airport,airport,GTF,KGTF,Great Falls International Airport,US-MT,3.0,10502.0,3680.0,US,Great Falls,47.48199844,-111.3710022
918,airport,airport,HLN,KHLN,Helena Regional Airport,US-MT,3.0,9000.0,3877.0,US,Helena,46.6068000793457,-111.983001708984
919,airport,airport,JAC,KJAC,Jackson Hole Airport,US-WY,1.0,6300.0,6451.0,US,Jackson,43.6072998046875,-110.737998962402
920,airport,airport,LWS,KLWS,Lewiston Nez Perce County Airport,US-ID,2.0,6511.0,1442.0,US,Lewiston,46.3745002746582,-117.014999389648
921,airport,airport,MSO,KMSO,Missoula International Airport,US-MT,2.0,9501.0,3206.0,US,Missoula,46.91630173,-114.0910034
922,airport,airport,PIH,KPIH,Pocatello Regional Airport,US-ID,2.0,9060.0,4452.0,US,Pocatello,42.9098014831543,-112.596000671387
923,airport,airport,RKS,KRKS,Rock Springs Sweetwater County Airport,US-WY,2.0,10000.0,6764.0,US,Rock Springs,41.59420013,-109.0650024
924,airport,airport,SGU,KSGU,St George Municipal Airport,US-UT,1.0,6606.0,2941.0,US,St George,37.0363888889,-113.510305556
925,airport,airport,TWF,KTWF,Joslin Field Magic Valley Regional Airport,US-ID,2.0,8703.0,4154.0,US,Twin Falls,42.48180008,-114.487999
926,airport,airport,VEL,KVEL,Vernal Regional Airport,US-UT,2.0,6201.0,5278.0,US,Vernal,40.4408989,-109.5100021
927,airport,airport,XUZ,ZSXZ,Xuzhou Guanyin Airport,CN-32,1.0,11548.0,115.0,CN,Xuzhou,34.059056,117.555278
928,airport,airport,SYX,ZJSY,Sanya Phoenix International Airport,CN-46,1.0,11155.0,92.0,CN,Sanya,18.3029003143311,109.412002563477
929,airport,airport,BKG,KBBG,Branson Airport,US-MO,1.0,7140.0,1302.0,US,Branson,36.532082,-93.200544
930,airport,airport,YMM,CYMM,Fort McMurray Airport,CA-AB,1.0,7503.0,1211.0,CA,Fort McMurray,56.653301239,-111.222000122
931,airport,airport,AIA,KAIA,Alliance Municipal Airport,US-NE,3.0,9202.0,3931.0,US,Alliance,42.0531997681,-102.804000854
932,airport,airport,ALS,KALS,San Luis Valley Regional Bergman Field,US-CO,2.0,8519.0,7539.0,US,Alamosa,37.4348983765,-105.866996765
933,airport,airport,BFF,KBFF,Western Neb. Rgnl/William B. Heilig Airport,US-NE,2.0,8279.0,3967.0,US,Scottsbluff,41.87400055,-103.5960007
934,airport,airport,BIS,KBIS,Bismarck Municipal Airport,US-ND,2.0,8794.0,1661.0,US,Bismarck,46.7727012634277,-100.746002197266
935,airport,airport,CEZ,KCEZ,Cortez Municipal Airport,US-CO,1.0,7205.0,5918.0,US,Cortez,37.3030014038,-108.627998352
936,airport,airport,CYS,KCYS,Cheyenne Regional Jerry Olson Field,US-WY,2.0,9267.0,6159.0,US,Cheyenne,41.15570068,-104.8119965
937,airport,airport,DDC,KDDC,Dodge City Regional Airport,US-KS,2.0,6899.0,2594.0,US,Dodge City,37.7634010314941,-99.9655990600586
938,airport,airport,DIK,KDIK,Dickinson Theodore Roosevelt Regional Airport,US-ND,2.0,6400.0,2592.0,US,Dickinson,46.7974014282,-102.802001953
939,airport,airport,EAR,KEAR,Kearney Regional Airport,US-NE,2.0,7094.0,2131.0,US,Kearney,40.72700119,-99.00679779
940,airport,airport,FMN,KFMN,Four Corners Regional Airport,US-NM,2.0,6704.0,5506.0,US,Farmington,36.7411994934,-108.230003357
941,airport,airport,GUC,KGUC,Gunnison Crested Butte Regional Airport,US-CO,2.0,9400.0,7680.0,US,Gunnison,38.53390121,-106.9329987
942,airport,airport,ILG,KILG,New Castle Airport,US-DE,3.0,7181.0,80.0,US,Wilmington,39.67869949,-75.60649872
943,airport,airport,ISN,KISN,Sloulin Field International Airport,US-ND,2.0,6650.0,1982.0,US,Williston,48.177898407,-103.641998291
944,airport,airport,LAR,KLAR,Laramie Regional Airport,US-WY,2.0,8500.0,7284.0,US,Laramie,41.3120994567871,-105.675003051758
945,airport,airport,LBF,KLBF,North Platte Regional Airport Lee Bird Field,US-NE,2.0,8000.0,2777.0,US,North Platte,41.12620163,-100.6839981
946,airport,airport,LBL,KLBL,Liberal Mid-America Regional Airport,US-KS,2.0,7105.0,2885.0,US,Liberal,37.0442009,-100.9599991
947,airport,airport,LNK,KLNK,Lincoln Airport,US-NE,3.0,12901.0,1219.0,US,Lincoln,40.851001739502,-96.7592010498047
948,airport,airport,MCK,KMCK,Mc Cook Ben Nelson Regional Airport,US-NE,3.0,6449.0,2583.0,US,Mc Cook,40.20629883,-100.5920029
949,airport,airport,MOT,KMOT,Minot International Airport,US-ND,2.0,7700.0,1716.0,US,Minot,48.2593994140625,-101.279998779297
950,airport,airport,MTJ,KMTJ,Montrose Regional Airport,US-CO,2.0,10000.0,5759.0,US,Montrose,38.5097999573,-107.893997192
951,airport,airport,PGA,KPGA,Page Municipal Airport,US-AZ,2.0,5950.0,4316.0,US,Page,36.92610168,-111.447998
952,airport,airport,PIR,KPIR,Pierre Regional Airport,US-SD,2.0,6900.0,1744.0,US,Pierre,44.38270187,-100.2860031
953,airport,airport,PUB,KPUB,Pueblo Memorial Airport,US-CO,4.0,10496.0,4726.0,US,Pueblo,38.2891006469727,-104.497001647949
954,airport,airport,RIW,KRIW,Riverton Regional Airport,US-WY,2.0,8203.0,5525.0,US,Riverton,43.064201355,-108.459999084
955,airport,airport,SHR,KSHR,Sheridan County Airport,US-WY,3.0,8300.0,4021.0,US,Sheridan,44.7691993713379,-106.980003356934
956,airport,airport,ART,KART,Watertown International Airport,US-NY,2.0,5000.0,325.0,US,Watertown,43.9919013977051,-76.0216979980469
957,airport,airport,CMX,KCMX,Houghton County Memorial Airport,US-MI,2.0,6501.0,1095.0,US,Hancock,47.168399810791,-88.4890975952148
958,airport,airport,CWA,KCWA,Central Wisconsin Airport,US-WI,2.0,7645.0,1277.0,US,Mosinee,44.7775993347,-89.6668014526
959,airport,airport,DBQ,KDBQ,Dubuque Regional Airport,US-IA,2.0,6502.0,1077.0,US,Dubuque,42.40200043,-90.70950317
960,airport,airport,DEC,KDEC,Decatur Airport,US-IL,3.0,8496.0,682.0,US,Decatur,39.8345985412598,-88.8656997680664
961,airport,airport,DLH,KDLH,Duluth International Airport,US-MN,2.0,10152.0,1428.0,US,Duluth,46.8420982361,-92.1936035156
962,airport,airport,EAU,KEAU,Chippewa Valley Regional Airport,US-WI,2.0,8101.0,913.0,US,Eau Claire,44.8657989501953,-91.4842987060547
963,airport,airport,ELM,KELM,Elmira Corning Regional Airport,US-NY,3.0,7000.0,954.0,US,Elmira/Corning,42.1599006652832,-76.8916015625
964,airport,airport,LSE,KLSE,La Crosse Municipal Airport,US-WI,3.0,8537.0,655.0,US,La Crosse,43.87900162,-91.25669861
965,airport,airport,MKG,KMKG,Muskegon County Airport,US-MI,2.0,6501.0,629.0,US,Muskegon,43.16949844,-86.23819733
966,airport,airport,PAH,KPAH,Barkley Regional Airport,US-KY,2.0,6499.0,410.0,US,Paducah,37.0607986450195,-88.7738037109375
967,airport,airport,STC,KSTC,St Cloud Regional Airport,US-MN,2.0,7000.0,1031.0,US,St Cloud,45.5466003417969,-94.0598983764648
968,airport,airport,TOL,KTOL,Toledo Express Airport,US-OH,2.0,10600.0,683.0,US,Toledo,41.58679962,-83.80780029
969,airport,airport,TVC,KTVC,Cherry Capital Airport,US-MI,3.0,6501.0,624.0,US,Traverse City,44.7414016723633,-85.5821990966797
970,airport,airport,SCE,KUNV,University Park Airport,US-PA,1.0,6701.0,1239.0,US,State College,40.8493003845,-77.8487014771
971,airport,airport,SUV,NFNA,Nausori International Airport,FJ-C,1.0,6129.0,17.0,FJ,Nausori,-18.0433006286621,178.559005737305
972,airport,airport,TBU,NFTF,Fua'amotu International Airport,TO-04,2.0,8795.0,126.0,TO,Nuku'alofa,-21.2411994934082,-175.149993896484
973,airport,airport,VLI,NVVV,Port Vila Bauerfield Airport,VU-SEE,2.0,8530.0,70.0,VU,Port Vila,-17.6993007659912,168.320007324219
974,airport,airport,ZQN,NZQN,Queenstown International Airport,NZ-OTA,4.0,6204.0,1171.0,NZ,Queenstown,-45.0210990906,168.738998413
975,airport,airport,ARM,YARM,Armidale Airport,AU-NSW,2.0,5702.0,3556.0,AU,Armidale,-30.5280990601,151.617004395
976,airport,airport,BHQ,YBHI,Broken Hill Airport,AU-NSW,2.0,8251.0,958.0,AU,Broken Hill,-32.0013999939,141.472000122
977,airport,airport,HTI,YBHM,Hamilton Island Airport,AU-QLD,1.0,5591.0,15.0,AU,Hamilton Island,-20.3581008911,148.95199585
978,airport,airport,MKY,YBMK,Mackay Airport,AU-QLD,2.0,6499.0,19.0,AU,Mackay,-21.1716995239,149.179992676
979,airport,airport,BNK,YBNA,Ballina Byron Gateway Airport,AU-NSW,1.0,6234.0,7.0,AU,Ballina,-28.8339004517,153.56199646
980,airport,airport,PPP,YBPN,Proserpine Whitsunday Coast Airport,AU-QLD,2.0,6801.0,82.0,AU,Proserpine,-20.4950008392,148.552001953
981,airport,airport,BME,YBRM,Broome International Airport,AU-WA,1.0,8064.0,56.0,AU,Broome,-17.9447002410889,122.232002258301
982,airport,airport,BHS,YBTH,Bathurst Airport,AU-NSW,2.0,5594.0,2435.0,AU,Bathurst,-33.4094009399,149.651992798
983,airport,airport,TSV,YBTL,Townsville Airport,AU-QLD,2.0,7999.0,18.0,AU,Townsville,-19.2525005340576,146.764999389648
984,airport,airport,GLT,YGLA,Gladstone Airport,AU-QLD,1.0,5364.0,64.0,AU,Gladstone,-23.8696994781,151.223007202
985,airport,airport,GFF,YGTH,Griffith Airport,AU-NSW,2.0,4931.0,439.0,AU,Griffith,-34.2508010864,146.067001343
986,airport,airport,HVB,YHBA,Hervey Bay Airport,AU-QLD,1.0,6561.0,60.0,AU,Hervey Bay,-25.3188991547,152.880004883
987,airport,airport,LDH,YLHI,Lord Howe Island Airport,AU-NSW,1.0,2907.0,5.0,AU,Lord Howe Island,-31.5382995605,159.07699585
988,airport,airport,LSY,YLIS,Lismore Airport,AU-NSW,1.0,5404.0,35.0,AU,Lismore,-28.8302993774,153.259994507
989,airport,airport,AVV,YMAV,Avalon Airport,AU-VIC,1.0,10000.0,35.0,AU,Melbourne,-38.0393981934,144.468994141
990,airport,airport,ABX,YMAY,Albury Airport,AU-NSW,1.0,6234.0,539.0,AU,Albury,-36.067798614502,146.957992553711
991,airport,airport,MIM,YMER,Merimbula Airport,AU-NSW,1.0,5256.0,7.0,AU,Merimbula,-36.9085998535,149.901000977
992,airport,airport,HBA,YMHB,Hobart International Airport,AU-TAS,1.0,7385.0,13.0,AU,Hobart,-42.836101532,147.509994507
993,airport,airport,MQL,YMIA,Mildura Airport,AU-VIC,2.0,6004.0,167.0,AU,Mildura,-34.2291984558,142.085998535
994,airport,airport,LST,YMLT,Launceston Airport,AU-TAS,3.0,6499.0,562.0,AU,Launceston,-41.54529953,147.214004517
995,airport,airport,MRZ,YMOR,Moree Airport,AU-NSW,2.0,5292.0,701.0,AU,Moree,-29.4988994598,149.845001221
996,airport,airport,MYA,YMRY,Moruya Airport,AU-NSW,2.0,4997.0,14.0,AU,Moruya,-35.8978004456,150.143997192
997,airport,airport,NRA,YNAR,Narrandera Airport,AU-NSW,2.0,5302.0,474.0,AU,Narrandera,-34.7022018433,146.511993408
998,airport,airport,OAG,YORG,Orange Airport,AU-NSW,2.0,5499.0,3115.0,AU,Orange,-33.3816986084,149.132995605
999,airport,airport,KTA,YPKA,Karratha Airport,AU-WA,1.0,6070.0,29.0,AU,Karratha,-20.7122001648,116.773002625
1000,airport,airport,PKE,YPKS,Parkes Airport,AU-NSW,2.0,5525.0,1069.0,AU,Parkes,-33.131401062,148.238998413
1001,airport,airport,PQQ,YPMQ,Port Macquarie Airport,AU-NSW,2.0,5203.0,12.0,AU,Port Macquarie,-31.4358005524,152.863006592
1002,airport,airport,CFS,YCFS,Coffs Harbour Airport,AU-NSW,2.0,6824.0,18.0,AU,Coffs Harbour,-30.3206005096,153.115997314
1003,airport,airport,DBO,YSDU,Dubbo City Regional Airport,AU-NSW,2.0,5604.0,935.0,AU,Dubbo,-32.2167015076,148.574996948
1004,airport,airport,NLK,YSNF,Norfolk Island International Airport,NF-U-A,2.0,6398.0,371.0,NF,Burnt Pine,-29.0415992736816,167.938995361328
1005,airport,airport,TMW,YSTW,Tamworth Airport,AU-NSW,4.0,7218.0,1334.0,AU,Tamworth,-31.0839004517,150.847000122
1006,airport,airport,WGA,YSWG,Wagga Wagga City Airport,AU-NSW,2.0,5801.0,724.0,AU,Wagga Wagga,-35.1652984619,147.466003418
1007,airport,airport,TRO,YTRE,Taree Airport,AU-NSW,2.0,4934.0,38.0,AU,Taree,-31.8885993958,152.514007568
1008,airport,airport,TWB,YTWB,Toowoomba Airport,AU-QLD,2.0,3678.0,2086.0,AU,Toowoomba,-27.5428009033203,151.916000366211
1009,airport,airport,NTL,YWLM,Newcastle Airport,AU-NSW,1.0,7999.0,31.0,AU,Williamtown,-32.7949981689453,151.833999633789
1010,airport,airport,DPO,YDPO,Devonport Airport,AU-TAS,2.0,6030.0,33.0,AU,Devonport,-41.1697006226,146.429992676
1011,airport,airport,KNS,YKII,King Island Airport,AU-TAS,3.0,5198.0,132.0,AU,Currie,-39.877498626709,143.878005981445
1012,airport,airport,MGB,YMTG,Mount Gambier Airport,AU-SA,3.0,5000.0,212.0,AU,Mount Gambier,-37.7456016540527,140.785003662109
1013,airport,airport,KGI,YPKG,Kalgoorlie Boulder Airport,AU-WA,2.0,6562.0,1203.0,AU,Kalgoorlie,-30.7894001007,121.461997986
1014,airport,airport,PHE,YPPD,Port Hedland International Airport,AU-WA,2.0,8202.0,33.0,AU,Port Hedland,-20.3777999878,118.625999451
1015,airport,airport,BWT,YWYY,Wynyard Airport,AU-TAS,2.0,5413.0,62.0,AU,Burnie,-40.9989013671875,145.731002807617
1016,airport,airport,TUO,NZAP,Taupo Airport,NZ-WKO,2.0,4547.0,1335.0,NZ,Taupo,-38.7397003173828,176.083999633789
1017,airport,airport,DUD,NZDN,Dunedin Airport,NZ-OTA,1.0,6234.0,4.0,NZ,Dunedin,-45.9281005859375,170.197998046875
1018,airport,airport,GIS,NZGS,Gisborne Airport,NZ-GIS,5.0,4298.0,15.0,NZ,Gisborne,-38.6632995605469,177.977996826172
1019,airport,airport,HLZ,NZHN,Hamilton International Airport,NZ-WKO,5.0,6430.0,172.0,NZ,Hamilton,-37.8666992188,175.332000732
1020,airport,airport,KKE,NZKK,Kerikeri Airport,NZ-NTL,4.0,3904.0,492.0,NZ,Kerikeri,-35.2627983093262,173.912002563477
1021,airport,airport,KAT,NZKT,Kaitaia Airport,NZ-NTL,2.0,4600.0,270.0,NZ,Kaitaia,-35.0699996948242,173.285003662109
1022,airport,airport,NPL,NZNP,New Plymouth Airport,NZ-TKI,3.0,4298.0,97.0,NZ,New Plymouth,-39.0085983276367,174.179000854492
1023,airport,airport,NPE,NZNR,Napier Airport,NZ-HKB,5.0,4298.0,6.0,NZ,Napier,-39.4658012390137,176.869995117188
1024,airport,airport,NSN,NZNS,Nelson Airport,NZ-NSN,5.0,4420.0,17.0,NZ,Nelson,-41.2983016967773,173.220993041992
1025,airport,airport,PMR,NZPM,Palmerston North Airport,NZ-MWT,3.0,6240.0,151.0,NZ,Palmerston North,-40.3205986022949,175.617004394531
1026,airport,airport,PPQ,NZPP,Paraparaumu Airport,NZ-WGN,5.0,4429.0,22.0,NZ,Paraparaumu,-40.9047012329102,174.988998413086
1027,airport,airport,ROT,NZRO,Rotorua Regional Airport,NZ-BOP,3.0,5321.0,935.0,NZ,Rotorua,-38.1091995239258,176.317001342773
1028,airport,airport,TRG,NZTG,Tauranga Airport,NZ-BOP,5.0,5988.0,13.0,NZ,Tauranga,-37.6719017028809,176.195999145508
1029,airport,airport,BHE,NZWB,Woodbourne Airport,NZ-MBH,3.0,4675.0,109.0,NZ,Blenheim,-41.5182991027832,173.869995117188
1030,airport,airport,WHK,NZWK,Whakatane Airport,NZ-BOP,3.0,4200.0,20.0,NZ,Whakatane,-37.9206008911133,176.914001464844
1031,airport,airport,WRE,NZWR,Whangarei Airport,NZ-NTL,2.0,3599.0,133.0,NZ,Whangarei,-35.7682991027832,174.365005493164
1032,airport,airport,WAG,NZWU,Wanganui Airport,NZ-MWT,1.0,4521.0,27.0,NZ,Wanganui,-39.9622001647949,175.024993896484
1033,airport,airport,HLD,ZBLA,Dongshan Airport,CN-15,1.0,8530.0,2169.0,CN,Hailar,49.2050018311,119.824996948
1034,airport,airport,TAE,RKTN,Daegu Airport,KR-27,2.0,9039.0,116.0,KR,Daegu,35.8941001892,128.658996582
1035,airport,airport,YKS,UEEE,Yakutsk Airport,RU-SA,2.0,11155.0,325.0,RU,Yakutsk,62.0932998657227,129.77099609375
1036,airport,airport,MWX,RKJB,Muan International Airport,KR-U-A,1.0,9186.0,51.0,KR,Gwangju,34.991406,126.382814
1037,airport,airport,CJJ,RKTU,Cheongju International Airport,KR-43,2.0,9000.0,191.0,KR,Cheongju,36.7165985107,127.499000549
1038,airport,airport,IKT,UIII,Irkutsk Airport,RU-IRK,1.0,10384.0,1675.0,RU,Irkutsk,52.2680015563965,104.388999938965
1039,airport,airport,UUD,UIUU,Ulan-Ude Airport (Mukhino),RU-BU,3.0,9780.0,1690.0,RU,Ulan Ude,51.8078002929688,107.438003540039
1040,airport,airport,KJA,UNKL,Yemelyanovo Airport,RU-KYA,1.0,12150.0,942.0,RU,Krasnoyarsk,56.1729011535645,92.4933013916016
1041,airport,airport,FNJ,ZKPY,Sunan International Airport,KP-PYO,2.0,12475.0,117.0,KP,Pyongyang,39.2240982055664,125.669998168945
1042,airport,airport,LHW,ZLLL,Lanzhou Zhongchuan Airport,CN-62,1.0,11811.0,6388.0,CN,Lanzhou,36.5152015686,103.620002747
1043,airport,airport,LXA,ZULS,Lhasa Gonggar Airport,CN-54,2.0,13123.0,11713.0,CN,Lhasa,29.2978000641,90.9119033813
1044,airport,airport,HRB,ZYHB,Taiping Airport,CN-23,1.0,10500.0,457.0,CN,Harbin,45.6234016418457,126.25
1045,airport,airport,JMU,ZYJM,Jiamusi Airport,CN-23,1.0,7218.0,262.0,CN,Jiamusi,46.8433990479,130.464996338
1046,airport,airport,MDG,ZYMD,Mudanjiang Hailang International Airport,CN-23,1.0,8530.0,883.0,CN,Mudanjiang,44.5241012573,129.569000244
1047,airport,airport,NDG,ZYQQ,Qiqihar Sanjiazi Airport,CN-23,1.0,8530.0,477.0,CN,Qiqihar,47.2396011352539,123.917999267578
1048,airport,airport,YNJ,ZYYJ,Yanji Chaoyangchuan Airport,CN-22,1.0,8530.0,624.0,CN,Yanji,42.8828010559,129.451004028
1049,airport,airport,JGS,ZSJA,Jinggangshan Airport,CN-36,1.0,10499.0,281.0,CN,Ji'an,26.8568992615,114.736999512
1050,airport,airport,TLC,MMTO,Licenciado Adolfo Lopez Mateos International Airport,MX-MEX,1.0,13780.0,8466.0,MX,Toluca,19.3370990753,-99.5660018921
1051,airport,airport,LBE,KLBE,Arnold Palmer Regional Airport,US-PA,2.0,7001.0,1199.0,US,Latrobe,40.27590179,-79.40480042
1052,airport,airport,ORH,KORH,Worcester Regional Airport,US-MA,2.0,7000.0,1009.0,US,Worcester,42.2672996520996,-71.8757019042969
1053,airport,airport,PBG,KPBG,Plattsburgh International Airport,US-NY,1.0,11758.0,234.0,US,Plattsburgh,44.6509017944336,-73.4681015014648
1054,airport,airport,TCB,MYAT,Treasure Cay Airport,BS-MH,1.0,7001.0,8.0,BS,Treasure Cay,26.745300293,-77.3912963867
1055,airport,airport,GHB,MYEM,Governor's Harbour Airport,BS-GH,1.0,8024.0,26.0,BS,Governor's Harbour,25.2847003937,-76.3310012817
1056,airport,airport,ZSA,MYSM,San Salvador Airport,BS-SR,1.0,8000.0,24.0,BS,San Salvador,24.0632991790771,-74.5240020751953
1057,airport,airport,AXM,SKAR,El Eden Airport,CO-QUI,1.0,7045.0,3990.0,CO,Armenia,4.45278,-75.7664
1058,airport,airport,YQM,CYQM,Greater Moncton International Airport,CA-NB,2.0,10001.0,232.0,CA,Moncton,46.1122016906738,-64.678596496582
1059,airport,airport,YTZ,CYTZ,Billy Bishop Toronto City Centre Airport,CA-ON,3.0,3988.0,252.0,CA,Toronto,43.6274986267,-79.3962020874
1060,airport,airport,AOO,KAOO,Altoona Blair County Airport,US-PA,2.0,5466.0,1503.0,US,Altoona,40.29639816,-78.31999969
1061,airport,airport,BGM,KBGM,Greater Binghamton/Edwin A Link field,US-NY,2.0,7100.0,1636.0,US,Binghamton,42.20869827,-75.97979736
1062,airport,airport,BKW,KBKW,Raleigh County Memorial Airport,US-WV,2.0,6750.0,2504.0,US,Beckley,37.7873001099,-81.1241989136
1063,airport,airport,HGR,KHGR,Hagerstown Regional Richard A Henson Field,US-MD,2.0,5461.0,703.0,US,Hagerstown,39.707901,-77.72949982
1064,airport,airport,JST,KJST,John Murtha Johnstown Cambria County Airport,US-PA,3.0,7003.0,2284.0,US,Johnstown,40.3161010742188,-78.8339004516602
1065,airport,airport,LNS,KLNS,Lancaster Airport,US-PA,2.0,6934.0,403.0,US,Lancaster,40.1217002868652,-76.2960968017578
1066,airport,airport,MGW,KMGW,Morgantown Municipal Walter L. Bill Hart Field,US-WV,2.0,5199.0,1248.0,US,Morgantown,39.64289856,-79.91629791
1067,airport,airport,SHD,KSHD,Shenandoah Valley Regional Airport,US-VA,1.0,6002.0,1201.0,US,Staunton/Waynesboro/Harrisonburg,38.2638015747,-78.8964004517
1068,airport,airport,ITH,KITH,Ithaca Tompkins Regional Airport,US-NY,2.0,6601.0,1099.0,US,Ithaca,42.4910011291504,-76.4583969116211
1069,airport,airport,GFK,KGFK,Grand Forks International Airport,US-ND,4.0,7349.0,845.0,US,Grand Forks,47.9492988586426,-97.1761016845703
1070,airport,airport,AZA,KIWA,Phoenix-Mesa-Gateway Airport,US-AZ,3.0,10401.0,1382.0,US,Phoenix,33.30780029,-111.6549988
1071,airport,airport,RFD,KRFD,Chicago Rockford International Airport,US-IL,2.0,10004.0,742.0,US,Chicago/Rockford,42.1954002380371,-89.0971984863281
1072,airport,airport,ABR,KABR,Aberdeen Regional Airport,US-SD,2.0,6901.0,1302.0,US,Aberdeen,45.4491004943848,-98.4217987060547
1073,airport,airport,APN,KAPN,Alpena County Regional Airport,US-MI,2.0,9001.0,690.0,US,Alpena,45.0780983,-83.56030273
1074,airport,airport,ATY,KATY,Watertown Regional Airport,US-SD,2.0,6900.0,1749.0,US,Watertown,44.91400146,-97.15470123
1075,airport,airport,BJI,KBJI,Bemidji Regional Airport,US-MN,2.0,6598.0,1391.0,US,Bemidji,47.50939941,-94.93370056
1076,airport,airport,BRD,KBRD,Brainerd Lakes Regional Airport,US-MN,4.0,6500.0,1232.0,US,Brainerd,46.39830017,-94.13809967
1077,airport,airport,HIB,KHIB,Range Regional Airport,US-MN,2.0,6758.0,1354.0,US,Hibbing,47.38660049,-92.83899689
1078,airport,airport,IMT,KIMT,Ford Airport,US-MI,2.0,6500.0,1182.0,US,Iron Mountain / Kingsford,45.8184013367,-88.1145019531
1079,airport,airport,INL,KINL,Falls International Airport,US-MN,2.0,6508.0,1185.0,US,International Falls,48.5662002563477,-93.4030990600586
1080,airport,airport,RHI,KRHI,Rhinelander Oneida County Airport,US-WI,3.0,6800.0,1624.0,US,Rhinelander,45.6311988830566,-89.4674987792969
1081,airport,airport,ACK,KACK,Nantucket Memorial Airport,US-MA,3.0,6303.0,47.0,US,Nantucket,41.25310135,-70.06020355
1082,airport,airport,AUG,KAUG,Augusta State Airport,US-ME,2.0,5001.0,352.0,US,Augusta,44.3205986023,-69.7973022461
1083,airport,airport,BHB,KBHB,Hancock County-Bar Harbor Airport,US-ME,3.0,5200.0,83.0,US,Bar Harbor,44.45000076,-68.3615036
1084,airport,airport,HYA,KHYA,Barnstable Municipal Boardman Polando Field,US-MA,2.0,5425.0,54.0,US,Hyannis,41.66930008,-70.28040314
1085,airport,airport,LEB,KLEB,Lebanon Municipal Airport,US-NH,2.0,5496.0,603.0,US,Lebanon,43.6260986328,-72.3041992188
1086,airport,airport,MVY,KMVY,Martha's Vineyard Airport,US-MA,3.0,5504.0,67.0,US,Martha's Vineyard,41.3931007385,-70.6143035889
1087,airport,airport,PQI,KPQI,Northern Maine Regional Airport at Presque Isle,US-ME,2.0,7440.0,534.0,US,Presque Isle,46.68899918,-68.0447998
1088,airport,airport,PVC,KPVC,Provincetown Municipal Airport,US-MA,1.0,3500.0,9.0,US,Provincetown,42.0718994141,-70.2213973999
1089,airport,airport,RKD,KRKD,Knox County Regional Airport,US-ME,2.0,5007.0,56.0,US,Rockland,44.06010056,-69.09919739
1090,airport,airport,RUT,KRUT,Rutland - Southern Vermont Regional Airport,US-VT,2.0,5000.0,787.0,US,Rutland,43.52939987,-72.94960022
1091,airport,airport,SLK,KSLK,Adirondack Regional Airport,US-NY,2.0,6573.0,1663.0,US,Saranac Lake,44.3852996826172,-74.2061996459961
1092,airport,airport,BET,PABE,Bethel Airport,US-AK,3.0,6400.0,126.0,US,Bethel,60.77980042,-161.8379974
1093,airport,airport,BRW,PABR,Wiley Post Will Rogers Memorial Airport,US-AK,1.0,6500.0,44.0,US,Barrow,71.285400390625,-156.766006469727
1094,airport,airport,CDB,PACD,Cold Bay Airport,US-AK,2.0,10415.0,96.0,US,Cold Bay,55.2061004638672,-162.725006103516
1095,airport,airport,CDV,PACV,Merle K (Mudhole) Smith Airport,US-AK,2.0,7500.0,54.0,US,Cordova,60.4917984,-145.4779968
1096,airport,airport,ADK,PADK,Adak Airport,US-AK,2.0,7790.0,18.0,US,Adak Island,51.8779983520508,-176.64599609375
1097,airport,airport,DLG,PADL,Dillingham Airport,US-AK,1.0,6400.0,81.0,US,Dillingham,59.04470062,-158.5050049
1098,airport,airport,ADQ,PADQ,Kodiak Airport,US-AK,3.0,7542.0,78.0,US,Kodiak,57.75,-152.4940033
1099,airport,airport,ENA,PAEN,Kenai Municipal Airport,US-AK,3.0,7576.0,99.0,US,Kenai,60.5731010437012,-151.244995117188
1100,airport,airport,HOM,PAHO,Homer Airport,US-AK,1.0,6701.0,84.0,US,Homer,59.6455993652344,-151.477005004883
1101,airport,airport,ILI,PAIL,Iliamna Airport,US-AK,4.0,5087.0,192.0,US,Iliamna,59.75439835,-154.9109955
1102,airport,airport,JNU,PAJN,Juneau International Airport,US-AK,2.0,8457.0,21.0,US,Juneau,58.3549995422363,-134.57600402832
1103,airport,airport,AKN,PAKN,King Salmon Airport,US-AK,3.0,8901.0,73.0,US,King Salmon,58.67679977,-156.6490021
1104,airport,airport,MCG,PAMC,McGrath Airport,US-AK,2.0,5936.0,341.0,US,McGrath,62.95289993,-155.6060028
1105,airport,airport,ANI,PANI,Aniak Airport,US-AK,2.0,6000.0,88.0,US,Aniak,61.581600189209,-159.542999267578
1106,airport,airport,OME,PAOM,Nome Airport,US-AK,2.0,6001.0,37.0,US,Nome,64.5121994018555,-165.445007324219
1107,airport,airport,OTZ,PAOT,Ralph Wien Memorial Airport,US-AK,2.0,5900.0,14.0,US,Kotzebue,66.88469696,-162.598999
1108,airport,airport,STG,PAPB,St George Airport,US-AK,1.0,5000.0,125.0,US,St George,56.5783004761,-169.662002563
1109,airport,airport,SCC,PASC,Deadhorse Airport,US-AK,1.0,6500.0,65.0,US,Deadhorse,70.19470215,-148.4649963
1110,airport,airport,SDP,PASD,Sand Point Airport,US-AK,1.0,4000.0,21.0,US,Sand Point,55.314998626709,-160.522994995117
1111,airport,airport,KSM,PASM,St Mary's Airport,US-AK,2.0,6003.0,312.0,US,St Mary's,62.0605011,-163.302002
1112,airport,airport,SNP,PASN,St Paul Island Airport,US-AK,1.0,6500.0,63.0,US,St Paul Island,57.1673011779785,-170.220001220703
1113,airport,airport,UNK,PAUN,Unalakleet Airport,US-AK,2.0,6004.0,27.0,US,Unalakleet,63.88840103,-160.798996
1114,airport,airport,VDZ,PAVD,Valdez Pioneer Field,US-AK,1.0,6508.0,121.0,US,Valdez,61.13389969,-146.2480011
1115,airport,airport,AHN,KAHN,Athens Ben Epps Airport,US-GA,2.0,5522.0,808.0,US,Athens,33.948600769043,-83.326301574707
1116,airport,airport,MKL,KMKL,Mc Kellar Sipes Regional Airport,US-TN,2.0,6006.0,434.0,US,Jackson,35.59989929,-88.91560364
1117,airport,airport,HOB,KHOB,Lea County Regional Airport,US-NM,3.0,7398.0,3661.0,US,Hobbs,32.6875,-103.2170029
1118,airport,airport,VCT,KVCT,Victoria Regional Airport,US-TX,4.0,9101.0,115.0,US,Victoria,28.8526000976562,-96.9185028076172
1119,airport,airport,ACA,MMAA,General Juan N Alvarez International Airport,MX-GRO,2.0,10832.0,16.0,MX,Acapulco,16.7570991516113,-99.7539978027344
1120,airport,airport,HUX,MMBT,Bahías de Huatulco International Airport,MX-OAX,1.0,8858.0,464.0,MX,Huatulco,15.7753000259399,-96.2626037597656
1121,airport,airport,CME,MMCE,Ciudad del Carmen International Airport,MX-CAM,1.0,7218.0,10.0,MX,Ciudad del Carmen,18.6536998748779,-91.7990036010742
1122,airport,airport,SLW,MMIO,Plan De Guadalupe International Airport,MX-COA,2.0,9506.0,4778.0,MX,Saltillo,25.5494995117188,-100.929000854492
1123,airport,airport,OAX,MMOX,Xoxocotlán International Airport,MX-OAX,1.0,8038.0,4989.0,MX,Oaxaca,16.9999008179,-96.726600647
1124,airport,airport,TAM,MMTM,General Francisco Javier Mina International Airport,MX-TAM,3.0,8366.0,80.0,MX,Tampico,22.2964000702,-97.8658981323
1125,airport,airport,VSA,MMVA,Carlos Rovirosa Pérez International Airport,MX-TAB,1.0,7218.0,46.0,MX,Villahermosa,17.9969997406006,-92.8173980712891
1126,airport,airport,VER,MMVR,General Heriberto Jara International Airport,MX-VER,2.0,7874.0,90.0,MX,Veracruz,19.1459007263,-96.1873016357
1127,airport,airport,FLG,KFLG,Flagstaff Pulliam Airport,US-AZ,1.0,6999.0,7014.0,US,Flagstaff,35.13850021,-111.6709976
1128,airport,airport,SOW,KSOW,Show Low Regional Airport,US-AZ,2.0,7200.0,6415.0,US,Show Low,34.265499115,-110.005996704
1129,airport,airport,SVC,KSVC,Grant County Airport,US-NM,4.0,6802.0,5446.0,US,Silver City,32.6365013122559,-108.15599822998
1130,airport,airport,YAM,CYAM,Sault Ste Marie Airport,CA-ON,2.0,6000.0,630.0,CA,Sault Ste Marie,46.4850006103516,-84.5093994140625
1131,airport,airport,YDF,CYDF,Deer Lake Airport,CA-NL,1.0,8005.0,72.0,CA,Deer Lake,49.2108001708984,-57.3913993835449
1132,airport,airport,YFC,CYFC,Fredericton Airport,CA-NB,2.0,8005.0,68.0,CA,Fredericton,45.8689002990723,-66.5372009277344
1133,airport,airport,YGK,CYGK,Kingston Norman Rogers Airport,CA-ON,2.0,5000.0,305.0,CA,Kingston,44.2252998352051,-76.5969009399414
1134,airport,airport,YQG,CYQG,Windsor Airport,CA-ON,2.0,9000.0,622.0,CA,Windsor,42.2756004333496,-82.9555969238281
1135,airport,airport,YQT,CYQT,Thunder Bay Airport,CA-ON,2.0,7318.0,653.0,CA,Thunder Bay,48.371898651123,-89.3238983154297
1136,airport,airport,YQY,CYQY,Sydney / J.A. Douglas McCurdy Airport,CA-NS,2.0,7070.0,203.0,CA,Sydney,46.1613998413,-60.0477981567
1137,airport,airport,YSB,CYSB,Sudbury Airport,CA-ON,2.0,6600.0,1141.0,CA,Sudbury,46.625,-80.7988967895508
1138,airport,airport,YSJ,CYSJ,Saint John Airport,CA-NB,2.0,7000.0,357.0,CA,Saint John,45.3161010742188,-65.8902969360352
1139,airport,airport,YTS,CYTS,Timmins/Victor M. Power,CA-ON,2.0,6000.0,967.0,CA,Timmins,48.5696983337,-81.376701355
1140,airport,airport,YYB,CYYB,North Bay Airport,CA-ON,3.0,10000.0,1215.0,CA,North Bay,46.3636016845703,-79.4227981567383
1141,airport,airport,YYG,CYYG,Charlottetown Airport,CA-PE,2.0,7000.0,160.0,CA,Charlottetown,46.2900009155273,-63.1211013793945
1142,airport,airport,YZR,CYZR,Chris Hadfield Airport,CA-ON,2.0,5100.0,594.0,CA,Sarnia,42.9994010925293,-82.3088989257812
1143,airport,airport,CMW,MUCM,Ignacio Agramonte International Airport,CU-09,1.0,9842.0,413.0,CU,Camaguey,21.4202995300293,-77.8475036621094
1144,airport,airport,SNU,MUSC,Abel Santamaria Airport,CU-05,1.0,9898.0,338.0,CU,Santa Clara,22.4922008514404,-79.943603515625
1145,airport,airport,VTZ,VOVZ,Vishakhapatnam Airport,IN-AP,2.0,10000.0,10.0,IN,Visakhapatnam,17.721200943,83.2245025635
1146,airport,airport,MDC,WAMM,Sam Ratulangi Airport,ID-SA,1.0,8693.0,264.0,ID,Manado-Celebes Island,1.54926002025604,124.926002502441
1147,airport,airport,RDN,WMPR,LTS Pulau Redang Airport,MY-11,1.0,3084.0,36.0,MY,Redang,5.76527976989746,103.00700378418
1148,airport,airport,SWA,ZGOW,Shantou Waisha Airport,CN-44,1.0,9186.0,52.0,CN,Shantou,23.4269008636475,116.762001037598
1149,airport,airport,LJG,ZPLJ,Lijiang Airport,CN-53,1.0,9843.0,7359.0,CN,Lijiang,26.6800003052,100.246002197
1150,airport,airport,WUX,ZSWX,Sunan Shuofang International Airport,CN-32,1.0,10499.0,16.0,CN,Wuxi,31.4944000244,120.429000854
1151,airport,airport,ERI,KERI,Erie International Tom Ridge Field,US-PA,2.0,8420.0,732.0,US,Erie,42.0831270134,-80.1738667488
1152,airport,airport,HVN,KHVN,Tweed New Haven Airport,US-CT,2.0,5600.0,12.0,US,New Haven,41.26369858,-72.88680267
1153,airport,airport,IPT,KIPT,Williamsport Regional Airport,US-PA,2.0,6474.0,529.0,US,Williamsport,41.2417984008789,-76.9210968017578
1154,airport,airport,SBY,KSBY,Salisbury Ocean City Wicomico Regional Airport,US-MD,2.0,5500.0,52.0,US,Salisbury,38.3404998779297,-75.5102996826172
1155,airport,airport,CIU,KCIU,Chippewa County International Airport,US-MI,2.0,7201.0,800.0,US,Sault Ste Marie,46.2508010864258,-84.4723968505859
1156,airport,airport,ESC,KESC,Delta County Airport,US-MI,2.0,6501.0,609.0,US,Escanaba,45.7226982117,-87.0936965942
1157,airport,airport,PLN,KPLN,Pellston Regional Airport of Emmet County,US-MI,2.0,6512.0,721.0,US,Pellston,45.57089996,-84.79669952
1158,airport,airport,BFD,KBFD,Bradford Regional Airport,US-PA,2.0,6309.0,2143.0,US,Bradford,41.8031005859375,-78.6400985717773
1159,airport,airport,DUJ,KDUJ,DuBois Regional Airport,US-PA,1.0,5504.0,1817.0,US,Dubois,41.17829895,-78.8986969
1160,airport,airport,FKL,KFKL,Venango Regional Airport,US-PA,2.0,5200.0,1540.0,US,Franklin,41.3778991699,-79.8603973389
1161,airport,airport,JHW,KJHW,Chautauqua County-Jamestown Airport,US-NY,2.0,5299.0,1723.0,US,Jamestown,42.15340042,-79.25800323
1162,airport,airport,PKB,KPKB,Mid Ohio Valley Regional Airport,US-WV,2.0,6781.0,858.0,US,Parkersburg,39.345100402832,-81.4392013549805
1163,airport,airport,YZF,CYZF,Yellowknife Airport,CA-NT,2.0,7500.0,675.0,CA,Yellowknife,62.4627990722656,-114.440002441406
1164,airport,airport,KDH,OAKN,Kandahar Airport,AF-KAN,1.0,10532.0,3337.0,AF,Kandahar,31.5058002471924,65.8478012084961
1165,airport,airport,AHB,OEAB,Abha Regional Airport,SA-14,1.0,10991.0,6858.0,SA,Abha,18.2404003143,42.6566009521
1166,airport,airport,ELQ,OEGS,Gassim/Prince Nayef bin Abdulaziz Regional Airport,SA-05,1.0,9843.0,2126.0,SA,Buraidah,26.3027992248535,43.7743988037109
1167,airport,airport,HAS,OEHL,Hail Regional Airport,SA-06,1.0,12204.0,3331.0,SA,Ha'il,27.4379005432129,41.6862983703613
1168,airport,airport,MED,OEMA,Prince Mohammad Bin Abdulaziz Airport,SA-03,2.0,14222.0,2151.0,SA,Medina,24.5534000396729,39.7051010131836
1169,airport,airport,TUU,OETB,Tabuk Airport,SA-07,2.0,10991.0,2551.0,SA,Tabuk,28.3654003143311,36.6189002990723
1170,airport,airport,TIF,OETF,Ta’if Regional Airport,SA-02,2.0,12254.0,4848.0,SA,Ta’if,21.4834003448486,40.5443000793457
1171,airport,airport,YNB,OEYN,Yenbo - Prince Abdul Mohsin Bin Airport,SA-03,1.0,10532.0,26.0,SA,Yenbo,24.1441993713379,38.0634002685547
1172,airport,airport,AWZ,OIAW,Ahwaz Airport,IR-10,1.0,11149.0,66.0,IR,Ahwaz,31.3374004364,48.7620010376
1173,airport,airport,BUZ,OIBB,Bushehr Airport,IR-06,2.0,14664.0,68.0,IR,Bushehr,28.9447994232,50.8345985413
1174,airport,airport,KIH,OIBK,Kish International Airport,IR-23,2.0,12004.0,101.0,IR,Kish Island,26.5261993408,53.9802017212
1175,airport,airport,BDH,OIBL,Bandar Lengeh Airport,IR-23,1.0,8203.0,67.0,IR,Bandar Lengeh,26.531999588,54.824798584
1176,airport,airport,IFN,OIFM,Esfahan Shahid Beheshti International Airport,IR-04,2.0,14425.0,5059.0,IR,Isfahan,32.7508010864258,51.8613014221191
1177,airport,airport,BND,OIKB,Bandar Abbas International Airport,IR-23,2.0,12008.0,22.0,IR,Bandar Abbas,27.2182998657227,56.377799987793
1178,airport,airport,MHD,OIMM,Mashhad International Airport,IR-30,2.0,12877.0,3263.0,IR,Mashhad,36.2351989746094,59.640998840332
1179,airport,airport,LRR,OISL,Lar Airport,IR-14,1.0,10334.0,2641.0,IR,Lar,27.6746997833,54.3833007812
1180,airport,airport,LFM,OISR,Lamerd Airport,IR-14,1.0,10020.0,1337.0,IR,Lamerd,27.3726997375,53.1888008118
1181,airport,airport,SYZ,OISS,Shiraz Shahid Dastghaib International Airport,IR-14,2.0,14345.0,4920.0,IR,Shiraz,29.5391998291016,52.5898017883301
1182,airport,airport,TBZ,OITT,Tabriz International Airport,IR-01,2.0,11825.0,4459.0,IR,Tabriz,38.1338996887207,46.2350006103516
1183,airport,airport,ZBR,OIZC,Konarak Airport,IR-13,2.0,12514.0,43.0,IR,Chabahar,25.4433002472,60.3820991516
1184,airport,airport,ZAH,OIZH,Zahedan International Airport,IR-13,2.0,13993.0,4564.0,IR,Zahedan,29.475700378418,60.9062004089355
1185,airport,airport,AZI,OMAD,Bateen Airport,AE-AZ,1.0,10499.0,16.0,AE,Abu Dhabi,24.4283008575439,54.4580993652344
1186,airport,airport,SLL,OOSA,Salalah Airport,OM-JA,2.0,10965.0,73.0,OM,Salalah,17.0387001037598,54.0913009643555
1187,airport,airport,MUX,OPMT,Multan International Airport,PK-PB,1.0,9046.0,403.0,PK,Multan,30.2031993865967,71.4190979003906
1188,airport,airport,PEW,OPPS,Peshawar International Airport,PK-NW,1.0,9000.0,1158.0,PK,Peshawar,33.9939002990723,71.5146026611328
1189,airport,airport,SKT,OPST,Sialkot Airport,PK-PB,1.0,11811.0,837.0,PK,Sialkot,32.5355567932,74.3638916016
1190,airport,airport,BGW,ORBI,Baghdad International Airport,IQ-BG,2.0,13124.0,114.0,IQ,Baghdad,33.2625007629,44.2346000671
1191,airport,airport,BSR,ORMM,Basrah International Airport,IQ-BA,1.0,13124.0,11.0,IQ,Basrah,30.5491008758545,47.6621017456055
1192,airport,airport,NJF,ORNI,Al Najaf International Airport,IQ-NA,1.0,9843.0,107.0,IQ,Najaf,31.989853,44.404317
1193,airport,airport,ISU,ORSU,Sulaymaniyah International Airport,IQ-SW,1.0,11481.0,2494.0,IQ,Sulaymaniyah,35.5617485046,45.3167381287
1194,airport,airport,RIY,OYRN,Mukalla International Airport,YE-HD,1.0,9846.0,54.0,YE,Riyan,14.6625995635986,49.375
1195,airport,airport,FRU,UCFM,Manas International Airport,KG-C,1.0,13792.0,2090.0,KG,Bishkek,43.0612983704,74.4776000977
1196,airport,airport,HRK,UKHH,Kharkiv International Airport,UA-63,1.0,7285.0,508.0,UA,Kharkiv,49.9248008728027,36.2900009155273
1197,airport,airport,KRR,URKK,Krasnodar International Airport,RU-KDA,2.0,9835.0,118.0,RU,Krasnodar,45.0346984863281,39.1705017089844
1198,airport,airport,MRV,URMM,Mineralnyye Vody Airport,RU-STA,1.0,12795.0,1054.0,RU,Mineralnyye Vody,44.2251014709473,43.081901550293
1199,airport,airport,ROV,URRR,Rostov-na-Donu Airport,RU-ROS,3.0,8202.0,280.0,RU,Rostov-on-Don,47.2582015991,39.8180999756
1200,airport,airport,VOG,URWW,Volgograd International Airport,RU-VGG,3.0,8101.0,482.0,RU,Volgograd,48.7825012207031,44.3455009460449
1201,airport,airport,GOI,VOGO,Dabolim Airport,IN-GA,1.0,11253.0,187.0,IN,Vasco da Gama,15.3808002472,73.8313980103
1202,airport,airport,CGP,VGEG,Shah Amanat International Airport,BD-2,1.0,9646.0,12.0,BD,Chittagong,22.2495994567871,91.8133010864258
1203,airport,airport,LKO,VILK,Chaudhary Charan Singh International Airport,IN-UP,1.0,8996.0,410.0,IN,Lucknow,26.7605991364,80.8892974854
1204,airport,airport,XSB,OMBY,Sir Bani Yas Island Airport,AE-AZ,1.0,8760.0,21.0,AE,Sir Bani Yas Island,24.2856083,52.5783472
1205,airport,airport,DWC,OMDW,Al Maktoum International Airport,AE-DU,1.0,14764.0,114.0,AE,Jebel Ali,24.8966666667,55.1613888889
1206,airport,airport,ATQ,VIAR,Sri Guru Ram Dass Jee International Airport,IN-PB,1.0,10791.0,756.0,IN,Amritsar,31.7096004486,74.7973022461
1207,airport,airport,SSG,FGSL,Malabo Airport,GQ-BN,1.0,9647.0,76.0,GQ,Malabo,3.75527000427246,8.70872020721436
1208,airport,airport,MLN,GEML,Melilla Airport,ES-ML,1.0,4685.0,156.0,ES,Melilla,35.279800415,-2.9562599659
1209,airport,airport,BJZ,LEBZ,Badajoz Airport,ES-EX,1.0,9350.0,609.0,ES,Badajoz,38.891300201416,-6.82133007049561
1210,airport,airport,RJL,LELO,Logroño-Agoncillo Airport,ES-LO,1.0,6562.0,1161.0,ES,Logroño,42.4609534888,-2.32223510742
1211,airport,airport,PNA,LEPP,Pamplona Airport,ES-NA,2.0,7241.0,1504.0,ES,Pamplona,42.7700004577637,-1.64632999897003
1212,airport,airport,EAS,LESO,San Sebastian Airport,ES-PV,1.0,5755.0,16.0,ES,Hondarribia,43.3564987182617,-1.79060995578766
1213,airport,airport,SDR,LEXJ,Santander Airport,ES-S,1.0,7612.0,16.0,ES,Santander,43.4271011352539,-3.82000994682312
1214,airport,airport,LDE,LFBT,Tarbes-Lourdes-Pyrénées Airport,FR-N,1.0,9843.0,1260.0,FR,Tarbes/Lourdes/Pyrénées,43.1786994934082,-0.006438999902457
1215,airport,airport,AHO,LIEA,Alghero-Fertilia Airport,IT-88,1.0,9843.0,87.0,IT,Alghero,40.6320991516,8.29076957703
1216,airport,airport,CAG,LIEE,Cagliari Elmas Airport,IT-88,1.0,9196.0,13.0,IT,Cagliari,39.251499176,9.05428028107
1217,airport,airport,CLJ,LRCL,Cluj-Napoca International Airport,RO-CJ,2.0,6070.0,1036.0,RO,Cluj-Napoca,46.7851982116699,23.6861991882324
1218,airport,airport,TSR,LRTR,Timişoara Traian Vuia Airport,RO-TM,1.0,11483.0,348.0,RO,Timişoara,45.8098983764648,21.3379001617432
1219,airport,airport,SCU,MUCU,Antonio Maceo International Airport,CU-13,2.0,13123.0,249.0,CU,Santiago,19.9698009490967,-75.8354034423828
1220,airport,airport,VVI,SLVR,Viru Viru International Airport,BO-S,1.0,11483.0,1224.0,BO,Santa Cruz,-17.6448001861572,-63.1353988647461
1221,airport,airport,RMF,HEMA,Marsa Alam International Airport,EG-BA,1.0,9843.0,251.0,EG,Marsa Alam,25.557100296,34.5836982727
1222,airport,airport,VOL,LGBL,Nea Anchialos Airport,GR-43,1.0,9052.0,83.0,GR,Nea Anchialos,39.2196006774902,22.7943000793457
1223,airport,airport,KLU,LOWK,Klagenfurt Airport,AT-2,2.0,8924.0,1470.0,AT,Klagenfurt am Wörthersee,46.6425018311,14.3376998901
1224,airport,airport,SJJ,LQSA,Sarajevo International Airport,BA-BIH,1.0,8666.0,1708.0,BA,Sarajevo,43.8246002197266,18.3314990997314
1225,airport,airport,IAS,LRIA,Iaşi Airport,RO-IS,1.0,5841.0,397.0,RO,Iaşi,47.1785011291504,27.6205997467041
1226,airport,airport,SBZ,LRSB,Sibiu International Airport,RO-SB,1.0,6562.0,1496.0,RO,Sibiu,45.7855987548828,24.0912990570068
1227,airport,airport,ACH,LSZR,St Gallen Altenrhein Airport,CH-SG,3.0,4922.0,1306.0,CH,Altenrhein,47.4850006104,9.56077003479
1228,airport,airport,KSC,LZKZ,Košice Airport,SK-KI,1.0,10171.0,755.0,SK,Košice,48.6631011962891,21.2411003112793
1229,airport,airport,DNK,UKDD,Dnipropetrovsk International Airport,UA-12,1.0,9320.0,481.0,UA,Dnipropetrovsk,48.3572006225586,35.1006011962891
1230,airport,airport,LWO,UKLL,Lviv International Airport,UA-46,1.0,10843.0,1071.0,UA,Lviv,49.8125,23.9561004638672
1231,airport,airport,ODS,UKOO,Odessa International Airport,UA-51,3.0,9183.0,172.0,UA,Odessa,46.4267997741699,30.6765003204346
1232,airport,airport,LIL,LFQQ,Lille-Lesquin Airport,FR-O,2.0,9268.0,157.0,FR,Lille/Lesquin,50.5619010925293,3.08944010734558
1233,airport,airport,BDS,LIBR,Brindisi – Salento Airport,IT-75,2.0,8307.0,47.0,IT,Brindisi,40.6576004028,17.9470005035
1234,airport,airport,LUG,LSZA,Lugano Airport,CH-TI,1.0,4429.0,915.0,CH,Lugano,46.0042991638,8.9105796814
1235,airport,airport,EBA,LIRJ,Marina Di Campo Airport,IT-52,1.0,3114.0,31.0,IT,Marina  Di Campo,42.7602996826172,10.2393999099731
1236,airport,airport,BNX,LQBK,Banja Luka International Airport,BA-SRP,1.0,8213.0,400.0,BA,Banja Luka,44.9413986206055,17.2975006103516
1237,airport,airport,LIG,LFBL,Limoges Airport,FR-L,1.0,8202.0,1300.0,FR,Limoges/Bellegarde,45.8628005981445,1.17944002151489
1238,airport,airport,ETZ,LFJL,Metz-Nancy-Lorraine Airport,FR-M,1.0,8202.0,870.0,FR,Metz / Nancy,48.9821014404,6.25131988525
1239,airport,airport,FSC,LFKF,Figari Sud-Corse Airport,FR-H,1.0,8136.0,87.0,FR,Figari Sud-Corse,41.5005989074707,9.09778022766113
1240,airport,airport,CFR,LFRK,Caen-Carpiquet Airport,FR-P,2.0,6233.0,256.0,FR,Caen/Carpiquet,49.1733016967773,-0.449999988079071
1241,airport,airport,IPL,KIPL,Imperial County Airport,US-CA,2.0,5304.0,-54.0,US,Imperial,32.8342018127,-115.57900238
1242,airport,airport,YZZ,CAD4,Trail Airport,CA-BC,1.0,4000.0,1427.0,CA,Trail,49.0555992126,-117.60900116
1243,airport,airport,QBC,CYBD,Bella Coola Airport,CA-BC,1.0,4200.0,117.0,CA,Bella Coola,52.3875007629395,-126.596000671387
1244,airport,airport,YBL,CYBL,Campbell River Airport,CA-BC,1.0,5000.0,346.0,CA,Campbell River,49.9508018493652,-125.271003723145
1245,airport,airport,YCD,CYCD,Nanaimo Airport,CA-BC,1.0,6602.0,92.0,CA,Nanaimo,49.0549702249,-123.869862556
1246,airport,airport,YCG,CYCG,Castlegar/West Kootenay Regional Airport,CA-BC,1.0,5300.0,1624.0,CA,Castlegar,49.2963981628,-117.632003784
1247,airport,airport,YDQ,CYDQ,Dawson Creek Airport,CA-BC,1.0,5000.0,2148.0,CA,Dawson Creek,55.7422981262207,-120.182998657227
1248,airport,airport,YKA,CYKA,Kamloops Airport,CA-BC,2.0,6000.0,1133.0,CA,Kamloops,50.7022018433,-120.444000244
1249,airport,airport,YPR,CYPR,Prince Rupert Airport,CA-BC,1.0,6000.0,116.0,CA,Prince Rupert,54.2860984802,-130.445007324
1250,airport,airport,YPW,CYPW,Powell River Airport,CA-BC,1.0,3627.0,425.0,CA,Powell River,49.8342018127441,-124.5
1251,airport,airport,YQQ,CYQQ,Comox Airport,CA-BC,2.0,10000.0,84.0,CA,Comox,49.7108001708984,-124.887001037598
1252,airport,airport,YQZ,CYQZ,Quesnel Airport,CA-BC,1.0,5500.0,1789.0,CA,Quesnel,53.0261001586914,-122.51000213623
1253,airport,airport,YWL,CYWL,Williams Lake Airport,CA-BC,1.0,7000.0,3085.0,CA,Williams Lake,52.1831016541,-122.054000854
1254,airport,airport,YXC,CYXC,Cranbrook Airport,CA-BC,1.0,6000.0,3082.0,CA,Cranbrook,49.6108016967773,-115.781997680664
1255,airport,airport,YXJ,CYXJ,Fort St John Airport,CA-BC,2.0,6900.0,2280.0,CA,Fort St.John,56.2380981445312,-120.73999786377
1256,airport,airport,YXS,CYXS,Prince George Airport,CA-BC,3.0,11450.0,2267.0,CA,Prince George,53.8894004822,-122.679000854
1257,airport,airport,YXT,CYXT,Terrace Airport,CA-BC,2.0,7497.0,713.0,CA,Terrace,54.4684982299805,-128.57600402832
1258,airport,airport,YXY,CYXY,Whitehorse / Erik Nielsen International Airport,CA-YT,3.0,9497.0,2317.0,CA,Whitehorse,60.7095985413,-135.067001343
1259,airport,airport,YYD,CYYD,Smithers Airport,CA-BC,1.0,5000.0,1712.0,CA,Smithers,54.8246994018555,-127.182998657227
1260,airport,airport,YYF,CYYF,Penticton Airport,CA-BC,1.0,6000.0,1129.0,CA,Penticton,49.4631004333496,-119.601997375488
1261,airport,airport,YZP,CYZP,Sandspit Airport,CA-BC,1.0,5120.0,21.0,CA,Sandspit,53.2542991638,-131.813995361
1262,airport,airport,YZT,CYZT,Port Hardy Airport,CA-BC,3.0,5000.0,71.0,CA,Port Hardy,50.6805992126465,-127.366996765137
1263,airport,airport,ZMT,CZMT,Masset Airport,CA-BC,1.0,5000.0,25.0,CA,Masset,54.0275001525879,-132.125
1264,airport,airport,HHN,EDFH,Frankfurt-Hahn Airport,DE-RP,1.0,12467.0,1649.0,DE,Hahn,49.9486999512,7.26388978958
1265,airport,airport,FMM,EDJA,Memmingen Allgau Airport,DE-BY,1.0,9780.0,2077.0,DE,Memmingen,47.9888000488,10.2395000458
1266,airport,airport,BOH,EGHH,Bournemouth Airport,GB-ENG,1.0,7451.0,38.0,UK,Bournemouth,50.7799987792969,-1.84249997138977
1267,airport,airport,BLK,EGNH,Blackpool International Airport,GB-ENG,3.0,6132.0,34.0,UK,Blackpool,53.7717018127441,-3.02860999107361
1268,airport,airport,PIK,EGPK,Glasgow Prestwick Airport,GB-SCT,2.0,9800.0,65.0,UK,Glasgow,55.5093994140625,-4.586669921875
1269,airport,airport,CFN,EIDL,Donegal Airport,IE-DL,1.0,4908.0,30.0,IE,Donegal,55.0442008972168,-8.34099960327148
1270,airport,airport,BZG,EPBY,Bydgoszcz Ignacy Jan Paderewski Airport,PL-KP,1.0,8202.0,235.0,PL,Bydgoszcz,53.0968017578,17.9776992798
1271,airport,airport,SZZ,EPSC,Szczecin-Goleniów Solidarność Airport,PL-ZP,1.0,8202.0,154.0,PL,Goleniow,53.5847015381,14.9021997452
1272,airport,airport,ALW,KALW,Walla Walla Regional Airport,US-WA,3.0,6526.0,1194.0,US,Walla Walla,46.09489822,-118.288002
1273,airport,airport,EAT,KEAT,Pangborn Memorial Airport,US-WA,2.0,5700.0,1249.0,US,Wenatchee,47.3988990784,-120.207000732
1274,airport,airport,PIE,KPIE,St Petersburg Clearwater International Airport,US-FL,4.0,8800.0,11.0,US,St Petersburg-Clearwater,27.91020012,-82.68740082
1275,airport,airport,PUW,KPUW,Pullman Moscow Regional Airport,US-WA,1.0,6730.0,2556.0,US,Pullman/Moscow,46.7439002990723,-117.110000610352
1276,airport,airport,YKM,KYKM,Yakima Air Terminal McAllister Field,US-WA,2.0,7603.0,1099.0,US,Yakima,46.56819916,-120.5439987
1277,airport,airport,LRH,LFBH,La Rochelle-Île de Ré Airport,FR-T,1.0,7398.0,74.0,FR,La Rochelle/Île de Ré,46.17919921875,-1.19527995586395
1278,airport,airport,RDZ,LFCR,Rodez-Marcillac Airport,FR-N,1.0,6693.0,1910.0,FR,Rodez/Marcillac,44.407901763916,2.48267006874084
1279,airport,airport,CCF,LFMK,Carcassonne Airport,FR-K,1.0,6726.0,433.0,FR,Carcassonne/Salvaza,43.2159996032715,2.30631995201111
1280,airport,airport,PGF,LFMP,Perpignan-Rivesaltes (Llabanère) Airport,FR-K,2.0,8202.0,144.0,FR,Perpignan/Rivesaltes,42.7403984069824,2.87067008018494
1281,airport,airport,TUF,LFOT,Tours-Val-de-Loire Airport,FR-F,1.0,7887.0,357.0,FR,Tours/Val de Loire (Loire Valley),47.4322013855,0.727605998516
1282,airport,airport,CIY,LICB,Comiso Airport,IT-82,1.0,8070.0,623.0,IT,Comiso,36.9946010208,14.6071815491
1283,airport,airport,KTN,PAKT,Ketchikan International Airport,US-AK,2.0,9500.0,89.0,US,Ketchikan,55.35559845,-131.7140045
1284,airport,airport,DOM,TDPD,Melville Hall Airport,DM-02,1.0,4777.0,73.0,DM,Marigot,15.5469999313354,-61.2999992370605
1285,airport,airport,SBH,TFFJ,Gustaf III Airport,BL-U-A,1.0,2119.0,48.0,BL,Gustavia,17.9043998718262,-62.8436012268066
1286,airport,airport,CPX,TJCP,Benjamin Rivera Noriega Airport,PR-U-A,1.0,2600.0,49.0,PR,Culebra Island,18.313289,-65.304324
1287,airport,airport,MAZ,TJMZ,Eugenio Maria De Hostos Airport,PR-U-A,1.0,4998.0,28.0,PR,Mayaguez,18.2556991577148,-67.1484985351562
1288,airport,airport,VQS,TJVQ,Antonio Rivera Rodriguez Airport,PR-U-A,1.0,4301.0,49.0,PR,Vieques Island,18.1347999573,-65.493598938
1289,airport,airport,NEV,TKPN,Vance W. Amory International Airport,KN-U-A,1.0,3996.0,14.0,KN,Charlestown,17.2056999206543,-62.589900970459
1290,airport,airport,AXA,TQPF,Wallblake Airport,AI-U-A,1.0,5462.0,127.0,AI,The Valley,18.2047996520996,-63.0550994873047
1291,airport,airport,EIS,TUPJ,Terrance B. Lettsome International Airport,VG-U-A,1.0,4642.0,15.0,VG,Road Town,18.4447994232178,-64.5429992675781
1292,airport,airport,VIJ,TUPW,Virgin Gorda Airport,VG-U-A,1.0,2500.0,14.0,VG,Spanish Town,18.4463996887207,-64.4274978637695
1293,airport,airport,YFB,CYFB,Iqaluit Airport,CA-NU,1.0,8605.0,110.0,CA,Iqaluit,63.756401062,-68.5558013916
1294,airport,airport,SCK,KSCK,Stockton Metropolitan Airport,US-CA,2.0,10650.0,33.0,US,Stockton,37.8941993713379,-121.237998962402
1295,airport,airport,PGD,KPGD,Charlotte County Airport,US-FL,3.0,6695.0,26.0,US,Punta Gorda,26.92020035,-81.9905014
1296,airport,airport,TAY,EETU,Tartu Airport,EE-7B,1.0,5902.0,219.0,EE,Tartu,58.3074989319,26.6903991699
1297,airport,airport,IVL,EFIV,Ivalo Airport,FI-LL,2.0,8199.0,481.0,FI,Ivalo,68.6072998046875,27.4053001403809
1298,airport,airport,JOE,EFJO,Joensuu Airport,FI-IS,2.0,8202.0,398.0,FI,Joensuu / Liperi,62.662899017334,29.6075000762939
1299,airport,airport,JYV,EFJY,Jyvaskyla Airport,FI-LS,1.0,8533.0,459.0,FI,Jyväskylän Maalaiskunta,62.3995018005371,25.6783008575439
1300,airport,airport,KEM,EFKE,Kemi-Tornio Airport,FI-LL,1.0,8212.0,61.0,FI,Kemi / Tornio,65.7787017822266,24.5820999145508
1301,airport,airport,KAJ,EFKI,Kajaani Airport,FI-OL,1.0,8199.0,483.0,FI,Kajaani,64.2854995727539,27.6923999786377
1302,airport,airport,KOK,EFKK,Kruunupyy Airport,FI-LS,2.0,8202.0,84.0,FI,Kokkola / Kruunupyy,63.7211990356445,23.1431007385254
1303,airport,airport,KAO,EFKS,Kuusamo Airport,FI-OL,1.0,8202.0,866.0,FI,Kuusamo,65.9876022338867,29.2394008636475
1304,airport,airport,KUO,EFKU,Kuopio Airport,FI-IS,2.0,9186.0,323.0,FI,Kuopio / Siilinjärvi,63.0070991516113,27.7978000640869
1305,airport,airport,MHQ,EFMA,Mariehamn Airport,FI-AL,1.0,6243.0,17.0,FI,Mariehamn,60.122200012207,19.8981990814209
1306,airport,airport,OUL,EFOU,Oulu Airport,FI-OL,1.0,8205.0,47.0,FI,Oulu / Oulunsalo,64.9300994873047,25.3546009063721
1307,airport,airport,POR,EFPO,Pori Airport,FI-LS,2.0,7713.0,44.0,FI,Pori,61.4617004394531,21.7999992370605
1308,airport,airport,RVN,EFRO,Rovaniemi Airport,FI-LL,1.0,9849.0,642.0,FI,Rovaniemi,66.5647964477539,25.8304004669189
1309,airport,airport,SVL,EFSA,Savonlinna Airport,FI-IS,1.0,7546.0,311.0,FI,Savonlinna,61.9430999755859,28.9451007843018
1310,airport,airport,TMP,EFTP,Tampere-Pirkkala Airport,FI-LS,1.0,8858.0,390.0,FI,Tampere / Pirkkala,61.4141006469727,23.6044006347656
1311,airport,airport,TKU,EFTU,Turku Airport,FI-LS,1.0,8202.0,161.0,FI,Turku,60.5140991210938,22.2628002166748
1312,airport,airport,VAA,EFVA,Vaasa Airport,FI-LS,1.0,8727.0,19.0,FI,Vaasa,63.0507011413574,21.7621994018555
1313,airport,airport,BMA,ESSB,Stockholm-Bromma Airport,SE-AB,1.0,5472.0,47.0,SE,Stockholm,59.3544006347656,17.9416999816895
1314,airport,airport,NRK,ESSP,Norrköping Airport,SE-E,2.0,7228.0,32.0,SE,Norrköping,58.5862998962402,16.2506008148193
1315,airport,airport,GZP,LTFG,Gazipaşa Airport,TR-07,1.0,7710.0,86.0,TR,Gazipaşa,36.2992172241,32.3005981445
1316,airport,airport,CEE,ULWC,Cherepovets Airport,RU-VLG,1.0,8277.0,377.0,RU,Cherepovets,59.273601532,38.0158004761
1317,airport,airport,HEA,OAHR,Herat Airport,AF-HER,1.0,8218.0,3206.0,AF,Herat,34.2099990844727,62.2282981872559
1318,airport,airport,IXU,VAAU,Aurangabad Airport,IN-MM,1.0,7713.0,1911.0,IN,Aurangabad,19.862699508667,75.3981018066406
1319,airport,airport,BDQ,VABO,Vadodara Airport,IN-GJ,1.0,8100.0,129.0,IN,Vadodara,22.3362007141,73.2263031006
1320,airport,airport,BHO,VABP,Raja Bhoj International Airport,IN-MP,2.0,6700.0,1711.0,IN,Bhopal,23.2875003815,77.3374023438
1321,airport,airport,IDR,VAID,Devi Ahilyabai Holkar Airport,IN-MP,1.0,7480.0,1850.0,IN,Indore,22.7217998505,75.8011016846
1322,airport,airport,JLR,VAJB,Jabalpur Airport,IN-MP,1.0,6522.0,1624.0,IN,Jabalpur,23.1777992248535,80.052001953125
1323,airport,airport,NAG,VANP,Dr. Babasaheb Ambedkar International Airport,IN-MM,2.0,10500.0,1033.0,IN,Naqpur,21.0921993255615,79.0472030639648
1324,airport,airport,RPR,VARP,Raipur Airport,IN-CT,1.0,6414.0,1041.0,IN,Raipur,21.1804008484,81.7388000488
1325,airport,airport,STV,VASU,Surat Airport,IN-GJ,1.0,7382.0,16.0,IN,Magdalla,21.1140995026,72.7417984009
1326,airport,airport,UDR,VAUD,Maharana Pratap Airport,IN-RJ,1.0,7484.0,1684.0,IN,Udaipur,24.6177005768,73.8961029053
1327,airport,airport,IXB,VEBD,Bagdogra Airport,IN-WB,1.0,9035.0,412.0,IN,Siliguri,26.6812000274658,88.3285980224609
1328,airport,airport,BBI,VEBS,Biju Patnaik Airport,IN-OR,2.0,7359.0,138.0,IN,Bhubaneswar,20.2444000244,85.8178024292
1329,airport,airport,GOP,VEGK,Gorakhpur Airport,IN-UP,1.0,9000.0,259.0,IN,Gorakhpur,26.7397003174,83.4496994019
1330,airport,airport,GAU,VEGT,Lokpriya Gopinath Bordoloi International Airport,IN-AS,1.0,9000.0,162.0,IN,Guwahati,26.1061000823975,91.5858993530273
1331,airport,airport,DIB,VEMN,Dibrugarh Airport,IN-AS,1.0,6000.0,362.0,IN,Dibrugarh,27.4839000702,95.0168991089
1332,airport,airport,PAT,VEPT,Lok Nayak Jayaprakash Airport,IN-BR,1.0,6410.0,170.0,IN,Patna,25.591299057,85.0879974365
1333,airport,airport,IXR,VERC,Birsa Munda Airport,IN-JH,1.0,8855.0,2148.0,IN,Ranchi,23.3143005371,85.3217010498
1334,airport,airport,IXD,VIAL,Allahabad Airport,IN-UP,2.0,8110.0,322.0,IN,Allahabad,25.4400997161865,81.7339019775391
1335,airport,airport,KUU,VIBR,Kullu Manali Airport,IN-HP,1.0,3690.0,3573.0,IN,Bhuntar,31.8766994476318,77.1544036865234
1336,airport,airport,IXC,VICG,Chandigarh Airport,IN-CH,1.0,9001.0,1012.0,IN,Chandigarh,30.6735000610352,76.7884979248047
1337,airport,airport,DED,VIDN,Dehradun Airport,IN-UP,1.0,3755.0,1831.0,IN,Dehradun,30.189699173,78.1802978516
1338,airport,airport,DHM,VIGG,Kangra Airport,IN-HP,1.0,4620.0,2525.0,IN,Kangra,32.1651000976562,76.2633972167969
1339,airport,airport,IXJ,VIJU,Jammu Airport,IN-JK,1.0,6755.0,1029.0,IN,Jammu,32.6890983582,74.8374023438
1340,airport,airport,KNU,VIKA,Kanpur Airport,IN-UP,1.0,3685.0,411.0,IN,Kanpur,26.4414005279541,80.3648986816406
1341,airport,airport,LUH,VILD,Ludhiana Airport,IN-PB,1.0,4800.0,834.0,IN,Ludhiana,30.854700088501,75.9525985717773
1342,airport,airport,IXL,VILH,Leh Kushok Bakula Rimpochee Airport,IN-JK,3.0,9040.0,10682.0,IN,Leh,34.1358985901,77.5465011597
1343,airport,airport,SXR,VISR,Sheikh ul Alam Airport,IN-JK,1.0,12090.0,5429.0,IN,Srinagar,33.9870986938477,74.7742004394531
1344,airport,airport,ALH,YABA,Albany Airport,AU-WA,2.0,5906.0,233.0,AU,Albany,-34.9432983398438,117.80899810791
1345,airport,airport,BQB,YBLN,Busselton Regional Airport,AU-WA,1.0,5906.0,55.0,AU,Busselton,-33.6884231567,115.401596069
1346,airport,airport,DCN,YCIN,RAAF Base Curtin,AU-WA,1.0,10003.0,300.0,AU,Derby,-17.5813999176,123.82800293
1347,airport,airport,EPR,YESP,Esperance Airport,AU-WA,2.0,4921.0,470.0,AU,Esperance,-33.684398651123,121.822998046875
1348,airport,airport,GET,YGEL,Geraldton Airport,AU-WA,3.0,6499.0,121.0,AU,Geraldton,-28.7961006164551,114.707000732422
1349,airport,airport,RVT,YNRV,Ravensthorpe Airport,AU-WA,2.0,5512.0,197.0,AU,Ravensthorpe,-33.7971992493,120.208000183
1350,airport,airport,ZNE,YNWN,Newman Airport,AU-WA,1.0,6798.0,1724.0,AU,Newman,-23.4178009033,119.803001404
1351,airport,airport,PBO,YBPO,Paraburdoo Airport,AU-WA,1.0,6995.0,1406.0,AU,Paraburdoo,-23.1711006165,117.745002747
1352,airport,airport,KNX,YPKU,Kununurra Airport,AU-WA,1.0,6000.0,145.0,AU,Kununurra,-15.7781000137,128.707992554
1353,airport,airport,LEA,YPLM,Learmonth Airport,AU-WA,1.0,9997.0,19.0,AU,Exmouth,-22.2355995178,114.088996887
1354,airport,airport,XCH,YPXM,Christmas Island Airport,CX-U-A,1.0,6900.0,916.0,CX,Christmas Island,-10.4505996704102,105.690002441406
1355,airport,airport,PAD,EDLP,Paderborn Lippstadt Airport,DE-NW,1.0,7152.0,699.0,DE,Paderborn,51.6141014099,8.61631965637
1356,airport,airport,NRN,EDLV,Niederrhein Airport,DE-NW,1.0,8005.0,106.0,DE,Weeze,51.6024017334,6.14216995239
1357,airport,airport,LDY,EGAE,City of Derry Airport,GB-NIR,2.0,6076.0,22.0,UK,Derry,55.0428009033203,-7.16110992431641
1358,airport,airport,CAL,EGEC,Campbeltown Airport,GB-SCT,1.0,10003.0,42.0,UK,Campbeltown,55.437198638916,-5.6863899230957
1359,airport,airport,KOI,EGPA,Kirkwall Airport,GB-SCT,3.0,4685.0,50.0,UK,Orkney Islands,58.9578018188477,-2.90499997138977
1360,airport,airport,LSI,EGPB,"Sumburgh Airport, Shetland Islands",GB-SCT,3.0,4678.0,20.0,UK,Lerwick,59.8788986206055,-1.29556000232697
1361,airport,airport,WIC,EGPC,Wick Airport,GB-SCT,2.0,5988.0,126.0,UK,Wick,58.4589004516602,-3.09306001663208
1362,airport,airport,ILY,EGPI,Islay Airport,GB-SCT,2.0,5069.0,56.0,UK,Port Ellen,55.6819000244141,-6.25666999816895
1363,airport,airport,BEB,EGPL,Benbecula Airport,GB-SCT,2.0,6024.0,19.0,UK,Balivanich,57.4810981750488,-7.36278009414673
1364,airport,airport,SYY,EGPO,Stornoway Airport,GB-SCT,2.0,7218.0,26.0,UK,Stornoway,58.2155990600586,-6.33111000061035
1365,airport,airport,BRR,EGPR,Barra Airport,GB-SCT,3.0,2776.0,5.0,UK,Eoligarry,57.0228004455566,-7.44305992126465
1366,airport,airport,TRE,EGPU,Tiree Airport,GB-SCT,3.0,4600.0,38.0,UK,Balemartine,56.4991989135742,-6.86917018890381
1367,airport,airport,GSE,ESGP,Gothenburg City Airport,SE-Q,2.0,6689.0,59.0,SE,Gothenburg,57.7747001647949,11.870400428772
1368,airport,airport,NYO,ESKN,Stockholm Skavsta Airport,SE-D,2.0,9442.0,140.0,SE,Stockholm / Nyköping,58.7886009216309,16.9122009277344
1369,airport,airport,RLG,ETNL,Rostock-Laage Airport,DE-MV,1.0,8202.0,138.0,DE,Rostock,53.9182014465,12.2783002853
1370,airport,airport,BJL,GBYD,Banjul International Airport,GM-W,1.0,11811.0,95.0,GM,Banjul,13.3380002975464,-16.6522006988525
1371,airport,airport,FEZ,GMFF,Saïss Airport,MA-FES,1.0,10499.0,1900.0,MA,Fes,33.9272994995,-4.97796010971
1372,airport,airport,OUD,GMFO,Angads Airport,MA-OUJ,1.0,9843.0,1535.0,MA,Oujda,34.7872009277344,-1.92399001121521
1373,airport,airport,BJM,HBBA,Bujumbura International Airport,BI-BJ,2.0,11811.0,2582.0,BI,Bujumbura,-3.32401990890503,29.3185005187988
1374,airport,airport,RGS,LEBG,Burgos Airport,ES-CL,1.0,4393.0,2945.0,ES,Burgos,42.3576011657715,-3.62075996398926
1375,airport,airport,LEN,LELN,Leon Airport,ES-CL,2.0,6890.0,3006.0,ES,León,42.5890007019043,-5.65556001663208
1376,airport,airport,SLM,LESA,Salamanca Airport,ES-CL,2.0,8202.0,2595.0,ES,Salamanca,40.9520988464355,-5.50198984146118
1377,airport,airport,VLL,LEVD,Valladolid Airport,ES-CL,2.0,9843.0,2776.0,ES,Valladolid,41.7061004639,-4.85194015503
1378,airport,airport,EGC,LFBE,Bergerac-Roumanière Airport,FR-B,1.0,7234.0,171.0,FR,Bergerac/Roumanière,44.8252983093262,0.518611013889313
1379,airport,airport,PIS,LFBI,Poitiers-Biard Airport,FR-T,1.0,7710.0,423.0,FR,Poitiers/Biard,46.5876998901367,0.306665986776352
1380,airport,airport,AOK,LGKP,Karpathos Airport,GR-81,1.0,7871.0,66.0,GR,Karpathos Island,35.4213981628418,27.1459999084473
1381,airport,airport,KVA,LGKV,Alexander the Great International Airport,GR-55,1.0,9844.0,18.0,GR,Kavala,40.9132995605469,24.6191997528076
1382,airport,airport,MJT,LGMT,Mytilene International Airport,GR-83,1.0,7894.0,60.0,GR,Mytilene,39.0567016602,26.5983009338
1383,airport,airport,LMP,LICD,Lampedusa Airport,IT-82,1.0,5906.0,70.0,IT,Lampedusa,35.4978981018066,12.6181001663208
1384,airport,airport,PNL,LICG,Pantelleria Airport,IT-82,2.0,5495.0,628.0,IT,Pantelleria,36.8165016174316,11.9688997268677
1385,airport,airport,REG,LICR,Reggio Calabria Airport,IT-78,2.0,6549.0,96.0,IT,Reggio Calabria,38.0712013244629,15.6515998840332
1386,airport,airport,TRS,LIPQ,Trieste–Friuli Venezia Giulia Airport,IT-36,1.0,9843.0,39.0,IT,Trieste,45.8274993896,13.4722003937
1387,airport,airport,AOI,LIPY,Ancona Falconara Airport,IT-57,1.0,9718.0,49.0,IT,Ancona,43.6162986755,13.3622999191
1388,airport,airport,AOE,LTBY,Anadolu University Airport,TR-26,1.0,8261.0,2588.0,TR,Eskişehir,39.8098983765,30.5193996429
1389,airport,airport,DOK,UKCC,Donetsk International Airport,UA-14,1.0,13123.0,791.0,UA,Donetsk,48.073600769043,37.7397003173828
1390,airport,airport,IEV,UKKK,Kiev Zhuliany International Airport,UA-32,1.0,5905.0,586.0,UA,Kiev,50.4016990661621,30.4496994018555
1391,airport,airport,CEK,USCC,Chelyabinsk Balandino Airport,RU-CHE,1.0,10499.0,769.0,RU,Chelyabinsk,55.3058013916016,61.5032997131348
1392,airport,airport,PEE,USPP,Bolshoye Savino Airport,RU-PER,1.0,10520.0,404.0,RU,Perm,57.9145011901855,56.0211982727051
1393,airport,airport,VOZ,UUOO,Voronezh International Airport,RU-VOR,1.0,7546.0,514.0,RU,Voronezh,51.8142013549805,39.2295989990234
1394,airport,airport,RTW,UWSS,Saratov Central Airport,RU-SAR,1.0,7485.0,499.0,RU,Saratov,51.564998626709,46.0466995239258
1395,airport,airport,UFA,UWUU,Ufa International Airport,RU-BA,5.0,12339.0,449.0,RU,Ufa,54.5574989318848,55.8744010925293
1396,airport,airport,BZO,LIPB,Bolzano Airport,IT-32,2.0,4255.0,789.0,IT,Bolzano,46.4602012634277,11.3263998031616
1397,airport,airport,AAR,EKAH,Aarhus Airport,DK-82,2.0,9111.0,82.0,DK,Aarhus,56.2999992371,10.6190004349
1398,airport,airport,ALF,ENAT,Alta Airport,NO-20,1.0,7165.0,9.0,NO,Alta,69.9760971069336,23.3717002868652
1399,airport,airport,FDE,ENBL,Bringeland Airport,NO-14,1.0,3084.0,1046.0,NO,Førde,61.3911018371582,5.75693988800049
1400,airport,airport,BNN,ENBN,Brønnøysund Airport,NO-18,1.0,3937.0,25.0,NO,Brønnøy,65.4610977172852,12.2174997329712
1401,airport,airport,BOO,ENBO,Bodø Airport,NO-18,1.0,11136.0,42.0,NO,Bodø,67.2692031860352,14.3653001785278
1402,airport,airport,BDU,ENDU,Bardufoss Airport,NO-19,1.0,8015.0,252.0,NO,Målselv,69.0558013916016,18.5403995513916
1403,airport,airport,EVE,ENEV,"Harstad/Narvik Airport, Evenes",NO-18,1.0,9236.0,84.0,NO,Evenes,68.4913024902344,16.6781005859375
1404,airport,airport,VDB,ENFG,Leirin Airport,NO-05,1.0,6722.0,2697.0,NO,Leirin,61.0155982971191,9.28806018829346
1405,airport,airport,FRO,ENFL,Florø Airport,NO-14,1.0,3934.0,37.0,NO,Florø,61.5835990905762,5.02472019195557
1406,airport,airport,HAU,ENHD,Haugesund Airport,NO-11,1.0,6957.0,86.0,NO,Karmøy,59.3452987670898,5.20836019515991
1407,airport,airport,KSU,ENKB,"Kristiansund Airport, Kvernberget",NO-15,1.0,6037.0,204.0,NO,Kvernberget,63.1118011474609,7.82452011108398
1408,airport,airport,KKN,ENKR,"Kirkenes Airport, Høybuktmoen",NO-15,1.0,6939.0,283.0,NO,Kirkenes,69.7257995605469,29.891300201416
1409,airport,airport,MOL,ENML,Molde Airport,NO-15,1.0,6922.0,10.0,NO,Årø,62.744701385498,7.26249980926514
1410,airport,airport,OLA,ENOL,Ørland Airport,NO-16,1.0,8904.0,28.0,NO,Ørland,63.6988983154297,9.60400009155273
1411,airport,airport,HOV,ENOV,"Ørsta-Volda Airport, Hovden",NO-15,1.0,2920.0,243.0,NO,Ørsta,62.1800003051758,6.07410001754761
1412,airport,airport,RRS,ENRO,Røros Airport,NO-16,1.0,5643.0,2054.0,NO,Røros,62.5783996582031,11.3423004150391
1413,airport,airport,LYR,ENSB,"Svalbard Airport, Longyear",NO-21,1.0,7608.0,88.0,NO,Longyearbyen,78.2461013793945,15.4656000137329
1414,airport,airport,SDN,ENSD,"Sandane Airport, Anda",NO-14,1.0,2756.0,196.0,NO,Sandane,61.8300018310547,6.10583019256592
1415,airport,airport,SOG,ENSG,Sogndal Airport,NO-14,1.0,3150.0,1633.0,NO,Sogndal,61.1561012268066,7.13778018951416
1416,airport,airport,SRP,ENSO,Stord Airport,NO-12,1.0,3937.0,160.0,NO,Leirvik,59.7919006347656,5.34084987640381
1417,airport,airport,SSJ,ENST,"Sandnessjøen Airport, Stokka",NO-14,1.0,3563.0,56.0,NO,Alstahaug,65.9568023681641,12.4688997268677
1418,airport,airport,PLQ,EYPA,Palanga International Airport,LT-KL,1.0,6562.0,33.0,LT,Palanga,55.973201751709,21.093900680542
1419,airport,airport,FKB,EDSB,Karlsruhe Baden-Baden Airport,DE-BW,1.0,9787.0,408.0,DE,Baden-Baden,48.7793998718,8.08049964905
1420,airport,airport,DND,EGPN,Dundee Airport,GB-SCT,1.0,4593.0,17.0,UK,Dundee,56.4524993896484,-3.02583003044128
1421,airport,airport,MMX,ESMS,Malmö Sturup Airport,SE-M,2.0,9186.0,236.0,SE,Malmö,55.536305364,13.3761978149
1422,airport,airport,SFT,ESNS,Skellefteå Airport,SE-AC,1.0,6890.0,157.0,SE,Skellefteå,64.6248016357422,21.0769004821777
1423,airport,airport,VST,ESOW,Stockholm Västerås Airport,SE-U,1.0,8468.0,21.0,SE,Stockholm / Västerås,59.5894012451172,16.6336002349854
1424,airport,airport,PDV,LBPD,Plovdiv International Airport,BG-16,1.0,8202.0,597.0,BG,Plovdiv,42.067798614502,24.8507995605469
1425,airport,airport,OSI,LDOS,Osijek Airport,HR-14,1.0,8199.0,290.0,HR,Osijek,45.4626998901367,18.8101997375488
1426,airport,airport,ZAZ,LEZG,Zaragoza Air Base,ES-AR,2.0,12198.0,863.0,ES,Zaragoza,41.6661987304688,-1.04155004024506
1427,airport,airport,DNR,LFRD,Dinard-Pleurtuit-Saint-Malo Airport,FR-E,2.0,7218.0,219.0,FR,Dinard/Pleurtuit/Saint-Malo,48.5876998901367,-2.07996010780334
1428,airport,airport,TLN,LFTH,Toulon-Hyères Airport,FR-U,2.0,6955.0,7.0,FR,Toulon/Hyères/Le Palyvestre,43.0973014832,6.14602994919
1429,airport,airport,PSR,LIBP,Pescara International Airport,IT-65,1.0,7933.0,48.0,IT,Pescara,42.4317016601562,14.1810998916626
1430,airport,airport,PMF,LIMP,Parma Airport,IT-45,1.0,6962.0,161.0,IT,Parma,44.8245010375977,10.2964000701904
1431,airport,airport,PEG,LIRZ,Perugia San Francesco d'Assisi – Umbria International Airport,IT-55,1.0,5564.0,697.0,IT,Perugia,43.0959014893,12.5131998062
1432,airport,airport,BRQ,LKTB,Brno-Tuřany Airport,CZ-JM,1.0,8694.0,778.0,CZ,Brno,49.1512985229492,16.6944007873535
1433,airport,airport,HIR,AGGH,Honiara International Airport,SB-CT,1.0,7218.0,28.0,SB,Honiara,-9.42800045013428,160.054992675781
1434,airport,airport,YBC,CYBC,Baie Comeau Airport,CA-QC,1.0,6000.0,71.0,CA,Baie-Comeau,49.1324996948242,-68.2043991088867
1435,airport,airport,YBG,CYBG,CFB Bagotville,CA-QC,2.0,10000.0,522.0,CA,Bagotville,48.3306007385254,-70.9963989257812
1436,airport,airport,YGL,CYGL,La Grande Rivière Airport,CA-QC,1.0,6500.0,639.0,CA,La Grande Rivière,53.625301361084,-77.7042007446289
1437,airport,airport,YGW,CYGW,Kuujjuarapik Airport,CA-QC,1.0,5052.0,34.0,CA,Kuujjuarapik,55.2818984985352,-77.7652969360352
1438,airport,airport,YHM,CYHM,John C. Munro Hamilton International Airport,CA-ON,2.0,10000.0,780.0,CA,Hamilton,43.1735992432,-79.9349975586
1439,airport,airport,YHY,CYHY,Hay River / Merlyn Carter Airport,CA-NT,2.0,6000.0,541.0,CA,Hay River,60.8396987915,-115.782997131
1440,airport,airport,YMT,CYMT,Chapais Airport,CA-QC,1.0,6496.0,1270.0,CA,Chibougamau,49.771900177002,-74.5280990600586
1441,airport,airport,YOJ,CYOJ,High Level Airport,CA-AB,1.0,5000.0,1110.0,CA,High Level,58.6213989257812,-117.165000915527
1442,airport,airport,YOP,CYOP,Rainbow Lake Airport,CA-AB,1.0,4539.0,1759.0,CA,Rainbow Lake,58.4914016723633,-119.407997131348
1443,airport,airport,YQU,CYQU,Grande Prairie Airport,CA-AB,2.0,6500.0,2195.0,CA,Grande Prairie,55.1796989441,-118.885002136
1444,airport,airport,YSM,CYSM,Fort Smith Airport,CA-NT,2.0,6000.0,671.0,CA,Fort Smith,60.0203018188477,-111.96199798584
1445,airport,airport,YUY,CYUY,Rouyn Noranda Airport,CA-QC,1.0,7485.0,988.0,CA,Rouyn-Noranda,48.2061004638672,-78.8356018066406
1446,airport,airport,YVO,CYVO,Val-d'Or Airport,CA-QC,1.0,10000.0,1107.0,CA,Val-d'Or,48.0532989502,-77.7827987671
1447,airport,airport,YVP,CYVP,Kuujjuaq Airport,CA-QC,2.0,6000.0,129.0,CA,Kuujjuaq,58.0960998535156,-68.4269027709961
1448,airport,airport,YWK,CYWK,Wabush Airport,CA-NL,1.0,6002.0,1808.0,CA,Wabush,52.9219017028809,-66.8644027709961
1449,airport,airport,YXX,CYXX,Abbotsford Airport,CA-BC,3.0,9600.0,195.0,CA,Abbotsford,49.0252990722656,-122.361000061035
1450,airport,airport,YYY,CYYY,Mont Joli Airport,CA-QC,2.0,6000.0,172.0,CA,Mont-Joli,48.6086006164551,-68.2080993652344
1451,airport,airport,YZV,CYZV,Sept-Îles Airport,CA-QC,3.0,6552.0,180.0,CA,Sept-Îles,50.2233009338379,-66.2656021118164
1452,airport,airport,ZBF,CZBF,Bathurst Airport,CA-NB,1.0,4500.0,193.0,CA,Bathurst,47.629699707,-65.738899231
1453,airport,airport,SDL,ESNN,Sundsvall-Härnösand Airport,SE-Y,1.0,6857.0,16.0,SE,Sundsvall/ Härnösand,62.5280990600586,17.4438991546631
1454,airport,airport,BLE,ESSD,Borlange Airport,SE-W,1.0,7579.0,503.0,SE,Borlange,60.4220008850098,15.5151996612549
1455,airport,airport,FSP,LFVP,St Pierre Airport,PM-SP,1.0,5900.0,27.0,PM,Saint-Pierre,46.7629013061523,-56.1730995178223
1456,airport,airport,TIJ,MMTJ,General Abelardo L. Rodríguez International Airport,MX-BCN,1.0,9711.0,489.0,MX,Tijuana,32.5410995483398,-116.970001220703
1457,airport,airport,CYO,MUCL,Vilo Acuña International Airport,CU-99,1.0,9869.0,10.0,CU,Cayo Largo del Sur,21.6165008545,-81.5459976196
1458,airport,airport,SON,NVSS,Santo Pekoa International Airport,VU-SAM,1.0,6523.0,184.0,VU,Luganville,-15.5050001144,167.220001221
1459,airport,airport,HKK,NZHK,Hokitika Airfield,NZ-WTC,2.0,4311.0,146.0,NZ,Hokitika,-42.7136001586914,170.985000610352
1460,airport,airport,IVC,NZNV,Invercargill Airport,NZ-STL,4.0,7251.0,5.0,NZ,Invercargill,-46.4123992919922,168.313003540039
1461,airport,airport,TIU,NZTU,Timaru Airport,NZ-CAN,3.0,4200.0,89.0,NZ,Timaru,-44.3027992248535,171.225006103516
1462,airport,airport,WSZ,NZWS,Westport Airport,NZ-WTC,1.0,4200.0,13.0,NZ,Westport,-41.7380981445312,171.580993652344
1463,airport,airport,BCI,YBAR,Barcaldine Airport,AU-QLD,2.0,5591.0,878.0,AU,Barcaldine,-23.5652999878,145.307006836
1464,airport,airport,BKQ,YBCK,Blackall Airport,AU-QLD,2.0,5538.0,928.0,AU,Blackall,-24.4277992249,145.429000854
1465,airport,airport,CTL,YBCV,Charleville Airport,AU-QLD,2.0,5000.0,1003.0,AU,Charleville,-26.4132995605,146.261993408
1466,airport,airport,ISA,YBMA,Mount Isa Airport,AU-QLD,2.0,8399.0,1121.0,AU,Mount Isa,-20.6639003754,139.488998413
1467,airport,airport,ROK,YBRK,Rockhampton Airport,AU-QLD,2.0,8622.0,34.0,AU,Rockhampton,-23.3819007874,150.475006104
1468,airport,airport,BDB,YBUD,Bundaberg Airport,AU-QLD,2.0,5030.0,107.0,AU,Bundaberg,-24.9039001465,152.319000244
1469,airport,airport,CNJ,YCCY,Cloncurry Airport,AU-QLD,2.0,6562.0,616.0,AU,Cloncurry,-20.6686000824,140.503997803
1470,airport,airport,EMD,YEML,Emerald Airport,AU-QLD,2.0,6234.0,624.0,AU,Emerald,-23.5674991608,148.179000854
1471,airport,airport,LRE,YLRE,Longreach Airport,AU-QLD,2.0,6352.0,627.0,AU,Longreach,-23.4342002869,144.279998779
1472,airport,airport,MOV,YMRB,Moranbah Airport,AU-QLD,1.0,5000.0,770.0,AU,Moranbah,-22.057800293,148.07699585
1473,airport,airport,RMA,YROM,Roma Airport,AU-QLD,2.0,4934.0,1032.0,AU,Roma,-26.5450000763,148.774993896
1474,airport,airport,DOY,ZSDY,Dongying Shengli Airport,CN-37,1.0,6890.0,15.0,CN,Dongying,37.5085983276,118.788002014
1475,airport,airport,DDG,ZYDD,Dandong Airport,CN-21,1.0,8530.0,18.0,CN,Dandong,40.0247001648,124.286003113
1476,airport,airport,NTG,ZSNT,Nantong Airport,CN-32,1.0,11155.0,16.0,CN,Nantong,32.0708007812,120.975997925
1477,airport,airport,DQA,ZYDQ,Saertu Airport,CN-23,1.0,8530.0,496.0,CN,Daqing Shi,46.7463888889,125.140555556
1478,airport,airport,HIA,ZSSH,Lianshui Airport,CN-32,1.0,7874.0,28.0,CN,Huai'an,33.7908333333,119.125
1479,airport,airport,JIQ,ZUQJ,Qianjiang Wulingshan Airport,CN-50,1.0,7874.0,2075.0,CN,Qianjiang,29.5133333333,108.831111111
1480,airport,airport,NBS,ZYBS,Changbaishan Airport,CN-22,1.0,8530.0,2874.0,CN,Baishan,42.0669444444,127.602222222
1481,airport,airport,CIF,ZBCF,Chifeng Airport,CN-15,1.0,5774.0,1902.0,CN,Chifeng,42.2350006103516,118.907997131348
1482,airport,airport,CIH,ZBCZ,Changzhi Airport,CN-14,1.0,8530.0,3015.0,CN,Changzhi,36.247501373291,113.125999450684
1483,airport,airport,DSN,ZBDS,Ordos Ejin Horo Airport,CN-15,1.0,9186.0,4557.0,CN,Ordos,39.49,109.861388889
1484,airport,airport,DAT,ZBDT,Datong Airport,CN-14,1.0,7874.0,3442.0,CN,Datong,40.0602989196777,113.482002258301
1485,airport,airport,ERL,ZBER,Erenhot Saiwusu International Airport,CN-15,1.0,7874.0,3301.0,CN,"Erenhot,",43.4225,112.096666667
1486,airport,airport,HET,ZBHH,Baita International Airport,CN-15,2.0,11811.0,3556.0,CN,Hohhot,40.851398468,111.823997498
1487,airport,airport,BAV,ZBOW,Baotou Airport,CN-15,1.0,8038.0,3321.0,CN,Baotou,40.560001373291,109.997001647949
1488,airport,airport,TGO,ZBTL,Tongliao Airport,CN-15,1.0,7546.0,584.0,CN,Tongliao,43.5567016601562,122.199996948242
1489,airport,airport,WUA,ZBUH,Wuhai Airport,CN-15,1.0,7546.0,3650.0,CN,Wuhai,39.7934,106.7993
1490,airport,airport,HLH,ZBUL,Ulanhot Airport,CN-15,1.0,5906.0,981.0,CN,Ulanhot,46.195333,122.008333
1491,airport,airport,XIL,ZBXH,Xilinhot Airport,CN-15,1.0,5906.0,3316.0,CN,Xilinhot,43.915599822998,115.963996887207
1492,airport,airport,YCU,ZBYC,Yuncheng Guangong Airport,CN-61,1.0,9843.0,1242.0,CN,Yuncheng,35.116391,111.031388889
1493,airport,airport,BHY,ZGBH,Beihai Airport,CN-45,1.0,10499.0,75.0,CN,Beihai,21.539400100708,109.293998718262
1494,airport,airport,CGD,ZGCD,Changde Airport,CN-43,1.0,8366.0,128.0,CN,Changde,28.9188995361,111.63999939
1495,airport,airport,DYG,ZGDY,Dayong Airport,CN-43,1.0,8530.0,692.0,CN,Dayong,29.1028003692627,110.443000793457
1496,airport,airport,KWL,ZGKL,Guilin Liangjiang International Airport,CN-45,1.0,9186.0,570.0,CN,Guilin City,25.2180995941162,110.039001464844
1497,airport,airport,ZUH,ZGSD,Zhuhai Airport,CN-44,1.0,13123.0,18.0,CN,Zhuhai,22.0063991546631,113.375999450684
1498,airport,airport,LZH,ZGZH,Bailian Airport,CN-45,1.0,8202.0,295.0,CN,Liuzhou,24.2075004577637,109.390998840332
1499,airport,airport,ZHA,ZGZJ,Zhanjiang Airport,CN-44,1.0,7546.0,121.0,CN,Zhanjiang,21.2143993377686,110.358001708984
1500,airport,airport,LYA,ZHLY,Luoyang Airport,CN-41,1.0,8202.0,840.0,CN,Luoyang,34.7411003113,112.388000488
1501,airport,airport,XFN,ZHXF,Xiangfan Airport,CN-42,1.0,7808.0,219.0,CN,Xiangfan,32.1506004333496,112.291000366211
1502,airport,airport,YIH,ZHYC,Yichang Airport,CN-42,1.0,8500.0,643.0,CN,Yichang,30.556549722,111.479988333
1503,airport,airport,INC,ZLIC,Yinchuan Airport,CN-64,1.0,10499.0,3763.0,CN,Yinchuan,38.4818992614746,106.009002685547
1504,airport,airport,JNG,ZLJN,Jining Qufu Airport,CN-37,1.0,9186.0,134.0,CN,Jining,35.2927777778,116.346666667
1505,airport,airport,XNN,ZLXN,Xining Caojiabu Airport,CN-63,1.0,9843.0,7112.0,CN,Xining,36.5275001525879,102.042999267578
1506,airport,airport,ENY,ZLYA,Yan'an Airport,CN-61,1.0,9186.0,3087.0,CN,Yan'an,36.6369018554688,109.554000854492
1507,airport,airport,UYN,ZLYL,Yulin Airport,CN-61,1.0,9186.0,3865.0,CN,Yulin,38.2691993713379,109.731002807617
1508,airport,airport,ZHY,ZLZW,Zhongwei Shapotou Airport,CN-64,1.0,9186.0,4040.0,CN,Zhongwei,37.573125,105.154454
1509,airport,airport,LUM,ZPLX,Mangshi Airport,CN-53,1.0,7218.0,2890.0,CN,Luxi,24.4011001586914,98.5317001342773
1510,airport,airport,AQG,ZSAQ,Anqing Airport,CN-34,1.0,9186.0,46.0,CN,Anqing,30.5821990966797,117.050003051758
1511,airport,airport,CZX,ZSCG,Changzhou Airport,CN-32,1.0,9186.0,19.0,CN,Changzhou,31.9197006225586,119.778999328613
1512,airport,airport,FUG,ZSFY,Fuyang Xiguan Airport,CN-U-A,1.0,7874.0,104.0,CN,Fuyang,32.882157,115.734364
1513,airport,airport,KOW,ZSGZ,Ganzhou Airport,CN-36,1.0,8530.0,387.0,CN,Ganzhou,25.853333,114.778889
1514,airport,airport,JDZ,ZSJD,Jingdezhen Airport,CN-36,1.0,7874.0,112.0,CN,Jingdezhen,29.3386001587,117.176002502
1515,airport,airport,JIU,ZSJJ,Jiujiang Lushan Airport,CN-36,1.0,9186.0,142.0,CN,Jiujiang,29.476944,115.801111
1516,airport,airport,LYG,ZSLG,Lianyungang Airport,CN-32,1.0,8202.0,46.0,CN,Lianyungang,34.571667,118.873611
1517,airport,airport,HYN,ZSLQ,Huangyan Luqiao Airport,CN-33,1.0,8202.0,10.0,CN,Huangyan,28.5622005462646,121.429000854492
1518,airport,airport,LYI,ZSLY,Shubuling Airport,CN-37,1.0,7546.0,203.0,CN,Linyi,35.0461006164551,118.412002563477
1519,airport,airport,HFE,ZSOF,Hefei Luogang International Airport,CN-34,1.0,11155.0,108.0,CN,Hefei,31.7800006866455,117.297996520996
1520,airport,airport,JJN,ZSQZ,Quanzhou Airport,CN-35,1.0,8465.0,20.0,CN,Quanzhou,24.7964000701904,118.589996337891
1521,airport,airport,TXN,ZSTX,Tunxi International Airport,CN-34,1.0,8530.0,446.0,CN,Huangshan,29.7332992553711,118.255996704102
1522,airport,airport,WEF,ZSWF,Weifang Airport,CN-37,1.0,8530.0,125.0,CN,Weifang,36.6467018127441,119.119003295898
1523,airport,airport,WUS,ZSWY,Nanping Wuyishan Airport,CN-35,1.0,6890.0,614.0,CN,Wuyishan,27.7019004821777,118.000999450684
1524,airport,airport,WNZ,ZSWZ,Wenzhou Yongqiang Airport,CN-33,1.0,7874.0,10.0,CN,Wenzhou,27.9122009277344,120.851997375488
1525,airport,airport,YNZ,ZSYN,Yancheng Airport,CN-32,1.0,7218.0,10.0,CN,Yancheng,33.425833,120.203056
1526,airport,airport,YIW,ZSYW,Yiwu Airport,CN-33,1.0,8202.0,262.0,CN,Yiwu,29.3446998596,120.031997681
1527,airport,airport,HSN,ZSZS,Zhoushan Airport,CN-33,1.0,7546.0,3.0,CN,Zhoushan,29.9342002869,122.361999512
1528,airport,airport,DAX,ZUDX,Dachuan Airport,CN-51,1.0,6562.0,919.0,CN,Dazhou,31.1302,107.4295
1529,airport,airport,GYS,ZUGU,Guangyuan Airport,CN-51,1.0,8202.0,2018.0,CN,Guangyuan,32.3911018371582,105.702003479004
1530,airport,airport,LZO,ZULZ,Luzhou Airport,CN-51,1.0,7874.0,807.0,CN,Luzhou,28.8521995544434,105.392997741699
1531,airport,airport,MXZ,ZGMX,Meixian Airport,CN-44,1.0,7874.0,321.0,CN,Meixian,24.3500003814697,116.133003234863
1532,airport,airport,YYE,CYYE,Fort Nelson Airport,CA-BC,3.0,6400.0,1253.0,CA,Fort Nelson,58.8363990784,-122.597000122
1533,airport,airport,NAY,ZBNY,Beijing Nanyuan Airport,CN-11,1.0,9514.0,131.0,CN,Beijing,39.7827987670898,116.388000488281
1534,airport,airport,CUL,MMCL,Bachigualato Federal International Airport,MX-SIN,1.0,7546.0,108.0,MX,Culiacán,24.7644996643,-107.474998474
1535,airport,airport,CTM,MMCM,Chetumal International Airport,MX-ROO,1.0,7244.0,39.0,MX,Chetumal,18.5046997070312,-88.3267974853516
1536,airport,airport,CEN,MMCN,Ciudad Obregón International Airport,MX-SON,1.0,7546.0,243.0,MX,Ciudad Obregón,27.392599105835,-109.833000183105
1537,airport,airport,CPE,MMCP,Ingeniero Alberto Acuña Ongay International Airport,MX-CAM,1.0,8202.0,34.0,MX,Campeche,19.8167991638,-90.5002975464
1538,airport,airport,CJS,MMCS,Abraham González International Airport,MX-CHH,2.0,8858.0,3904.0,MX,Ciudad Juárez,31.636100769043,-106.429000854492
1539,airport,airport,CVM,MMCV,General Pedro Jose Mendez International Airport,MX-TAM,2.0,7218.0,761.0,MX,Ciudad Victoria,23.7033004761,-98.9564971924
1540,airport,airport,TPQ,MMEP,Amado Nervo National Airport,MX-NAY,1.0,7546.0,3020.0,MX,Tepic,21.4195003509521,-104.843002319336
1541,airport,airport,CLQ,MMIA,Licenciado Miguel de la Madrid Airport,MX-COL,1.0,7546.0,2467.0,MX,Colima,19.2770004272,-103.577003479
1542,airport,airport,JAL,MMJA,El Lencero Airport,MX-VER,1.0,5577.0,3127.0,MX,Xalapa,19.4750995636,-96.7975006104
1543,airport,airport,LZC,MMLC,Lázaro Cárdenas Airport,MX-MIC,1.0,4900.0,39.0,MX,Lázaro Cárdenas,18.0016994476,-102.221000671
1544,airport,airport,LMM,MMLM,Valle del Fuerte International Airport,MX-SIN,1.0,6562.0,16.0,MX,Los Mochis,25.6851997375,-109.081001282
1545,airport,airport,LAP,MMLP,Manuel Márquez de León International Airport,MX-BCS,1.0,8202.0,69.0,MX,La Paz,24.0727005005,-110.361999512
1546,airport,airport,MAM,MMMA,General Servando Canales International Airport,MX-TAM,1.0,7546.0,25.0,MX,Matamoros,25.7698993683,-97.5252990723
1547,airport,airport,MXL,MMML,General Rodolfo Sánchez Taboada International Airport,MX-BCN,1.0,8530.0,74.0,MX,Mexicali,32.6305999756,-115.241996765
1548,airport,airport,MTT,MMMT,Minatitlán/Coatzacoalcos National Airport,MX-VER,1.0,6890.0,36.0,MX,Minatitlán,18.1033992767,-94.5807037354
1549,airport,airport,NLD,MMNL,Quetzalcóatl International Airport,MX-TAM,1.0,6562.0,484.0,MX,Nuevo Laredo,27.4438991547,-99.5705032349
1550,airport,airport,PAZ,MMPA,El Tajín National Airport,MX-VER,1.0,5906.0,497.0,MX,Poza Rica,20.6026992798,-97.4608001709
1551,airport,airport,PDS,MMPG,Piedras Negras International Airport,MX-COA,1.0,6655.0,901.0,MX,Piedras Negras,28.6273994445801,-100.535003662109
1552,airport,airport,PQM,MMPQ,Palenque International Airport,MX-CHP,1.0,4888.0,200.0,MX,Palenque,17.5333995819092,-91.9844970703125
1553,airport,airport,PXM,MMPS,Puerto Escondido International Airport,MX-OAX,1.0,7546.0,294.0,MX,Puerto Escondido,15.8768997192,-97.0891036987
1554,airport,airport,REX,MMRX,General Lucio Blanco International Airport,MX-TAM,1.0,6243.0,139.0,MX,Reynosa,26.0088996887,-98.2285003662
1555,airport,airport,TGZ,MMTG,Angel Albino Corzo International Airport,MX-CHP,3.0,8202.0,1499.0,MX,Tuxtla Gutiérrez,16.5636005402,-93.0224990845
1556,airport,airport,TAP,MMTP,Tapachula International Airport,MX-CHP,1.0,6562.0,97.0,MX,Tapachula,14.7943000793,-92.3700027466
1557,airport,airport,ROS,SAAR,Islas Malvinas Airport,AR-S,1.0,9842.0,85.0,AR,Rosario,-32.9036,-60.785
1558,airport,airport,AEP,SABE,Jorge Newbery Airpark,AR-C,1.0,6890.0,18.0,AR,Buenos Aires,-34.5592,-58.4156
1559,airport,airport,COR,SACO,Ingeniero Ambrosio Taravella Airport,AR-X,2.0,10499.0,1604.0,AR,Cordoba,-31.323600769,-64.2080001831
1560,airport,airport,MDZ,SAME,El Plumerillo Airport,AR-M,1.0,9301.0,2310.0,AR,Mendoza,-32.8316993713,-68.7929000854
1561,airport,airport,IGR,SARI,Cataratas Del Iguazú International Airport,AR-N,1.0,10827.0,916.0,AR,Puerto Iguazu,-25.7373008728,-54.473400116
1562,airport,airport,REL,SAVT,Almirante Marco Andres Zar Airport,AR-U,1.0,8399.0,141.0,AR,Rawson,-43.2105,-65.2703
1563,airport,airport,FTE,SAWC,El Calafate Airport,AR-Z,1.0,8366.0,669.0,AR,El Calafate,-50.2803001404,-72.0531005859
1564,airport,airport,USH,SAWH,Malvinas Argentinas Airport,AR-V,1.0,9186.0,102.0,AR,Ushuahia,-54.8433,-68.2958
1565,airport,airport,BRC,SAZS,San Carlos De Bariloche Airport,AR-R,1.0,7703.0,2774.0,AR,San Carlos de Bariloche,-41.1511993408,-71.1575012207
1566,airport,airport,AJU,SBAR,Santa Maria Airport,BR-SE,1.0,7218.0,23.0,BR,Aracaju,-10.984000206,-37.0703010559
1567,airport,airport,ARU,SBAU,Araçatuba Airport,BR-SP,1.0,6955.0,1361.0,BR,Araçatuba,-21.1413002014,-50.4247016907
1568,airport,airport,PLU,SBBH,Pampulha - Carlos Drummond de Andrade Airport,BR-MG,1.0,8333.0,2589.0,BR,Belo Horizonte,-19.8512001037598,-43.9505996704102
1569,airport,airport,CAC,SBCA,Cascavel Airport,BR-PR,1.0,5299.0,2473.0,BR,Cascavel,-25.0002994537,-53.5008010864
1570,airport,airport,CGR,SBCG,Campo Grande Airport,BR-MS,1.0,8530.0,1833.0,BR,Campo Grande,-20.4687004089,-54.6725006104
1571,airport,airport,CGB,SBCY,Marechal Rondon Airport,BR-MT,1.0,7546.0,617.0,BR,Cuiabá,-15.6528997421,-56.1166992188
1572,airport,airport,IGU,SBFI,Cataratas International Airport,BR-PR,1.0,7201.0,786.0,BR,Foz Do Iguaçu,-25.6002788543701,-54.4850006103516
1573,airport,airport,FLN,SBFL,Hercílio Luz International Airport,BR-SC,2.0,7546.0,16.0,BR,Florianópolis,-27.6702785491943,-48.5525016784668
1574,airport,airport,FOR,SBFZ,Pinto Martins International Airport,BR-CE,1.0,8350.0,82.0,BR,Fortaleza,-3.77627992630005,-38.532600402832
1575,airport,airport,GYN,SBGO,Santa Genoveva Airport,BR-GO,1.0,8202.0,2450.0,BR,Goiânia,-16.6319999694824,-49.2206993103027
1576,airport,airport,IOS,SBIL,Bahia - Jorge Amado Airport,BR-BA,1.0,5174.0,15.0,BR,Ilhéus,-14.8159999847412,-39.0331993103027
1577,airport,airport,IPN,SBIP,Usiminas Airport,BR-MG,1.0,6575.0,784.0,BR,Ipatinga,-19.4706993103027,-42.4875984191895
1578,airport,airport,JPA,SBJP,Presidente Castro Pinto International Airport,BR-PB,1.0,8251.0,217.0,BR,João Pessoa,-7.14583301544,-34.9486122131
1579,airport,airport,JDO,SBJU,Orlando Bezerra de Menezes Airport,BR-CE,1.0,5906.0,1392.0,BR,Juazeiro Do Norte,-7.21895980835,-39.2700996399
1580,airport,airport,JOI,SBJV,Lauro Carneiro de Loyola Airport,BR-SC,1.0,5381.0,15.0,BR,Joinville,-26.2245006561279,-48.7974014282227
1581,airport,airport,VCP,SBKP,Viracopos International Airport,BR-SP,1.0,10630.0,2170.0,BR,Campinas,-23.0074005127,-47.1344985962
1582,airport,airport,LDB,SBLO,Governador José Richa Airport,BR-PR,1.0,6890.0,1867.0,BR,Londrina,-23.3335990906,-51.1301002502
1583,airport,airport,MGF,SBMG,Regional de Maringá - Sílvio Nane Junior Airport,BR-PR,1.0,6890.0,1788.0,BR,Maringá,-23.4794445038,-52.01222229
1584,airport,airport,MCZ,SBMO,Zumbi dos Palmares Airport,BR-AL,1.0,8537.0,387.0,BR,Maceió,-9.51080989837646,-35.7916984558105
1585,airport,airport,NVT,SBNF,Ministro Victor Konder International Airport,BR-SC,1.0,5581.0,18.0,BR,Navegantes,-26.8799991607666,-48.6514015197754
1586,airport,airport,POA,SBPA,Salgado Filho Airport,BR-RS,1.0,7480.0,11.0,BR,Porto Alegre,-29.9944000244141,-51.1713981628418
1587,airport,airport,PFB,SBPF,Lauro Kurtz Airport,BR-RS,1.0,5577.0,2376.0,BR,Passo Fundo,-28.2439994812012,-52.3265991210938
1588,airport,airport,BPS,SBPS,Porto Seguro Airport,BR-BA,1.0,6562.0,168.0,BR,Porto Seguro,-16.4386005401611,-39.0808982849121
1589,airport,airport,VDC,SBQV,Vitória da Conquista Airport,BR-BA,1.0,5823.0,3002.0,BR,Vitória Da Conquista,-14.8627996445,-40.8630981445
1590,airport,airport,SDU,SBRJ,Santos Dumont Airport,BR-RJ,2.0,4341.0,11.0,BR,Rio De Janeiro,-22.9104995728,-43.1631011963
1591,airport,airport,RAO,SBRP,Leite Lopes Airport,BR-SP,1.0,6890.0,1806.0,BR,Ribeirão Preto,-21.1363887786865,-47.776668548584
1592,airport,airport,NAT,SBSG,Governador Aluízio Alves International Airport,BR-RN,1.0,9843.0,272.0,BR,Natal,-5.768056,-35.376111
1593,airport,airport,SLZ,SBSL,Marechal Cunha Machado International Airport,BR-MA,2.0,7828.0,178.0,BR,São Luís,-2.58536005020142,-44.2341003417969
1594,airport,airport,CGH,SBSP,Congonhas Airport,BR-SP,2.0,6365.0,2631.0,BR,São Paulo,-23.6261100769043,-46.6563873291016
1595,airport,airport,SJP,SBSR,Prof. Eribelto Manoel Reino State Airport,BR-SP,1.0,5381.0,1784.0,BR,São José Do Rio Preto,-20.8166007996,-49.40650177
1596,airport,airport,THE,SBTE,Senador Petrônio Portela Airport,BR-PI,1.0,7218.0,219.0,BR,Teresina,-5.0599398613,-42.8235015869
1597,airport,airport,UDI,SBUL,Ten. Cel. Aviador César Bombonato Airport,BR-MG,1.0,6398.0,3094.0,BR,Uberlândia,-18.8836116790771,-48.2252769470215
1598,airport,airport,UBA,SBUR,Mário de Almeida Franco Airport,BR-MG,1.0,5771.0,2655.0,BR,Uberaba,-19.7647228240967,-47.9661102294922
1599,airport,airport,VIX,SBVT,Eurico de Aguiar Salles Airport,BR-ES,1.0,5741.0,11.0,BR,Vitória,-20.258056640625,-40.2863883972168
1600,airport,airport,ARI,SCAR,Chacalluta Airport,CL-AP,1.0,7119.0,167.0,CL,Arica,-18.3484992980957,-70.3386993408203
1601,airport,airport,CPO,SCAT,Desierto de Atacama Airport,CL-AT,1.0,7218.0,670.0,CL,Copiapo,-27.2611999512,-70.7791976929
1602,airport,airport,BBA,SCBA,Balmaceda Airport,CL-AI,1.0,8205.0,1722.0,CL,Balmaceda,-45.9160995483398,-71.6894989013672
1603,airport,airport,CJC,SCCF,El Loa Airport,CL-AN,1.0,9478.0,7543.0,CL,Calama,-22.4981994628906,-68.9036026000977
1604,airport,airport,PUQ,SCCI,Pdte. Carlos Ibañez del Campo Airport,CL-MA,3.0,9154.0,139.0,CL,Punta Arenas,-53.0026016235352,-70.8545989990234
1605,airport,airport,IQQ,SCDA,Diego Aracena Airport,CL-TA,1.0,10991.0,155.0,CL,Iquique,-20.5352001190186,-70.1812973022461
1606,airport,airport,ANF,SCFA,Cerro Moreno Airport,CL-AN,1.0,8527.0,455.0,CL,Antofagasta,-23.4444999694824,-70.4450988769531
1607,airport,airport,CCP,SCIE,Carriel Sur Airport,CL-BI,1.0,7540.0,26.0,CL,Concepcion,-36.7727012634277,-73.063102722168
1608,airport,airport,IPC,SCIP,Mataveri Airport,CL-VS,1.0,10827.0,227.0,CL,Isla de Pascua (Easter Island),-27.1648006439,-109.42199707
1609,airport,airport,ZOS,SCJO,Cañal Bajo Carlos - Hott Siebert Airport,CL-LL,1.0,5578.0,187.0,CL,Osorno,-40.611198425293,-73.0609970092773
1610,airport,airport,LSC,SCSE,La Florida Airport,CL-CO,1.0,6358.0,481.0,CL,La Serena-Coquimbo,-29.9162006378,-71.1995010376
1611,airport,airport,ZCO,SCTC,Maquehue Airport,CL-AR,1.0,5577.0,304.0,CL,Temuco,-38.7667999267578,-72.6371002197266
1612,airport,airport,PMC,SCTE,El Tepual Airport,CL-LL,1.0,8694.0,294.0,CL,Puerto Montt,-41.4388999938965,-73.0940017700195
1613,airport,airport,AGT,SGES,Guarani International Airport,PY-10,1.0,11154.0,846.0,PY,Ciudad del Este,-25.4599990844727,-54.8400001525879
1614,airport,airport,CBB,SLCB,Jorge Wilsterman International Airport,BO-C,2.0,12460.0,8360.0,BO,Cochabamba,-17.4211006164551,-66.1771011352539
1615,airport,airport,PCL,SPCL,Cap FAP David Abenzur Rengifo International Airport,PE-UCA,1.0,9186.0,513.0,PE,Pucallpa,-8.37794017791748,-74.5743026733398
1616,airport,airport,TGI,SPGM,Tingo Maria Airport,PE-HUC,1.0,6890.0,2010.0,PE,Tingo Maria,-9.13300037384033,-75.9499969482422
1617,airport,airport,CIX,SPHI,Capitan FAP Jose A Quinones Gonzales International Airport,PE-LAM,1.0,8266.0,97.0,PE,Chiclayo,-6.78747987747192,-79.8281021118164
1618,airport,airport,AYP,SPHO,Coronel FAP Alfredo Mendivil Duarte Airport,PE-AYA,1.0,9186.0,8917.0,PE,Ayacucho,-13.1548004150391,-74.2043991088867
1619,airport,airport,ANS,SPHY,Andahuaylas Airport,PE-APU,1.0,8202.0,11300.0,PE,Andahuaylas,-13.7063999176025,-73.3504028320312
1620,airport,airport,ATA,SPHZ,Comandante FAP German Arias Graziani Airport,PE-ANC,1.0,10007.0,9097.0,PE,Anta,-9.34743976593018,-77.5983963012695
1621,airport,airport,JAU,SPJJ,Francisco Carle Airport,PE-JUN,1.0,9220.0,11034.0,PE,Jauja,-11.7831001282,-75.4733963013
1622,airport,airport,JUL,SPJL,Inca Manco Capac International Airport,PE-PUN,1.0,13779.0,12552.0,PE,Juliaca,-15.4671001434326,-70.158203125
1623,airport,airport,CJA,SPJR,Mayor General FAP Armando Revoredo Iglesias Airport,PE-CAJ,1.0,8201.0,8781.0,PE,Cajamarca,-7.13918018341064,-78.4894027709961
1624,airport,airport,TBP,SPME,Capitan FAP Pedro Canga Rodriguez Airport,PE-TUM,1.0,8202.0,115.0,PE,Tumbes,-3.55253005027771,-80.3814010620117
1625,airport,airport,HUU,SPNC,Alferez Fap David Figueroa Fernandini Airport,PE-HUC,1.0,8202.0,6070.0,PE,Huánuco,-9.87880992889404,-76.2048034667969
1626,airport,airport,IQT,SPQT,Coronel FAP Francisco Secada Vignetta International Airport,PE-LOR,1.0,8202.0,306.0,PE,Iquitos,-3.78473997116089,-73.3087997436523
1627,airport,airport,AQP,SPQU,Rodríguez Ballón International Airport,PE-ARE,1.0,9777.0,8405.0,PE,Arequipa,-16.3411006927,-71.5830993652
1628,airport,airport,TRU,SPRU,Capitan FAP Carlos Martinez De Pinillos International Airport,PE-LAL,1.0,9920.0,106.0,PE,Trujillo,-8.08141040802002,-79.1088027954102
1629,airport,airport,TPP,SPST,Cadete FAP Guillermo Del Castillo Paredes Airport,PE-SAM,1.0,8530.0,869.0,PE,Tarapoto,-6.50873994827271,-76.3731994628906
1630,airport,airport,TCQ,SPTN,Coronel FAP Carlos Ciriani Santa Rosa International Airport,PE-TAC,1.0,8202.0,1538.0,PE,Tacna,-18.0533008575,-70.2758026123
1631,airport,airport,PEM,SPTU,Padre Aldamiz International Airport,PE-MDD,1.0,11482.0,659.0,PE,Puerto Maldonado,-12.6135997772,-69.2285995483
1632,airport,airport,PIU,SPUR,Capitán FAP Guillermo Concha Iberico International Airport,PE-PIU,1.0,8202.0,120.0,PE,Piura,-5.20574998856,-80.6164016724
1633,airport,airport,CUZ,SPZO,Alejandro Velasco Astete International Airport,PE-CUS,1.0,11146.0,10860.0,PE,Cusco,-13.5356998444,-71.9387969971
1634,airport,airport,DOU,SBDO,Dourados Airport,BR-MS,1.0,6374.0,1503.0,BR,Dourados,-22.2019004822,-54.9266014099
1635,airport,airport,YBR,CYBR,Brandon Municipal Airport,CA-MB,3.0,6500.0,1343.0,CA,Brandon,49.9099998474121,-99.9518966674805
1636,airport,airport,YLL,CYLL,Lloydminster Airport,CA-AB,2.0,5577.0,2193.0,CA,Lloydminster,53.3092002868652,-110.072998046875
1637,airport,airport,YQF,CYQF,Red Deer Regional Airport,CA-AB,2.0,5528.0,2968.0,CA,Red Deer,52.182201385498,-113.893997192383
1638,airport,airport,YQL,CYQL,Lethbridge County Airport,CA-AB,2.0,6500.0,3048.0,CA,Lethbridge,49.6302986145,-112.800003052
1639,airport,airport,YXH,CYXH,Medicine Hat Airport,CA-AB,2.0,5000.0,2352.0,CA,Medicine Hat,50.0189018249512,-110.721000671387
1640,airport,airport,RNB,ESDF,Ronneby Airport,SE-K,1.0,7648.0,191.0,SE,Ronneby,56.2667007446289,15.2650003433228
1641,airport,airport,JKG,ESGJ,Jönköping Airport,SE-F,2.0,7228.0,741.0,SE,Jönköping,57.7575988769531,14.068699836731
1642,airport,airport,MXX,ESKM,Mora Airport,SE-W,1.0,5951.0,634.0,SE,Mora,60.9579010009766,14.5114002227783
1643,airport,airport,KID,ESMK,Kristianstad Airport,SE-M,1.0,7267.0,76.0,SE,Kristianstad,55.9216995239258,14.0854997634888
1644,airport,airport,KLR,ESMQ,Kalmar Airport,SE-H,2.0,6726.0,17.0,SE,Kalmar,56.6855010986328,16.2875995635986
1645,airport,airport,HAD,ESMT,Halmstad Airport,SE-N,1.0,7419.0,101.0,SE,Halmstad,56.6911010742188,12.8201999664307
1646,airport,airport,EVG,ESND,Sveg Airport,SE-Z,1.0,5579.0,1178.0,SE,Sveg,62.0477981567383,14.4229001998901
1647,airport,airport,GEV,ESNG,Gällivare Airport,SE-BD,1.0,5623.0,1027.0,SE,Gällivare,67.1324005126953,20.8145999908447
1648,airport,airport,KRF,ESNK,Kramfors Sollefteå Airport,SE-Y,1.0,6565.0,34.0,SE,Kramfors / Sollefteå,63.0485992431641,17.7688999176025
1649,airport,airport,LYC,ESNL,Lycksele Airport,SE-AC,1.0,6564.0,705.0,SE,Lycksele,64.5483016967773,18.7161998748779
1650,airport,airport,OER,ESNO,Örnsköldsvik Airport,SE-Y,1.0,6607.0,354.0,SE,Örnsköldsvik,63.4082984924316,18.9899997711182
1651,airport,airport,KRN,ESNQ,Kiruna Airport,SE-BD,1.0,8209.0,1508.0,SE,Kiruna,67.8219985961914,20.336799621582
1652,airport,airport,UME,ESNU,Umeå Airport,SE-AC,1.0,7551.0,24.0,SE,Umeå,63.7918014526367,20.2828006744385
1653,airport,airport,VHM,ESNV,Vilhelmina Airport,SE-AC,1.0,4928.0,1140.0,SE,Vilhelmina,64.5791015625,16.8335990905762
1654,airport,airport,OSD,ESNZ,Östersund Airport,SE-Z,2.0,8202.0,1233.0,SE,Östersund,63.1944007873535,14.5003004074097
1655,airport,airport,HFS,ESOH,Hagfors Airport,SE-S,1.0,4951.0,474.0,SE,Hagfors,60.0200996398926,13.5789003372192
1656,airport,airport,KSD,ESOK,Karlstad Airport,SE-S,2.0,8255.0,352.0,SE,Karlstad,59.4446983337,13.3374004364
1657,airport,airport,LLA,ESPA,Luleå Airport,SE-BD,1.0,10990.0,65.0,SE,Luleå,65.5438003540039,22.1219997406006
1658,airport,airport,VBY,ESSV,Visby Airport,SE-I,2.0,6562.0,164.0,SE,Visby,57.6627998352051,18.3462009429932
1659,airport,airport,AGH,ESTA,Ängelholm-Helsingborg Airport,SE-M,2.0,6552.0,68.0,SE,Ängelholm,56.2961006164551,12.8471002578735
1660,airport,airport,ZAL,SCVD,Pichoy Airport,CL-LR,1.0,6870.0,59.0,CL,Valdivia,-39.6500015259,-73.0860977173
1661,airport,airport,CDR,KCDR,Chadron Municipal Airport,US-NE,2.0,6001.0,3297.0,US,Chadron,42.837600708,-103.095001221
1662,airport,airport,KTT,EFKT,Kittila Airport,FI-LL,1.0,8202.0,644.0,FI,Kittila,67.7009963989258,24.8467998504639
1663,airport,airport,WIN,YWTN,Winton Airport,AU-QLD,2.0,4600.0,638.0,AU,Winton,-22.3635997772217,143.085998535156
1664,airport,airport,BJA,DAAE,Soummam Airport,DZ-06,1.0,7874.0,20.0,DZ,Béjaïa,36.7120018005,5.06992006302
1665,airport,airport,QSF,DAAS,Ain Arnat Airport,DZ-19,1.0,9495.0,3360.0,DZ,Sétif,36.1781005859,5.32449007034
1666,airport,airport,BLJ,DABT,Batna Airport,DZ-05,1.0,9843.0,2697.0,DZ,Batna,35.7521018982,6.3085899353
1667,airport,airport,TLM,DAON,Zenata – Messali El Hadj Airport,DZ-13,1.0,8530.0,814.0,DZ,Tlemcen,35.0167007446,-1.45000004768
1668,airport,airport,BSK,DAUB,Biskra Airport,DZ-07,1.0,9469.0,289.0,DZ,Biskra,34.7933006287,5.73823022842
1669,airport,airport,TOE,DTTZ,Tozeur Nefta International Airport,TN-72,1.0,10581.0,287.0,TN,Tozeur,33.9397010803223,8.11056041717529
1670,airport,airport,DZA,FMCZ,Dzaoudzi Pamandzi International Airport,YT-U-A,1.0,6330.0,23.0,YT,Dzaoudzi,-12.8046998977661,45.2811012268066
1671,airport,airport,ESU,GMMI,Mogador Airport,MA-ESI,1.0,6890.0,384.0,MA,Essaouira,31.3974990845,-9.6816701889
1672,airport,airport,OZZ,GMMZ,Ouarzazate Airport,MA-OUA,1.0,9842.0,3782.0,MA,Ouarzazate,30.9391002655,-6.90943002701
1673,airport,airport,AGF,LFBA,Agen-La Garenne Airport,FR-B,1.0,7103.0,204.0,FR,Agen/La Garenne,44.1747016906738,0.590556025505066
1674,airport,airport,PGX,LFBX,Périgueux-Bassillac Airport,FR-B,1.0,5741.0,328.0,FR,Périgueux/Bassillac,45.1981010437012,0.815555989742279
1675,airport,airport,DCM,LFCK,Castres-Mazamet Airport,FR-N,1.0,5988.0,788.0,FR,Castres/Mazamet,43.5563011169434,2.2891800403595
1676,airport,airport,LPY,LFHP,Le Puy-Loudes Airport,FR-C,2.0,4741.0,2731.0,FR,Le Puy/Loudes,45.0806999206543,3.76289010047913
1677,airport,airport,AUR,LFLW,Aurillac Airport,FR-C,1.0,5577.0,2096.0,FR,Aurillac,44.8913993835449,2.42194008827209
1678,airport,airport,LRT,LFRH,Lorient South Brittany (Bretagne Sud) Airport,FR-E,2.0,7884.0,160.0,FR,Lorient/Lann/Bihoué,47.7606010437012,-3.44000005722046
1679,airport,airport,LAI,LFRO,Lannion-Côte de Granit Airport,FR-E,1.0,5577.0,290.0,FR,Lannion,48.7543983459473,-3.47165989875793
1680,airport,airport,UIP,LFRQ,Quimper-Cornouaille Airport,FR-E,2.0,7054.0,297.0,FR,Quimper/Pluguffan,47.9749984741211,-4.16778993606567
1681,airport,airport,CAY,SOCA,Cayenne-Rochambeau Airport,GF-CY,1.0,10486.0,26.0,GF,Cayenne / Rochambeau,4.81980991364,-52.3604011536
1682,airport,airport,BHJ,VABJ,Bhuj Airport,IN-GJ,1.0,8205.0,268.0,IN,Bhuj,23.2877998352,69.6701965332
1683,airport,airport,BHU,VABV,Bhavnagar Airport,IN-GJ,1.0,6300.0,44.0,IN,Bhavnagar,21.752199173,72.1852035522
1684,airport,airport,HBX,VOHB,Hubli Airport,IN-KA,1.0,5495.0,2171.0,IN,Hubli,15.361700058,75.0848999023
1685,airport,airport,JGA,VAJM,Jamnagar Airport,IN-GJ,2.0,8242.0,69.0,IN,Jamnagar,22.4654998779297,70.0126037597656
1686,airport,airport,RAJ,VARK,Rajkot Airport,IN-GJ,1.0,6040.0,441.0,IN,Rajkot,22.3092002869,70.7795028687
1687,airport,airport,GWL,VIGR,Gwalior Airport,IN-MP,1.0,9000.0,617.0,IN,Gwalior,26.2933006286621,78.2277984619141
1688,airport,airport,BFN,FABL,Bram Fischer International Airport,ZA-FS,2.0,8396.0,4458.0,ZA,Bloemfontain,-29.0926990509,26.302400589
1689,airport,airport,ELS,FAEL,Ben Schoeman Airport,ZA-EC,2.0,6362.0,435.0,ZA,East London,-33.0355987549,27.8258991241
1690,airport,airport,ELL,FAER,Ellisras Matimba Airport,ZA-NP,1.0,5902.0,2799.0,ZA,Ellisras,-23.7266998291016,27.6882991790771
1691,airport,airport,GRJ,FAGG,George Airport,ZA-WC,1.0,6562.0,648.0,ZA,George,-34.0055999756,22.378900528
1692,airport,airport,HDS,FAHS,Hoedspruit Air Force Base Airport,ZA-NP,2.0,13095.0,1743.0,ZA,Hoedspruit,-24.3686008453,31.0487003326
1693,airport,airport,KIM,FAKM,Kimberley Airport,ZA-NC,2.0,9843.0,3950.0,ZA,Kimberley,-28.8027992249,24.7651996613
1694,airport,airport,MQP,FAKN,Kruger Mpumalanga International Airport,ZA-MP,1.0,10171.0,2829.0,ZA,Mpumalanga,-25.3831996918,31.1056003571
1695,airport,airport,HLA,FALA,Lanseria Airport,ZA-GT,2.0,10000.0,4517.0,ZA,Johannesburg,-25.9384994507,27.9260997772
1696,airport,airport,MGH,FAMG,Margate Airport,ZA-NL,1.0,4495.0,495.0,ZA,Margate,-30.8574008942,30.343000412
1697,airport,airport,PLZ,FAPE,Port Elizabeth Airport,ZA-EC,3.0,6496.0,226.0,ZA,Port Elizabeth,-33.9849014282,25.6173000336
1698,airport,airport,PBZ,FAPG,Plettenberg Bay Airport,ZA-WC,1.0,4003.0,465.0,ZA,Plettenberg Bay,-34.0881601675,23.3287234306
1699,airport,airport,PHW,FAPH,Hendrik Van Eck Airport,ZA-NP,1.0,4491.0,1432.0,ZA,Phalaborwa,-23.9372005463,31.1553993225
1700,airport,airport,PZB,FAPM,Pietermaritzburg Airport,ZA-NL,1.0,5043.0,2423.0,ZA,Pietermaritzburg,-29.6490001678,30.3987007141
1701,airport,airport,PTG,FAPP,Polokwane International Airport,ZA-NP,2.0,8400.0,4076.0,ZA,Potgietersrus,-23.8453006744,29.4585990906
1702,airport,airport,RCB,FARB,Richards Bay Airport,ZA-NL,1.0,4265.0,109.0,ZA,Richards Bay,-28.7409992218,32.0920982361
1703,airport,airport,UTN,FAUP,Pierre Van Ryneveld Airport,ZA-NC,2.0,16076.0,2782.0,ZA,Upington,-28.39909935,21.2602005005
1704,airport,airport,UTT,FAUT,K. D. Matanzima Airport,ZA-EC,2.0,6562.0,2400.0,ZA,Mthatha,-31.5463631849,28.6733551025
1705,airport,airport,FRW,FBFT,Francistown Airport,BW-NE,2.0,7218.0,3283.0,BW,Francistown,-21.1595993041992,27.4745006561279
1706,airport,airport,BBK,FBKE,Kasane Airport,BW-NW,1.0,6562.0,3289.0,BW,Kasane,-17.8328990936279,25.1623992919922
1707,airport,airport,MUB,FBMN,Maun Airport,BW-NW,1.0,6562.0,3093.0,BW,Maun,-19.9726009368896,23.4311008453369
1708,airport,airport,GBE,FBSK,Sir Seretse Khama International Airport,BW-SE,1.0,9843.0,3299.0,BW,Gaborone,-24.5552005767822,25.9181995391846
1709,airport,airport,MTS,FDMS,Matsapha Airport,SZ-MA,1.0,8530.0,2075.0,SZ,Manzini,-26.5289993286133,31.3075008392334
1710,airport,airport,LVI,FLLI,Livingstone Airport,ZM-07,2.0,7520.0,3302.0,ZM,Livingstone,-17.8218002319336,25.8227005004883
1711,airport,airport,NLA,FLND,Ndola Airport,ZM-08,2.0,8250.0,4167.0,ZM,Ndola,-12.9981002807617,28.6648998260498
1712,airport,airport,BEW,FQBR,Beira Airport,MZ-S,3.0,7874.0,33.0,MZ,Beira,-19.7964000701904,34.907600402832
1713,airport,airport,INH,FQIN,Inhambane Airport,MZ-I,2.0,4921.0,30.0,MZ,Inhambabe,-23.8763999938965,35.4085006713867
1714,airport,airport,MPM,FQMA,Maputo Airport,MZ-MPM,2.0,12008.0,145.0,MZ,Maputo,-25.9207992553711,32.5726013183594
1715,airport,airport,APL,FQNP,Nampula Airport,MZ-N,2.0,6562.0,1444.0,MZ,Nampula,-15.1056003570557,39.2817993164062
1716,airport,airport,POL,FQPB,Pemba Airport,MZ-P,2.0,5905.0,331.0,MZ,Pemba / Porto Amelia,-12.9917621612549,40.5240135192871
1717,airport,airport,TET,FQTT,Chingozi Airport,MZ-T,1.0,8225.0,525.0,MZ,Tete,-16.1047992706299,33.6402015686035
1718,airport,airport,VNX,FQVL,Vilankulo Airport,MZ-I,2.0,4823.0,46.0,MZ,Vilanculo,-22.0184001922607,35.3133010864258
1719,airport,airport,BUQ,FVBU,Joshua Mqabuko Nkomo International Airport,ZW-BU,2.0,8491.0,4359.0,ZW,Bulawayo,-20.0174007415771,28.6179008483887
1720,airport,airport,VFA,FVFA,Victoria Falls International Airport,ZW-MN,1.0,7708.0,3490.0,ZW,Victoria Falls,-18.0958995819092,25.8390007019043
1721,airport,airport,BLZ,FWCL,Chileka International Airport,MW-BL,2.0,7628.0,2555.0,MW,Blantyre,-15.6791000366211,34.9739990234375
1722,airport,airport,LLW,FWKI,Lilongwe International Airport,MW-LI,1.0,11614.0,4035.0,MW,Lilongwe,-13.7894001007,33.78099823
1723,airport,airport,MSU,FXMM,Moshoeshoe I International Airport,LS-A,2.0,10498.0,5348.0,LS,Maseru,-29.4622993469238,27.5524997711182
1724,airport,airport,WVB,FYWB,Walvis Bay Airport,NA-ER,1.0,7001.0,299.0,,Walvis Bay,-22.9799003601074,14.645299911499
1725,airport,airport,FBM,FZQA,Lubumbashi International Airport,CD-KA,1.0,10623.0,4295.0,CD,Lubumbashi,-11.5913000107,27.5308990479
1726,airport,airport,ZNZ,HTZA,Abeid Amani Karume International Airport,TZ-07,1.0,8077.0,54.0,TZ,Zanzibar,-6.22202014923,39.224899292
1727,airport,airport,GAF,DTTF,Gafsa Ksar International Airport,TN-71,1.0,9514.0,1060.0,TN,Gafsa,34.4220008850098,8.82250022888184
1728,airport,airport,GAE,DTTG,Gabès Matmata International Airport,TN-81,1.0,3702.0,26.0,TN,Gabès,33.8768997192383,10.1033000946045
1729,airport,airport,LGG,EBLG,Liège Airport,BE-WLG,2.0,10784.0,659.0,BE,Liège,50.6374015808105,5.4432201385498
1730,airport,airport,OST,EBOS,Ostend-Bruges International Airport,BE-VWV,2.0,10499.0,13.0,BE,Ostend,51.1988983154,2.8622200489
1731,airport,airport,SCN,EDDR,Saarbrücken Airport,DE-SL,2.0,6562.0,1058.0,DE,Saarbrücken,49.2145996094,7.10950994492
1732,airport,airport,LBC,EDHL,Lübeck Blankensee Airport,DE-SH,1.0,6896.0,53.0,DE,Lübeck,53.8054008484,10.7192001343
1733,airport,airport,ZQW,EDRZ,Zweibrücken Airport,DE-RP,1.0,9677.0,1132.0,DE,Zweibrücken,49.209400177002,7.40055990219116
1734,airport,airport,KSF,EDVK,Kassel-Calden Airport,DE-HE,2.0,4921.0,909.0,DE,Kassel,51.408332824707,9.3774995803833
1735,airport,airport,DSA,EGCN,Robin Hood Doncaster Sheffield Airport,GB-ENG,1.0,9491.0,55.0,UK,Doncaster,53.4805378105,-1.01065635681
1736,airport,airport,MST,EHBK,Maastricht Aachen Airport,NL-LI,1.0,8202.0,375.0,NL,Maastricht,50.9117012024,5.77014017105
1737,airport,airport,GRQ,EHGG,Eelde Airport,NL-DR,2.0,8202.0,17.0,NL,Groningen,53.1197013855,6.57944011688
1738,airport,airport,TMS,FPST,São Tomé International Airport,ST-S,1.0,7283.0,33.0,ST,São Tomé,0.378174990415573,6.71215009689331
1739,airport,airport,SRX,HLGD,Gardabya Airport,LY-SR,2.0,11807.0,267.0,LY,Sirt,31.0634994507,16.5949993134
1740,airport,airport,TOB,HLGN,Gamal Abdel Nasser Airport,LY-BU,3.0,9895.0,519.0,LY,Tobruk,31.8610000610352,23.9069995880127
1741,airport,airport,BEN,HLLB,Benina International Airport,LY-BA,2.0,11732.0,433.0,LY,Benghazi,32.0968017578,20.2695007324
1742,airport,airport,LAQ,HLLQ,La Abraq Airport,LY-JA,2.0,11824.0,2157.0,LY,Al Bayda,32.7887001037598,21.9643001556396
1743,airport,airport,ILD,LEDA,Lleida-Alguaire Airport,ES-CT,1.0,8202.0,1170.0,ES,Lleida,41.728185,0.535023
1744,airport,airport,DLE,LFGJ,Dole-Tavaux Airport,FR-I,1.0,7318.0,645.0,FR,Dole/Tavaux,47.0390014648438,5.42724990844727
1745,airport,airport,AXD,LGAL,Dimokritos Airport,GR-71,1.0,8471.0,24.0,GR,Alexandroupolis,40.855899810791,25.9563007354736
1746,airport,airport,JIK,LGIK,Ikaria Airport,GR-84,1.0,4530.0,79.0,GR,Ikaria Island,37.6827011108,26.3470993042
1747,airport,airport,IOA,LGIO,Ioannina Airport,GR-33,1.0,7874.0,1558.0,GR,Ioannina,39.6963996887207,20.8225002288818
1748,airport,airport,KSO,LGKA,Kastoria National Airport,GR-56,1.0,8852.0,2167.0,GR,Kastoria,40.4463005066,21.2821998596
1749,airport,airport,KZS,LGKJ,Kastelorizo Airport,GR-81,1.0,2618.0,489.0,GR,Kastelorizo Island,36.1417007446,29.5764007568
1750,airport,airport,JKL,LGKY,Kalymnos Airport,GR-81,1.0,3330.0,771.0,GR,Kalymnos Island,36.9632987976,26.9405994415
1751,airport,airport,KZI,LGKZ,Filippos Airport,GR-58,1.0,5978.0,2059.0,GR,Kozani,40.2860984802246,21.840799331665
1752,airport,airport,LRS,LGLE,Leros Airport,GR-81,1.0,3320.0,39.0,GR,Leros Island,37.1848983765,26.8003005981
1753,airport,airport,LXS,LGLM,Limnos Airport,GR-83,1.0,9895.0,14.0,GR,Limnos Island,39.917098999,25.2362995148
1754,airport,airport,MLO,LGML,Milos Airport,GR-82,1.0,2608.0,10.0,GR,Milos Island,36.6968994141,24.4769001007
1755,airport,airport,JNX,LGNX,Naxos Airport,GR-82,1.0,2953.0,10.0,GR,Naxos Island,37.0811004639,25.3680992126
1756,airport,airport,PAS,LGPA,Paros Airport,GR-82,1.0,2329.0,131.0,GR,Paros Island,37.0102996826,25.1280994415
1757,airport,airport,JTY,LGPL,Astypalaia Airport,GR-81,1.0,3245.0,165.0,GR,Astypalaia Island,36.5798988342,26.3757991791
1758,airport,airport,JSI,LGSK,Skiathos Island National Airport,GR-43,1.0,5341.0,54.0,GR,Skiathos,39.1771011352539,23.5037002563477
1759,airport,airport,JSY,LGSO,Syros Airport,GR-82,1.0,3542.0,236.0,GR,Syros Island,37.4227981567,24.9508991241
1760,airport,airport,JSH,LGST,Sitia Airport,GR-92,1.0,6804.0,376.0,GR,Crete Island,35.2160987854004,26.1012992858887
1761,airport,airport,SKU,LGSY,Skiros Airport,GR-04,1.0,9849.0,44.0,GR,Skiros Island,38.9676017761,24.4871997833
1762,airport,airport,SMA,LPAZ,Santa Maria Airport,PT-20,3.0,10000.0,308.0,PT,Vila do Porto,36.9714012145996,-25.1706008911133
1763,airport,airport,HOR,LPHR,Horta Airport,PT-20,1.0,5233.0,118.0,PT,Horta,38.5199012756348,-28.7159004211426
1764,airport,airport,TER,LPLA,Lajes Field,PT-20,1.0,10870.0,180.0,PT,Lajes,38.7617988586,-27.0907993317
1765,airport,airport,PIX,LPPI,Pico Airport,PT-20,1.0,5725.0,109.0,PT,Pico Island,38.5542984008789,-28.4412994384766
1766,airport,airport,PXO,LPPS,Porto Santo Airport,PT-30,2.0,9861.0,341.0,PT,Vila Baleira,33.0733985901,-16.3500003815
1767,airport,airport,MRA,HLMS,Misratah Airport,LY-MI,1.0,11154.0,60.0,LY,Misratah,32.3250007629395,15.0609998703003
1768,airport,airport,ATT,none,Atmautluak Airport,US-AK,1.0,3000.0,17.0,US,Atmautluak,60.8666992188,-162.272994995
1769,airport,airport,KOZ,none,Ouzinkie Airport,US-AK,1.0,3300.0,55.0,US,Ouzinkie,57.9229011536,-152.50100708
1770,airport,airport,CHU,PACH,Chuathbaluk Airport,US-AK,1.0,3401.0,244.0,US,Chuathbaluk,61.57910156,-159.2160034
1771,airport,airport,KLL,none,Levelock Airport,US-AK,1.0,3284.0,39.0,US,Levelock,59.1281013489,-156.85899353
1772,airport,airport,WTL,none,Tuntutuliak Airport,US-AK,1.0,3025.0,16.0,US,Tuntutuliak,60.3353004456,-162.667007446
1773,airport,airport,RNA,AGAR,Ulawa Airport,SB-MK,1.0,2822.0,40.0,SB,Arona,-9.86054358262,161.979546547
1774,airport,airport,ATD,AGAT,Uru Harbour Airport,SB-ML,1.0,2769.0,17.0,SB,Atoifi,-8.87333011627197,161.011001586914
1775,airport,airport,BNY,AGGB,Bellona/Anua Airport,SB-RB,1.0,2187.0,60.0,SB,Anua,-11.3022222222,159.798333333
1776,airport,airport,CHY,AGGC,Choiseul Bay/Taro Island Airport,SB-CH,1.0,2164.0,5.0,SB,Choiseul Bay,-6.711944,156.396111
1777,airport,airport,FRE,AGGF,Fera/Maringe Airport,SB-IS,1.0,1854.0,9.0,SB,Fera Island,-8.10750007629395,159.576995849609
1778,airport,airport,IRA,AGGK,Ngorangora Airport,SB-MK,1.0,4377.0,54.0,SB,Kirakira,-10.4497003555,161.897994995
1779,airport,airport,SCZ,AGGL,Santa Cruz/Graciosa Bay/Luova Airport,SB-TE,1.0,2999.0,18.0,SB,Santa Cruz/Graciosa Bay/Luova,-10.7202997207642,165.794998168945
1780,airport,airport,MUA,AGGM,Munda Airport,SB-WE,1.0,4593.0,10.0,SB,Munda,-8.32796955108643,157.263000488281
1781,airport,airport,GZO,AGGN,Nusatupe Airport,SB-WE,1.0,3609.0,13.0,SB,Gizo,-8.09778022766,156.863998413
1782,airport,airport,RNL,AGGR,Rennell/Tingoa Airport,SB-RB,1.0,2206.0,82.0,SB,Rennell Island,-11.5339002609253,160.063003540039
1783,airport,airport,EGM,AGGS,Sege Airport,SB-WE,1.0,3002.0,11.0,SB,Sege,-8.57888984680176,157.876007080078
1784,airport,airport,NNB,AGGT,Santa Ana Airport,SB-MK,1.0,2655.0,3.0,SB,Santa Ana Island,-10.847994,162.454108
1785,airport,airport,RUS,AGGU,Marau Airport,SB-GU,1.0,2001.0,3.0,SB,Marau,-9.86166954041,160.824996948
1786,airport,airport,VAO,AGGV,Suavanao Airport,SB-IS,1.0,2789.0,20.0,SB,Suavanao,-7.5855598449707,158.731002807617
1787,airport,airport,KGE,AGKG,Kaghau Airport,SB-CH,1.0,2428.0,30.0,SB,Kagau Island,-7.3305,157.585
1788,airport,airport,RBV,AGRM,Ramata Airport,SB-WE,1.0,3950.0,46.0,SB,Ramata,-8.16806030273438,157.643005371094
1789,airport,airport,BUA,AYBK,Buka Airport,PG-NSB,1.0,5125.0,11.0,PG,Buka Island,-5.4223198890686,154.673004150391
1790,airport,airport,CMU,AYCH,Chimbu Airport,PG-CPK,1.0,3330.0,4974.0,PG,Kundiawa,-6.02429008483887,144.970993041992
1791,airport,airport,DAU,AYDU,Daru Airport,PG-WPD,1.0,4593.0,20.0,PG,Daru,-9.08675956726,143.207992554
1792,airport,airport,GKA,AYGA,Goroka Airport,PG-EHG,2.0,5400.0,5282.0,PG,Goronka,-6.08168983459,145.391998291
1793,airport,airport,GUR,AYGN,Gurney Airport,PG-MBA,1.0,5546.0,88.0,PG,Gurney,-10.3114995956,150.333999634
1794,airport,airport,PNP,AYGR,Girua Airport,PG-NPP,1.0,5485.0,311.0,PG,Popondetta,-8.80453968048,148.309005737
1795,airport,airport,HKN,AYHK,Kimbe Airport,PG-WBK,1.0,5212.0,66.0,PG,Hoskins,-5.46217012405396,150.404998779297
1796,airport,airport,UNG,AYKI,Kiunga Airport,PG-WPD,1.0,3691.0,88.0,PG,Kiunga,-6.12571001052856,141.281997680664
1797,airport,airport,KVG,AYKV,Kavieng Airport,PG-NIK,1.0,5592.0,7.0,PG,Kavieng,-2.57940006256,150.807998657
1798,airport,airport,LNV,AYKY,Londolovit Airport,PG-NIK,1.0,3937.0,167.0,PG,Londolovit,-3.04361009598,152.628997803
1799,airport,airport,MAG,AYMD,Madang Airport,PG-MPM,1.0,5174.0,20.0,PG,Madang,-5.20707988739,145.789001465
1800,airport,airport,HGU,AYMH,Mount Hagen Kagamuga Airport,PG-WHM,2.0,7185.0,5388.0,PG,Mount Hagen,-5.82678985595703,144.296005249023
1801,airport,airport,MDU,AYMN,Mendi Airport,PG-SHM,1.0,4411.0,5680.0,PG,Mendi,-6.14773988723755,143.656997680664
1802,airport,airport,MAS,AYMO,Momote Airport,PG-MRL,1.0,6136.0,12.0,PG,Momote,-2.06188988685608,147.42399597168
1803,airport,airport,MXH,AYMR,Moro Airport,PG-SHM,1.0,5774.0,2740.0,PG,Moro,-6.36332988739,143.238006592
1804,airport,airport,LAE,AYNZ,Lae Nadzab Airport,PG-MPL,1.0,8004.0,239.0,PG,Nadzab,-6.5698299408,146.725997925
1805,airport,airport,TIZ,AYTA,Tari Airport,PG-HE,1.0,5197.0,5500.0,PG,Tari,-5.84499979019,142.947998047
1806,airport,airport,TBG,AYTB,Tabubil Airport,PG-WPD,1.0,4232.0,1570.0,PG,Tabubil,-5.27861022949219,141.225997924805
1807,airport,airport,RAB,AYTK,Tokua Airport,PG-EBR,1.0,5643.0,32.0,PG,Tokua,-4.34045982361,152.380004883
1808,airport,airport,VAI,AYVN,Vanimo Airport,PG-SAN,1.0,5775.0,10.0,PG,Vanimo,-2.69717001914978,141.302001953125
1809,airport,airport,WBM,AYWD,Wapenamanda Airport,PG-EPW,1.0,5052.0,5889.0,PG,Wapenamanda,-5.64330005645752,143.895004272461
1810,airport,airport,WWK,AYWK,Wewak International Airport,PG-ESW,1.0,5234.0,19.0,PG,Wewak,-3.58383011818,143.669006348
1811,airport,airport,GOH,BGGH,Godthaab / Nuuk Airport,GL-U-A,1.0,3117.0,283.0,GL,Nuuk,64.19090271,-51.6781005859
1812,airport,airport,SFJ,BGSF,Kangerlussuaq Airport,GL-U-A,1.0,9219.0,165.0,GL,Kangerlussuaq,67.0122218992,-50.7116031647
1813,airport,airport,RBQ,SLRQ,Rurenabaque Airport,BO-B,1.0,6141.0,899.0,BO,Rurenabaque,-14.4279003143,-67.4968032837
1814,airport,airport,BUL,AYBU,Bulolo Airport,PG-MPL,1.0,4373.0,2240.0,PG,Bulolo,-7.21628667141,146.649541855
1815,airport,airport,BCV,MZBP,Belmopan Airport,BZ-CY,1.0,3609.0,200.0,BZ,Belmopan,17.2695999145508,-88.776496887207
1816,airport,airport,CUK,MZCK,Caye Caulker Airport,BZ-BZ,1.0,2610.0,1.0,BZ,Caye Caulker,17.7346992492676,-88.0325012207031
1817,airport,airport,DGA,MZPB,Dangriga Airport,BZ-SC,1.0,2090.0,508.0,BZ,Dangriga,16.9825096130371,-88.2309875488281
1818,airport,airport,PLJ,MZPL,Placencia Airport,BZ-SC,1.0,2135.0,42.0,BZ,Placencia,16.5369567871094,-88.3615112304688
1819,airport,airport,SPR,MZSP,San Pedro Airport,BZ-CY,1.0,3501.0,3.0,BZ,San Pedro,17.9139003753662,-87.9710998535156
1820,airport,airport,SQS,MZCF,Matthew Spain Airport,BZ-CY,1.0,2231.0,416.0,BZ,San Ignacio,17.1859,-89.0098
1821,airport,airport,TZA,MZBE,Belize City Municipal Airport,BZ-BZ,1.0,1825.0,16.0,BZ,Belize City,17.5163898468018,-88.1944427490234
1822,airport,airport,YAA,CAJ4,Anahim Lake Airport,CA-BC,2.0,3930.0,3635.0,CA,Anahim Lake,52.4524993896484,-125.303001403809
1823,airport,airport,YLE,CEM3,Whatì Airport,CA-NT,1.0,2991.0,882.0,CA,Whatì,63.1316986083984,-117.246002197266
1824,airport,airport,TVS,ZBTS,Tangshan Sannühe Airport,CN-13,1.0,8858.0,50.0,CN,Tangshan,39.7178001404,118.002624512
1825,airport,airport,OHE,ZYMH,Gu-Lian Airport,CN-23,1.0,7218.0,1836.0,CN,Mohe,52.9127777778,122.43
1826,airport,airport,BSD,ZPBS,Baoshan Yunduan Airport,CN-53,1.0,7874.0,5453.0,CN,Baoshan,25.0533008575,99.168296814
1827,airport,airport,LNJ,ZPLC,Lintsang Airfield,CN-53,1.0,7874.0,6230.0,CN,Lincang,23.7381000519,100.025001526
1828,airport,airport,PZI,ZUZH,Bao'anying Airport,CN-51,1.0,9186.0,6483.0,CN,Panzhihua,26.54,101.79852
1829,airport,airport,FUO,ZGFS,Foshan Shadi Airport,CN-44,1.0,9186.0,6.0,CN,Foshan,23.0832996368,113.069999695
1830,airport,airport,AEB,ZGBS,Baise Youjiang Airport,CN-45,1.0,8202.0,148.0,CN,Baise,23.7206001282,106.959999084
1831,airport,airport,YZY,ZLZY,Zhangye Southeast Air Base,CN-62,2.0,9843.0,2264.0,CN,Zhangye,38.8018989563,100.675003052
1832,airport,airport,LDS,ZYLD,Lindu Airport,CN-23,1.0,7546.0,791.0,CN,Yichun,47.7520555556,129.019125
1833,airport,airport,YKU,CSU2,Chisasibi Airport,CA-QC,1.0,3792.0,43.0,CA,Chisasibi,53.8055992126465,-78.9169006347656
1834,airport,airport,YAG,CYAG,Fort Frances Municipal Airport,CA-ON,2.0,4500.0,1125.0,CA,Fort Frances,48.6542015075684,-93.439697265625
1835,airport,airport,YKG,CYAS,Kangirsuk Airport,CA-QC,1.0,3521.0,403.0,CA,Kangirsuk,60.0271987915039,-69.9991989135742
1836,airport,airport,YAY,CYAY,St. Anthony Airport,CA-NL,1.0,4000.0,108.0,CA,St. Anthony,51.3918991089,-56.0830993652
1837,airport,airport,YCB,CYCB,Cambridge Bay Airport,CA-NU,1.0,5000.0,90.0,CA,Cambridge Bay,69.1081008911,-105.138000488
1838,airport,airport,YCL,CYCL,Charlo Airport,CA-NB,1.0,6000.0,132.0,CA,Charlo,47.9907989501953,-66.3302993774414
1839,airport,airport,YCO,CYCO,Kugluktuk Airport,CA-NU,1.0,5500.0,74.0,CA,Kugluktuk,67.8167037964,-115.143997192
1840,airport,airport,YCY,CYCY,Clyde River Airport,CA-NU,1.0,3500.0,87.0,CA,Clyde River,70.4860992432,-68.5167007446
1841,airport,airport,YFH,CYFH,Fort Hope Airport,CA-ON,1.0,3500.0,899.0,CA,Fort Hope,51.5619010925293,-87.9077987670898
1842,airport,airport,YFO,CYFO,Flin Flon Airport,CA-MB,1.0,5000.0,997.0,CA,Flin Flon,54.6781005859375,-101.681999206543
1843,airport,airport,YFS,CYFS,Fort Simpson Airport,CA-NT,1.0,6000.0,555.0,CA,Fort Simpson,61.7602005004883,-121.236999511719
1844,airport,airport,YGP,CYGP,Gaspé (Michel-Pouliot) Airport,CA-QC,1.0,4500.0,112.0,CA,Gaspé,48.7752990723,-64.4785995483
1845,airport,airport,YGR,CYGR,Îles-de-la-Madeleine Airport,CA-QC,2.0,4500.0,35.0,CA,Îles-de-la-Madeleine,47.4247016906738,-61.7780990600586
1846,airport,airport,YGT,CYGT,Igloolik Airport,CA-NU,1.0,3800.0,174.0,CA,Igloolik,69.3647003174,-81.8161010742
1847,airport,airport,YGV,CYGV,Havre St Pierre Airport,CA-QC,1.0,4500.0,124.0,CA,Havre St-Pierre,50.2818984985352,-63.611400604248
1848,airport,airport,YGX,CYGX,Gillam Airport,CA-MB,1.0,5000.0,476.0,CA,Gillam,56.3574981689453,-94.7106018066406
1849,airport,airport,YNS,CYHH,Nemiscau Airport,CA-QC,1.0,5000.0,802.0,CA,Nemiscau,51.6911010742188,-76.1355972290039
1850,airport,airport,YHK,CYHK,Gjoa Haven Airport,CA-NU,1.0,4400.0,152.0,CA,Gjoa Haven,68.635597229,-95.8497009277
1851,airport,airport,YHU,CYHU,Montréal / Saint-Hubert Airport,CA-QC,3.0,7840.0,90.0,CA,Montréal,45.5175018311,-73.4169006348
1852,airport,airport,ZEL,CYJQ,Denny Island Airport,CA-BC,1.0,2954.0,162.0,CA,Bella Bella,52.1397018433,-128.063995361
1853,airport,airport,YJT,CYJT,Stephenville Airport,CA-NL,2.0,10000.0,84.0,CA,Stephenville,48.5442008972168,-58.5499992370605
1854,airport,airport,YKL,CYKL,Schefferville Airport,CA-QC,1.0,5000.0,1709.0,CA,Schefferville,54.8053016662598,-66.8052978515625
1855,airport,airport,YKQ,CYKQ,Waskaganish Airport,CA-QC,1.0,3500.0,80.0,CA,Waskaganish,51.4733009338379,-78.75830078125
1856,airport,airport,YPJ,CYLA,Aupaluk Airport,CA-QC,2.0,3521.0,119.0,CA,Aupaluk,59.2966995239258,-69.5997009277344
1857,airport,airport,YLC,CYLC,Kimmirut Airport,CA-NU,1.0,1900.0,175.0,CA,Kimmirut,62.8499984741,-69.8833007812
1858,airport,airport,YSG,CYLK,Lutselk'e Airport,CA-NT,1.0,2996.0,596.0,CA,Lutselk'e,62.4183006286621,-110.681999206543
1859,airport,airport,XGR,CYLU,Kangiqsualujjuaq (Georges River) Airport,CA-QC,1.0,3521.0,215.0,CA,Kangiqsualujjuaq,58.7113990783691,-65.9927978515625
1860,airport,airport,YMO,CYMO,Moosonee Airport,CA-ON,2.0,4000.0,30.0,CA,Moosonee,51.2910995483398,-80.6078033447266
1861,airport,airport,YUD,CYMU,Umiujaq Airport,CA-QC,1.0,3500.0,250.0,CA,Umiujaq,56.5360984802246,-76.5183029174805
1862,airport,airport,YNA,CYNA,Natashquan Airport,CA-QC,1.0,4494.0,39.0,CA,Natashquan,50.189998626709,-61.7891998291016
1863,airport,airport,YPH,CYPH,Inukjuak Airport,CA-QC,1.0,3500.0,83.0,CA,Inukjuak,58.4719009399414,-78.0768966674805
1864,airport,airport,YPN,CYPN,Port Menier Airport,CA-QC,1.0,4886.0,167.0,CA,Port-Menier,49.8363990783691,-64.2885971069336
1865,airport,airport,YPX,CYPX,Puvirnituq Airport,CA-QC,1.0,5013.0,74.0,CA,Puvirnituq,60.0505981445312,-77.2869033813477
1866,airport,airport,YPY,CYPY,Fort Chipewyan Airport,CA-AB,1.0,5000.0,761.0,CA,Fort Chipewyan,58.7672004699707,-111.116996765137
1867,airport,airport,YQD,CYQD,The Pas Airport,CA-MB,1.0,5901.0,887.0,CA,The Pas,53.9714012145996,-101.091003417969
1868,airport,airport,YQK,CYQK,Kenora Airport,CA-ON,1.0,5800.0,1332.0,CA,Kenora,49.7882995605469,-94.3630981445312
1869,airport,airport,YQX,CYQX,Gander International Airport,CA-NL,3.0,10200.0,496.0,CA,Gander,48.9369010925293,-54.5680999755859
1870,airport,airport,YRA,CYRA,Rae Lakes Airport,CA-NT,1.0,3000.0,723.0,CA,Gamètì,64.116096496582,-117.309997558594
1871,airport,airport,YRL,CYRL,Red Lake Airport,CA-ON,1.0,5000.0,1265.0,CA,Red Lake,51.0668983459473,-93.793098449707
1872,airport,airport,YRT,CYRT,Rankin Inlet Airport,CA-NU,1.0,6000.0,94.0,CA,Rankin Inlet,62.8114013672,-92.1157989502
1873,airport,airport,YSK,CYSK,Sanikiluaq Airport,CA-NU,1.0,3800.0,104.0,CA,Sanikiluaq,56.5377998352,-79.2466964722
1874,airport,airport,YTE,CYTE,Cape Dorset Airport,CA-NU,1.0,4000.0,164.0,CA,Cape Dorset,64.2300033569,-76.5267028809
1875,airport,airport,YTH,CYTH,Thompson Airport,CA-MB,2.0,5800.0,729.0,CA,Thompson,55.8011016845703,-97.8641967773438
1876,airport,airport,YTQ,CYTQ,Tasiujaq Airport,CA-QC,1.0,3519.0,122.0,CA,Tasiujaq,58.6678009033203,-69.9558029174805
1877,airport,airport,YUX,CYUX,Hall Beach Airport,CA-NU,1.0,5410.0,30.0,CA,Hall Beach,68.7761001587,-81.2425
1878,airport,airport,YVB,CYVB,Bonaventure Airport,CA-QC,1.0,5985.0,123.0,CA,Bonaventure,48.0710983276367,-65.4602966308594
1879,airport,airport,YVQ,CYVQ,Norman Wells Airport,CA-NT,1.0,5997.0,238.0,CA,Norman Wells,65.2816009521484,-126.797996520996
1880,airport,airport,YWJ,CYWJ,Déline Airport,CA-NT,1.0,3933.0,703.0,CA,Déline,65.2110977172852,-123.435997009277
1881,airport,airport,YWP,CYWP,Webequie Airport,CA-ON,1.0,3500.0,685.0,CA,Webequie,52.9593933975,-87.3748683929
1882,airport,airport,YXL,CYXL,Sioux Lookout Airport,CA-ON,2.0,5300.0,1258.0,CA,Sioux Lookout,50.113899230957,-91.9052963256836
1883,airport,airport,YXP,CYXP,Pangnirtung Airport,CA-NU,1.0,2920.0,75.0,CA,Pangnirtung,66.1449966431,-65.7136001587
1884,airport,airport,YYH,CYYH,Taloyoak Airport,CA-NU,1.0,4020.0,92.0,CA,Taloyoak,69.5466995239,-93.5766983032
1885,airport,airport,YYQ,CYYQ,Churchill Airport,CA-MB,2.0,9200.0,94.0,CA,Churchill,58.739200592041,-94.0650024414062
1886,airport,airport,YYR,CYYR,Goose Bay Airport,CA-NL,2.0,11046.0,160.0,CA,Goose Bay,53.3191986084,-60.4258003235
1887,airport,airport,YYU,CYYU,Kapuskasing Airport,CA-ON,2.0,5500.0,743.0,CA,Kapuskasing,49.4138984680176,-82.4674987792969
1888,airport,airport,ZUM,CZUM,Churchill Falls Airport,CA-NL,1.0,5500.0,1442.0,CA,Churchill Falls,53.5619010925293,-64.1063995361328
1889,airport,airport,DJG,DAAJ,Djanet Inedbirene Airport,DZ-33,2.0,9843.0,3176.0,DZ,Djanet,24.2928009033,9.45244026184
1890,airport,airport,MZW,DAAY,Mecheria Airport,DZ-45,2.0,11780.0,3855.0,DZ,Mecheria,33.535900116,-0.242353007197
1891,airport,airport,TEE,DABS,Cheikh Larbi Tébessi Airport,DZ-12,2.0,9843.0,2661.0,DZ,Tébessi,35.4315986633,8.12071990967
1892,airport,airport,HRM,DAFH,Hassi R'Mel Airport,DZ-03,2.0,9835.0,2540.0,DZ,Hassi R'Mel,32.9304008483887,3.31153988838196
1893,airport,airport,TID,DAOB,Bou Chekif Airport,DZ-14,1.0,9843.0,3245.0,DZ,Tiaret,35.3410987854,1.46315002441
1894,airport,airport,CFK,DAOI,Ech Cheliff Airport,DZ-02,1.0,5413.0,463.0,DZ,Chlef,36.2126998901,1.33176994324
1895,airport,airport,CBH,DAOR,Béchar Boudghene Ben Ali Lotfi Airport,DZ-08,2.0,12245.0,2661.0,DZ,Béchar,31.6457004547119,-2.26986002922058
1896,airport,airport,MUW,DAOV,Ghriss/Mascara Airport,DZ-29,1.0,5577.0,1686.0,DZ,Mascara,35.2076988220215,0.147141993045807
1897,airport,airport,EBH,DAOY,El Bayadh Airport,DZ-32,1.0,9843.0,4482.0,DZ,El Bayadh,33.7216666667,1.0925
1898,airport,airport,AZR,DAUA,Touat Cheikh Sidi Mohamed Belkebir Airport,DZ-01,1.0,9843.0,919.0,DZ,Adrar,27.8376007080078,-0.186414003372192
1899,airport,airport,GHA,DAUG,Noumérat - Moufdi Zakaria Airport,DZ-47,2.0,10171.0,1512.0,DZ,Ghardaïa,32.3841018676758,3.79411005973816
1900,airport,airport,INZ,DAUI,In Salah Airport,DZ-11,1.0,9843.0,896.0,DZ,In Salah,27.2509994507,2.51202011108
1901,airport,airport,TGR,DAUK,Touggourt Sidi Madhi Airport,DZ-30,1.0,9843.0,279.0,DZ,Touggourt,33.067798614502,6.0886697769165
1902,airport,airport,ELU,DAUO,Guemar Airport,DZ-39,2.0,9843.0,203.0,DZ,Guemar,33.5113983154,6.77679014206
1903,airport,airport,OGX,DAUU,Ain el Beida Airport,DZ-30,2.0,10171.0,492.0,DZ,Ouargla,31.917200088501,5.41277980804443
1904,airport,airport,IAM,DAUZ,In Aménas Airport,DZ-33,2.0,9843.0,1847.0,DZ,Aménas,28.0515003204,9.64291000366
1905,airport,airport,BOY,DFOO,Bobo Dioulasso Airport,BF-HOU,1.0,10826.0,1511.0,BF,Bobo Dioulasso,11.1600999832153,-4.33096981048584
1906,airport,airport,TML,DGLE,Tamale Airport,GH-NP,1.0,7999.0,553.0,GH,Tamale,9.55718994140625,-0.863214015960693
1907,airport,airport,KMS,DGSI,Kumasi Airport,GH-AH,1.0,6502.0,942.0,GH,Kumasi,6.71456003189087,-1.59081995487213
1908,airport,airport,NYI,DGSN,Sunyani Airport,GH-BA,1.0,4227.0,1014.0,GH,Sunyani,7.36183023452759,-2.32875990867615
1909,airport,airport,TKD,DGTK,Takoradi Airport,GH-WP,1.0,5745.0,21.0,GH,Sekondi-Takoradi,4.8960599899292,-1.77476000785828
1910,airport,airport,QUO,DNAI,Akwa Ibom International Airport,NG-AK,1.0,11811.0,170.0,NG,Uyo,4.8725,8.093
1911,airport,airport,ABB,DNAS,Asaba International Airport,NG-DE,1.0,11155.0,20.0,NG,Asaba,6.20333333333,6.65888888889
1912,airport,airport,BNI,DNBE,Benin Airport,NG-ED,1.0,7870.0,258.0,NG,Benin,6.31697988510132,5.59950017929077
1913,airport,airport,CBQ,DNCA,Margaret Ekpo International Airport,NG-CR,1.0,8040.0,210.0,NG,Calabar,4.97601985931396,8.34720039367676
1914,airport,airport,ENU,DNEN,Akanu Ibiam International Airport,NG-EN,1.0,7879.0,466.0,NG,Enegu,6.47426986694336,7.56196022033691
1915,airport,airport,IBA,DNIB,Ibadan Airport,NG-OY,1.0,7875.0,725.0,NG,Ibadan,7.36246013641357,3.97832989692688
1916,airport,airport,ILR,DNIL,Ilorin International Airport,NG-KW,1.0,10169.0,1126.0,NG,Ilorin,8.44021034240723,4.49391984939575
1917,airport,airport,QOW,DNIM,Sam Mbakwe International Airport,NG-IM,1.0,8858.0,373.0,NG,Owerri,5.4270601272583,7.20602989196777
1918,airport,airport,JOS,DNJO,Yakubu Gowon Airport,NG-PL,1.0,9845.0,4232.0,NG,Jos,9.63982963562012,8.86905002593994
1919,airport,airport,KAD,DNKA,Kaduna Airport,NG-KD,1.0,9843.0,2073.0,NG,Kaduna,10.6960000991821,7.32010984420776
1920,airport,airport,KAN,DNKN,Mallam Aminu International Airport,NG-KN,2.0,10831.0,1562.0,NG,Kano,12.0475997924805,8.52462005615234
1921,airport,airport,PHC,DNPO,Port Harcourt International Airport,NG-RI,1.0,9846.0,87.0,NG,Port Harcourt,5.01549005508423,6.94959020614624
1922,airport,airport,SKO,DNSO,Sadiq Abubakar III International Airport,NG-SO,1.0,9844.0,1010.0,NG,Sokoto,12.9162998199463,5.20719003677368
1923,airport,airport,YOL,DNYO,Yola Airport,NG-AD,2.0,9840.0,599.0,NG,Yola,9.25755023956299,12.4303998947144
1924,airport,airport,MHG,EDFM,Mannheim-City Airport,DE-BW,2.0,3497.0,308.0,DE,Mannheim,49.4730567932129,8.51416683197021
1925,airport,airport,XFW,EDHI,Hamburg-Finkenwerder Airport,DE-HH,1.0,8629.0,23.0,DE,Hamburg,53.5352783203125,9.83555603027344
1926,airport,airport,AGB,EDMA,Augsburg Airport,DE-BY,2.0,4199.0,1516.0,DE,Augsburg,48.4252777099609,10.9316673278809
1927,airport,airport,URE,EEKE,Kuressaare Airport,EE-74,2.0,4980.0,14.0,EE,Kuressaare,58.2299003601074,22.50950050354
1928,airport,airport,LPP,EFLP,Lappeenranta Airport,FI-ES,1.0,8202.0,349.0,FI,Lappeenranta,61.0446014404297,28.1443996429443
1929,airport,airport,GLO,EGBJ,Gloucestershire Airport,GB-ENG,3.0,4656.0,101.0,UK,Staverton,51.8941993713379,-2.16722011566162
1930,airport,airport,EOI,EGED,Eday Airport,GB-SCT,2.0,1896.0,10.0,UK,Eday,59.190601348877,-2.77221989631653
1931,airport,airport,NRL,EGEN,North Ronaldsay Airport,GB-SCT,3.0,1729.0,40.0,UK,North Ronaldsay,59.3675003052,-2.43443989754
1932,airport,airport,PPW,EGEP,Papa Westray Airport,GB-SCT,3.0,1729.0,91.0,UK,Papa Westray,59.3516998291,-2.90027999878
1933,airport,airport,SOY,EGER,Stronsay Airport,GB-SCT,3.0,1689.0,39.0,UK,Stronsay,59.1553001404,-2.64139008522
1934,airport,airport,NDY,EGES,Sanday Airport,GB-SCT,3.0,1532.0,68.0,UK,Sanday,59.250301361084,-2.57666993141174
1935,airport,airport,WRY,EGEW,Westray Airport,GB-SCT,3.0,1729.0,29.0,UK,Westray,59.3502998352,-2.95000004768
1936,airport,airport,ISC,EGHE,St. Mary's Airport,GB-ENG,3.0,1968.0,116.0,UK,St. Mary's,49.9132995605469,-6.29166984558105
1937,airport,airport,ACI,EGJA,Alderney Airport,GG-U-A,3.0,2887.0,290.0,GG,Saint Anne,49.7061004638672,-2.21472001075745
1938,airport,airport,CEG,EGNR,Hawarden Airport,GB-WLS,1.0,6702.0,45.0,UK,Hawarden,53.1781005859375,-2.97778010368347
1939,airport,airport,VLY,EGOV,Anglesey Airport,GB-WLS,3.0,7513.0,37.0,UK,Angelsey,53.2481002808,-4.53533983231
1940,airport,airport,EBJ,EKEB,Esbjerg Airport,DK-83,1.0,8527.0,97.0,DK,Esbjerg,55.5259017944336,8.55340003967285
1941,airport,airport,KRP,EKKA,Karup Airport,DK-82,5.0,9816.0,170.0,DK,Karup,56.2975006103516,9.12462997436523
1942,airport,airport,RNN,EKRN,Bornholm Airport,DK-84,1.0,6568.0,52.0,DK,Rønne,55.0633010864258,14.7595996856689
1943,airport,airport,SGD,EKSB,Sønderborg Airport,DK-83,1.0,5895.0,24.0,DK,Sønderborg,54.9644012451172,9.79172992706299
1944,airport,airport,FAE,EKVG,Vagar Airport,FO-U-A,1.0,5902.0,280.0,FO,Vagar,62.0635986328125,-7.27721977233887
1945,airport,airport,ANX,ENAN,Andøya Airport,NO-18,2.0,8097.0,43.0,NO,Andenes,69.2925033569336,16.1441993713379
1946,airport,airport,HFT,ENHF,Hammerfest Airport,NO-20,1.0,2894.0,266.0,NO,Hammerfest,70.6797027587891,23.6686000823975
1947,airport,airport,HAA,ENHK,Hasvik Airport,NO-20,1.0,3179.0,21.0,NO,Hasvik,70.486701965332,22.1396999359131
1948,airport,airport,LKN,ENLK,Leknes Airport,NO-18,1.0,2881.0,78.0,NO,Leknes,68.1524963378906,13.6093997955322
1949,airport,airport,MJF,ENMS,"Mosjøen Airport, Kjærstad",NO-18,1.0,3015.0,237.0,NO,Mosjøen,65.7839965820312,13.2149000167847
1950,airport,airport,LKL,ENNA,Banak Airport,NO-20,1.0,9147.0,25.0,NO,Lakselv,70.0688018798828,24.9734992980957
1951,airport,airport,NVK,ENNK,Narvik Framnes Airport,NO-18,1.0,2982.0,95.0,NO,Narvik,68.436897277832,17.3866996765137
1952,airport,airport,OSY,ENNM,Namsos Høknesøra Airport,NO-17,1.0,2749.0,7.0,NO,Namsos,64.4721984863281,11.5785999298096
1953,airport,airport,MQN,ENRA,"Mo i Rana Airport, Røssvoll",NO-18,1.0,2759.0,229.0,NO,Mo i Rana,66.363899230957,14.3014001846313
1954,airport,airport,RVK,ENRM,"Rørvik Airport, Ryum",NO-17,1.0,2887.0,14.0,NO,Rørvik,64.8383026123047,11.1461000442505
1955,airport,airport,RET,ENRS,Røst Airport,NO-18,1.0,2887.0,7.0,NO,Røst,67.5278015136719,12.1033000946045
1956,airport,airport,SVJ,ENSH,Svolvær Helle Airport,NO-18,1.0,2812.0,27.0,NO,Svolvær,68.2433013916016,14.6691999435425
1957,airport,airport,SKN,ENSK,Stokmarknes Skagen Airport,NO-18,1.0,2848.0,11.0,NO,Hadsel,68.5788269042969,15.0334167480469
1958,airport,airport,SKE,ENSN,Skien Airport,NO-08,1.0,4596.0,463.0,NO,Geiteryggen,59.185001373291,9.56694030761719
1959,airport,airport,SOJ,ENSR,Sørkjosen Airport,NO-19,1.0,3015.0,16.0,NO,Sørkjosen,69.7867965698242,20.959400177002
1960,airport,airport,VAW,ENSS,"Vardø Airport, Svartnes",NO-20,1.0,3707.0,42.0,NO,Vardø,70.3554000854492,31.044900894165
1961,airport,airport,VDS,ENVD,Vadsø Airport,NO-20,1.0,3271.0,127.0,NO,Vadsø,70.065299987793,29.8446998596191
1962,airport,airport,THN,ESGT,Trollhättan-Vänersborg Airport,SE-Q,1.0,5610.0,137.0,SE,Trollhättan,58.3180999755859,12.3450002670288
1963,airport,airport,AJR,ESNX,Arvidsjaur Airport,SE-BD,1.0,8201.0,1245.0,SE,Arvidsjaur,65.5903015136719,19.2819004058838
1964,airport,airport,ORB,ESOE,Örebro Airport,SE-T,1.0,8535.0,188.0,SE,Örebro,59.2237014770508,15.0380001068115
1965,airport,airport,TYF,ESST,Torsby Airport,SE-S,1.0,5219.0,393.0,SE,Torsby,60.1576004028,12.9912996292
1966,airport,airport,PJA,ESUP,Pajala Airport,SE-BD,1.0,4659.0,542.0,SE,Pajala,67.2455978393555,23.0688991546631
1967,airport,airport,HMV,ESUT,Hemavan Airport,SE-AC,1.0,5254.0,1503.0,SE,Hemavan,65.8060989379883,15.082799911499
1968,airport,airport,BSG,FGBT,Bata Airport,GQ-LI,2.0,7001.0,13.0,GQ,Bata,1.90547001361847,9.80568027496338
1969,airport,airport,RRG,FIMR,Sir Charles Gaetan Duval Airport,MU-RO,1.0,4223.0,95.0,MU,Port Mathurin,-19.7576999664307,63.3610000610352
1970,airport,airport,MVR,FKKL,Salak Airport,CM-EN,1.0,6890.0,1390.0,CM,Maroua,10.4513998031616,14.257399559021
1971,airport,airport,NGE,FKKN,N'Gaoundéré Airport,CM-AD,1.0,8858.0,3655.0,CM,N'Gaoundéré,7.35700988769531,13.5592002868652
1972,airport,airport,GOU,FKKR,Garoua International Airport,CM-NO,1.0,11032.0,794.0,CM,Garoua,9.33588981628418,13.3701000213623
1973,airport,airport,CIP,FLCP,Chipata Airport,ZM-03,1.0,4823.0,3360.0,ZM,Chipata,-13.5583000183105,32.5872001647949
1974,airport,airport,KAA,FLKS,Kasama Airport,ZM-05,1.0,6148.0,4541.0,ZM,Kasama,-10.2166996002197,31.13330078125
1975,airport,airport,MNS,FLMA,Mansa Airport,ZM-04,1.0,5610.0,4100.0,ZM,Mansa,-11.1370000839233,28.8726005554199
1976,airport,airport,MFU,FLMF,Mfuwe Airport,ZM-03,1.0,7218.0,1853.0,ZM,Mfuwe,-13.2588996887207,31.9365997314453
1977,airport,airport,SLI,FLSW,Solwesi Airport,ZM-06,1.0,4400.0,4547.0,ZM,Solwesi,-12.1737003326416,26.3651008605957
1978,airport,airport,HAH,FMCH,Prince Said Ibrahim International Airport,KM-G,1.0,9514.0,93.0,KM,Moroni,-11.5336999893188,43.271900177002
1979,airport,airport,ZSE,FMEP,Pierrefonds Airport,RE-U-A,1.0,4965.0,59.0,RE,St Pierre,-21.3208999633789,55.4249992370605
1980,airport,airport,SMS,FMMS,Sainte Marie Airport,MG-A,1.0,3451.0,7.0,MG,Sainte Marie,-17.093900680542,49.8157997131348
1981,airport,airport,TMM,FMMT,Toamasina Airport,MG-A,1.0,7218.0,22.0,MG,Toamasina,-18.1095008850098,49.3925018310547
1982,airport,airport,MOQ,FMMV,Morondava Airport,MG-U,2.0,4921.0,30.0,MG,Morondava,-20.2847003936768,44.3176002502441
1983,airport,airport,DIE,FMNA,Arrachart Airport,MG-D,1.0,4921.0,374.0,MG,Antsiranana,-12.3493995666504,49.2916984558105
1984,airport,airport,ANM,FMNH,Antsirabato Airport,MG-D,1.0,3914.0,20.0,MG,Antalaha,-14.999400138855,50.3202018737793
1985,airport,airport,MJN,FMNM,Philibert Tsiranana (Amborovy) Airport,MG-M,1.0,7218.0,87.0,MG,Mahajanga,-15.6668417421,46.3512325287
1986,airport,airport,NOS,FMNN,Fascene Airport,MG-D,1.0,7185.0,36.0,MG,Nosy Be,-13.3121004105,48.3148002625
1987,airport,airport,WMN,FMNR,Maroantsetra Airport,MG-A,1.0,4265.0,13.0,MG,Maroantsetra,-15.4366998672485,49.6883010864258
1988,airport,airport,SVB,FMNS,Sambava Airport,MG-D,1.0,4577.0,20.0,MG,Sambava,-14.2785997390747,50.1747016906738
1989,airport,airport,FTU,FMSD,Tôlanaro Airport,MG-U,1.0,4916.0,29.0,MG,Tôlanaro,-25.0380992889404,46.9561004638672
1990,airport,airport,TLE,FMST,Toliara Airport,MG-U,2.0,6562.0,29.0,MG,Tulear,-23.3833999633789,43.7285003662109
1991,airport,airport,SSY,FNBC,Mbanza Congo Airport,AO-ZAI,1.0,5905.0,1860.0,AO,Mbanza Congo,-6.26989984512329,14.2469997406006
1992,airport,airport,CAB,FNCA,Cabinda Airport,AO-CAB,1.0,8202.0,66.0,AO,Cabinda,-5.59699010848999,12.1884002685547
1993,airport,airport,CBT,FNCT,Catumbela Airport,AO-BGU,1.0,12139.0,124.0,AO,Catumbela,-12.4792003631592,13.4869003295898
1994,airport,airport,VPE,FNGI,Ngjiva Pereira Airport,AO-CNN,1.0,10640.0,3566.0,AO,Ngiva,-17.0435009003,15.6837997437
1995,airport,airport,NOV,FNHU,Nova Lisboa Airport,AO-HUA,2.0,8727.0,5587.0,AO,Huambo,-12.8088998794556,15.7604999542236
1996,airport,airport,SVP,FNKU,Kuito Airport,AO-BIE,1.0,8202.0,5618.0,AO,Kuito,-12.4046001434326,16.9473991394043
1997,airport,airport,MEG,FNMA,Malanje Airport,AO-MAL,1.0,7283.0,3868.0,AO,Malanje,-9.52509021759033,16.3124008178711
1998,airport,airport,SPP,FNME,Menongue Airport,AO-CCU,1.0,11483.0,4469.0,AO,Menongue,-14.657600402832,17.7198009490967
1999,airport,airport,MSZ,FNMO,Namibe Airport,AO-NAM,1.0,8202.0,210.0,AO,Namibe,-15.2611999511719,12.1468000411987
2000,airport,airport,VHC,FNSA,Saurimo Airport,AO-LSU,1.0,11155.0,3584.0,AO,Saurimo,-9.6890697479248,20.4319000244141
2001,airport,airport,SZA,FNSO,Soyo Airport,AO-ZAI,1.0,6857.0,15.0,AO,Soyo,-6.14108991622925,12.3718004226685
2002,airport,airport,SDD,FNUB,Lubango Airport,AO-HUI,1.0,9570.0,5778.0,AO,Lubango,-14.9246997833252,13.5749998092651
2003,airport,airport,LUO,FNUE,Luena Airport,AO-MOX,1.0,7875.0,4360.0,AO,Luena,-11.7680997848511,19.8976993560791
2004,airport,airport,POG,FOOG,Port Gentil Airport,GA-8,1.0,6234.0,13.0,GA,Port Gentil,-0.711739003658295,8.75438022613525
2005,airport,airport,VPY,FQCH,Chimoio Airport,MZ-B,1.0,7874.0,2287.0,MZ,Chimoio,-19.1513004302979,33.4290008544922
2006,airport,airport,VXC,FQLC,Lichinga Airport,MZ-A,1.0,8300.0,4505.0,MZ,Lichinga,-13.2740001678467,35.266300201416
2007,airport,airport,UEL,FQQL,Quelimane Airport,MZ-Q,2.0,5905.0,36.0,MZ,Quelimane,-17.8554992675781,36.8690986633301
2008,airport,airport,PRI,FSPP,Praslin Airport,SC-14,1.0,4318.0,10.0,SC,Praslin Island,-4.31929016113281,55.6913986206055
2009,airport,airport,LUD,FYLZ,Luderitz Airport,NA-KA,2.0,6004.0,457.0,,Luderitz,-26.6874008178711,15.2428998947144
2010,airport,airport,MDK,FZEA,Mbandaka Airport,CD-EQ,1.0,7223.0,1040.0,CD,Mbandaka,0.0226000007242,18.2887001038
2011,airport,airport,BNB,FZGN,Boende Airport,CD-EQ,1.0,4593.0,1168.0,CD,Boende,-0.216999992728233,20.8500003814697
2012,airport,airport,FKI,FZIC,Bangoka International Airport,CD-OR,1.0,11483.0,1417.0,CD,Kisangani,0.481638997793,25.3379993439
2013,airport,airport,KND,FZOA,Kindu Airport,CD-MA,1.0,7218.0,1630.0,CD,Kindu,-2.91917991638,25.9153995514
2014,airport,airport,KGA,FZUA,Kananga Airport,CD-KW,1.0,7218.0,2139.0,CD,Kananga,-5.90005016327,22.4692001343
2015,airport,airport,TSH,FZUK,Tshikapa Airport,CD-KW,1.0,5249.0,1595.0,CD,Tshikapa,-6.43833017349243,20.7947006225586
2016,airport,airport,MJM,FZWA,Mbuji Mayi Airport,CD-KE,1.0,6558.0,2221.0,CD,Mbuji Mayi,-6.12124013901,23.5690002441
2017,airport,airport,GMZ,GCGM,La Gomera Airport,ES-CN,1.0,4921.0,716.0,ES,"Alajero, La Gomera Island",28.0296001434326,-17.214599609375
2018,airport,airport,VDE,GCHI,Hierro Airport,ES-CN,1.0,4101.0,103.0,ES,El Hierro Island,27.8148002624512,-17.8871002197266
2019,airport,airport,OXB,GGOV,Osvaldo Vieira International Airport,GW-BS,1.0,10499.0,129.0,GW,Bissau,11.8948001861572,-15.6536998748779
2020,airport,airport,MLW,GLMR,Spriggs Payne Airport,LR-MO,1.0,6000.0,25.0,LR,Monrovia,6.28906011581421,-10.7587003707886
2021,airport,airport,VIL,GMMH,Dakhla Airport,EH-U-A,1.0,9842.0,36.0,EH,Dakhla,23.7182998657227,-15.9320001602173
2022,airport,airport,EUN,GMML,Hassan I Airport,EH-U-A,2.0,8861.0,207.0,EH,El Aaiún,27.1516990661621,-13.2192001342773
2023,airport,airport,TTU,GMTN,Saniat Rmel Airport,MA-TET,1.0,7546.0,10.0,MA,Tetuan,35.5942993164062,-5.32002019882202
2024,airport,airport,GNU,none,Goodnews Airport,US-AK,1.0,3300.0,18.0,US,Goodnews,59.117401123,-161.57699585
2025,airport,airport,ZIG,GOGG,Ziguinchor Airport,SN-ZG,1.0,5069.0,75.0,SN,Ziguinchor,12.5556001663208,-16.2817993164062
2026,airport,airport,NDB,GQPP,Nouadhibou International Airport,MR-08,1.0,7961.0,24.0,MR,Nouadhibou,20.9330997467041,-17.0300006866455
2027,airport,airport,OUZ,GQPZ,Tazadit Airport,MR-11,1.0,7874.0,1129.0,MR,Zouérate,22.7563991546631,-12.4835996627808
2028,airport,airport,MMO,GVMA,Maio Airport,CV-S,2.0,3924.0,36.0,CV,Vila do Maio,15.1559000015259,-23.2136993408203
2029,airport,airport,SFL,GVSF,São Filipe Airport,CV-S,1.0,3937.0,617.0,CV,São Filipe,14.8850002289,-24.4799995422
2030,airport,airport,SNE,GVSN,Preguiça Airport,CV-B,1.0,4593.0,669.0,CV,Preguiça,16.588399887085,-24.2847003936768
2031,airport,airport,AMH,HAAM,Arba Minch Airport,ET-SN,1.0,9170.0,3901.0,ET,Arba Minch,6.03939008712769,37.5904998779297
2032,airport,airport,AXU,HAAX,Axum Airport,ET-TI,1.0,7874.0,6959.0,ET,Axum,14.1468000411987,38.7728004455566
2033,airport,airport,BJR,HABD,Bahir Dar Airport,ET-AM,1.0,9842.0,5978.0,ET,Bahir Dar,11.608099937439,37.3216018676758
2034,airport,airport,DIR,HADR,Aba Tenna Dejazmach Yilma International Airport,ET-DD,1.0,8791.0,3827.0,ET,Dire Dawa,9.62469959259033,41.8541984558105
2035,airport,airport,GMB,HAGM,Gambella Airport,ET-GA,1.0,8248.0,1614.0,ET,Gambela,8.12876033782959,34.5630989074707
2036,airport,airport,GDQ,HAGN,Gonder Airport,ET-AM,1.0,9072.0,6449.0,ET,Gondar,12.5199003219604,37.4339981079102
2037,airport,airport,JIJ,HAJJ,Wilwal International Airport,ET-SO,1.0,8060.0,5954.0,ET,Jijiga,9.3325,42.9121
2038,airport,airport,JIM,HAJM,Jimma Airport,ET-OR,1.0,6562.0,5500.0,ET,Jimma,7.66609001159668,36.8166007995605
2039,airport,airport,MQX,HAMK,Alula Aba Nega Airport,ET-TI,1.0,11825.0,7396.0,ET,Makale,13.467399597168,39.5335006713867
2040,airport,airport,ASO,HASO,Asosa Airport,ET-BE,1.0,6398.0,5100.0,ET,Asosa,10.018500328064,34.5862998962402
2041,airport,airport,BSA,HCMF,Bosaso Airport,SO-BR,1.0,5873.0,3.0,SO,Bosaso,11.2753000259399,49.1493988037109
2042,airport,airport,MGQ,HCMM,Aden Adde International Airport,SO-BN,1.0,10335.0,29.0,SO,Mogadishu,2.01444005966187,45.3046989440918
2043,airport,airport,GLK,HCMR,Galcaio Airport,SO-MU,1.0,9843.0,975.0,SO,Galkayo,6.78082990646,47.45470047
2044,airport,airport,ATZ,HEAT,Assiut International Airport,EG-WAD,1.0,9905.0,772.0,EG,Assiut,27.0464992523,31.0119991302
2045,airport,airport,HMB,HEMK,Sohag International Airport,EG-SHG,1.0,9843.0,859.0,EG,Sohag,26.3427777778,31.7427777778
2046,airport,airport,ASW,HESN,Aswan International Airport,EG-ASN,1.0,11161.0,662.0,EG,Aswan,23.9643993378,32.8199996948
2047,airport,airport,ASM,HHAS,Asmara International Airport,ER-SK,2.0,9842.0,7661.0,ER,Asmara,15.2918996810913,38.910701751709
2048,airport,airport,HKB,PAHV,Healy River Airport,US-AK,1.0,2910.0,1180.0,US,Healy,63.9958,-144.6926
2049,airport,airport,EDL,HKEL,Eldoret International Airport,KE-700,1.0,11480.0,6941.0,KE,Eldoret,0.404457986354828,35.238899230957
2050,airport,airport,KIS,HKKI,Kisumu Airport,KE-600,1.0,6511.0,3734.0,KE,Kisumu,-0.0861390009522438,34.7289009094238
2051,airport,airport,LOK,HKLO,Lodwar Airport,KE-700,3.0,3281.0,1715.0,KE,Lodwar,3.1219699382782,35.608699798584
2052,airport,airport,MYD,HKML,Malindi Airport,KE-300,2.0,4600.0,80.0,KE,Malindi,-3.22931003570557,40.1016998291016
2053,airport,airport,WIL,HKNW,Nairobi Wilson Airport,KE-110,2.0,5052.0,5536.0,KE,Nairobi,-1.32172000408173,36.8148002624512
2054,airport,airport,WJR,HKWJ,Wajir Airport,KE-500,1.0,9193.0,770.0,KE,Wajir,1.73324000835419,40.0915985107422
2055,airport,airport,GHT,HLGT,Ghat Airport,LY-GT,2.0,11811.0,2296.0,LY,Ghat,25.1455993652,10.1426000595
2056,airport,airport,AKF,HLKF,Kufra Airport,LY-KF,2.0,12007.0,1367.0,LY,Kufra,24.1786994934082,23.3139991760254
2057,airport,airport,LTD,HLTD,Ghadames East Airport,LY-NL,2.0,11811.0,1122.0,LY,Ghadames,30.1516990661621,9.71531009674072
2058,airport,airport,KME,HRZA,Kamembe Airport,RW-04,1.0,4921.0,5192.0,RW,Kamembe,-2.46223998069763,28.9078998565674
2059,airport,airport,ELF,HSFS,El Fasher Airport,SD-02,2.0,9744.0,2393.0,SD,El Fasher,13.6148996353149,25.3246002197266
2060,airport,airport,EGN,HSGN,Geneina Airport,SD-12,2.0,6194.0,2650.0,SD,Geneina,13.4816999435425,22.4671993255615
2061,airport,airport,UYL,HSNN,Nyala Airport,SD-11,1.0,9880.0,2106.0,SD,Nyala,12.0535001754761,24.9561996459961
2062,airport,airport,ARK,HTAR,Arusha Airport,TZ-01,1.0,5377.0,4550.0,TZ,Arusha,-3.36778998374939,36.63330078125
2063,airport,airport,MBI,HTMB,Mbeya Airport,TZ-14,1.0,4921.0,5600.0,TZ,Mbeya,-8.91699981689453,33.4669990539551
2064,airport,airport,MYW,HTMT,Mtwara Airport,TZ-17,2.0,7410.0,371.0,TZ,Mtwara,-10.3390998840332,40.1818008422852
2065,airport,airport,MWZ,HTMW,Mwanza Airport,TZ-18,1.0,10212.0,3763.0,TZ,Mwanza,-2.4444899559021,32.9327011108398
2066,airport,airport,RUA,HUAR,Arua Airport,UG-303,1.0,5600.0,3951.0,UG,Arua,3.04999995231628,30.9169998168945
2067,airport,airport,KSE,HUKS,Kasese Airport,UG-406,1.0,5151.0,3146.0,UG,Kasese,0.18299999833107,30.1000003814697
2068,airport,airport,PAF,HUPA,Pakuba Airport,UG-U-A,1.0,5528.0,2365.0,UG,Pakuba,2.202222,31.554444
2069,airport,airport,PUM,WAWP,Pomala Airport,ID-SG,1.0,3177.0,88.0,ID,Kolaka/Pomala Tambea-Celebes Island,-4.18108987808228,121.61799621582
2070,airport,airport,JGD,ZYJD,Jiagedaqi Airport,CN-23,1.0,7546.0,1205.0,CN,Jiagedaqi,50.375,124.116666667
2071,airport,airport,JIC,ZLJC,Jinchuan Airport,CN-62,1.0,9843.0,4740.0,CN,Jinchang,38.5422222222,102.348333333
2072,airport,airport,JUH,ZSJH,Jiuhuashan Airport,CN-34,1.0,7874.0,60.0,CN,Chizhou,30.7403,117.6856
2073,airport,airport,BLV,KBLV,Scott AFB/Midamerica Airport,US-IL,2.0,10000.0,459.0,US,Belleville,38.54520035,-89.83519745
2074,airport,airport,CGI,KCGI,Cape Girardeau Regional Airport,US-MO,2.0,6499.0,342.0,US,Cape Girardeau,37.2252998352051,-89.57080078125
2075,airport,airport,CKB,KCKB,North Central West Virginia Airport,US-WV,1.0,7000.0,1217.0,US,Clarksburg,39.2966003418,-80.2281036377
2076,airport,airport,CNM,KCNM,Cavern City Air Terminal,US-NM,4.0,7854.0,3295.0,US,Carlsbad,32.3375015258789,-104.263000488281
2077,airport,airport,ELD,KELD,South Arkansas Regional At Goodwin Field,US-AR,3.0,6600.0,277.0,US,El Dorado,33.2210006713867,-92.8133010864258
2078,airport,airport,EWB,KEWB,New Bedford Regional Airport,US-MA,2.0,5000.0,80.0,US,New Bedford,41.6761016845703,-70.956901550293
2079,airport,airport,GCN,KGCN,Grand Canyon National Park Airport,US-AZ,1.0,8999.0,6609.0,US,Grand Canyon,35.9524002075195,-112.147003173828
2080,airport,airport,GDV,KGDV,Dawson Community Airport,US-MT,2.0,5704.0,2458.0,US,Glendive,47.13869858,-104.8069992
2081,airport,airport,GGW,KGGW,Wokal Field Glasgow International Airport,US-MT,2.0,5001.0,2296.0,US,Glasgow,48.2125015258789,-106.61499786377
2082,airport,airport,GLH,KGLH,Mid Delta Regional Airport,US-MS,2.0,8001.0,131.0,US,Greenville,33.4828987121582,-90.9856033325195
2083,airport,airport,HON,KHON,Huron Regional Airport,US-SD,2.0,7201.0,1289.0,US,Huron,44.3852005004883,-98.2285003662109
2084,airport,airport,HOT,KHOT,Memorial Field,US-AR,2.0,6595.0,540.0,US,Hot Springs,34.4780006408691,-93.0961990356445
2085,airport,airport,HTS,KHTS,Tri-State/Milton J. Ferguson Field,US-WV,2.0,6509.0,828.0,US,Huntington,38.36669922,-82.55799866
2086,airport,airport,HVR,KHVR,Havre City County Airport,US-MT,2.0,5205.0,2591.0,US,Havre,48.54299927,-109.762001
2087,airport,airport,IRK,KIRK,Kirksville Regional Airport,US-MO,2.0,6005.0,966.0,US,Kirksville,40.0934982299805,-92.5448989868164
2088,airport,airport,JBR,KJBR,Jonesboro Municipal Airport,US-AR,2.0,6200.0,262.0,US,Jonesboro,35.8316993713379,-90.6464004516602
2089,airport,airport,LAM,KLAM,Los Alamos Airport,US-NM,1.0,5550.0,7171.0,US,Los Alamos,35.8797988892,-106.268997192
2090,airport,airport,LCK,KLCK,Rickenbacker International Airport,US-OH,3.0,12102.0,744.0,US,Columbus,39.8138008118,-82.9278030396
2091,airport,airport,LUK,KLUK,Cincinnati Municipal Airport Lunken Field,US-OH,3.0,6101.0,483.0,US,Cincinnati,39.10329819,-84.41860199
2092,airport,airport,LYH,KLYH,Lynchburg Regional Preston Glenn Field,US-VA,2.0,5799.0,938.0,US,Lynchburg,37.3266983032227,-79.2004013061523
2093,airport,airport,MBL,KMBL,Manistee Co Blacker Airport,US-MI,2.0,5502.0,621.0,US,Manistee,44.2723999,-86.24690247
2094,airport,airport,MMU,KMMU,Morristown Municipal Airport,US-NJ,2.0,5999.0,187.0,US,Morristown,40.7994003295898,-74.4149017333984
2095,airport,airport,MSS,KMSS,Massena International Richards Field,US-NY,2.0,4998.0,215.0,US,Massena,44.9357986450195,-74.8455963134766
2096,airport,airport,MWA,KMWA,Williamson County Regional Airport,US-IL,2.0,8012.0,472.0,US,Marion,37.75500107,-89.01110077
2097,airport,airport,OGS,KOGS,Ogdensburg International Airport,US-NY,1.0,5200.0,297.0,US,Ogdensburg,44.6819000244,-75.4654998779
2098,airport,airport,OLF,KOLF,L M Clayton Airport,US-MT,1.0,5089.0,1986.0,US,Wolf Point,48.0945014954,-105.574996948
2099,airport,airport,OWB,KOWB,Owensboro Daviess County Airport,US-KY,2.0,6494.0,407.0,US,Owensboro,37.74010086,-87.16680145
2100,airport,airport,PDT,KPDT,Eastern Oregon Regional At Pendleton Airport,US-OR,3.0,6300.0,1497.0,US,Pendleton,45.695098877,-118.841003418
2101,airport,airport,PGV,KPGV,Pitt Greenville Airport,US-NC,3.0,6500.0,26.0,US,Greenville,35.6352005,-77.38529968
2102,airport,airport,PSM,KPSM,Portsmouth International at Pease Airport,US-NH,1.0,11321.0,100.0,US,Portsmouth,43.0778999329,-70.8233032227
2103,airport,airport,SDY,KSDY,Sidney Richland Municipal Airport,US-MT,2.0,5705.0,1985.0,US,Sidney,47.70690155,-104.1930008
2104,airport,airport,TBN,KTBN,Waynesville-St. Robert Regional Forney field,US-MO,1.0,6038.0,1159.0,US,Fort Leonard Wood,37.74160004,-92.14070129
2105,airport,airport,TEB,KTEB,Teterboro Airport,US-NJ,2.0,7000.0,9.0,US,Teterboro,40.8501014709,-74.060798645
2106,airport,airport,TVF,KTVF,Thief River Falls Regional Airport,US-MN,2.0,6503.0,1119.0,US,Thief River Falls,48.06570053,-96.18499756
2107,airport,airport,UIN,KUIN,Quincy Regional Baldwin Field,US-IL,3.0,7098.0,768.0,US,Quincy,39.94269943,-91.19460297
2108,airport,airport,WRL,KWRL,Worland Municipal Airport,US-WY,3.0,7005.0,4227.0,US,Worland,43.9656982421875,-107.950996398926
2109,airport,airport,YNG,KYNG,Youngstown Warren Regional Airport,US-OH,3.0,9003.0,1192.0,US,Youngstown/Warren,41.26070023,-80.67910004
2110,airport,airport,DZN,UAKD,Dzhezkazgan Airport,KZ-KAR,1.0,8530.0,1134.0,KZ,Dzhezkazgan,47.7708015441895,67.6734008789062
2111,airport,airport,ECN,LCEN,Ercan International Airport,CY-02,1.0,9039.0,404.0,CY,Nicosia,35.1547012329102,33.4961013793945
2112,airport,airport,BWK,LDSB,Bol Airport,HR-17,1.0,4724.0,1776.0,HR,Brač Island,43.285701751709,16.6797008514404
2113,airport,airport,EBU,LFMH,Saint-Étienne-Bouthéon Airport,FR-V,1.0,7546.0,1325.0,FR,Saint-Étienne/Bouthéon,45.540599822998,4.29639005661011
2114,airport,airport,AVN,LFMV,Avignon-Caumont Airport,FR-U,1.0,6168.0,124.0,FR,Avignon/Caumont,43.907299041748,4.90183019638062
2115,airport,airport,LEH,LFOH,Le Havre Octeville Airport,FR-Q,1.0,7546.0,313.0,FR,Le Havre/Octeville,49.5339012145996,0.0880559980869293
2116,airport,airport,XCR,LFOK,Châlons-Vatry Air Base,FR-G,1.0,12664.0,587.0,FR,Châlons/Vatry,48.7761001586914,4.18449020385742
2117,airport,airport,DIJ,LFSD,Dijon-Bourgogne Airport,FR-D,2.0,7874.0,726.0,FR,Dijon/Longvic,47.268901825,5.09000015259
2118,airport,airport,KSJ,LGKS,Kasos Airport,GR-81,1.0,3221.0,35.0,GR,Kasos Island,35.4213981628,26.9099998474
2119,airport,airport,DEB,LHDC,Debrecen International Airport,HU-HB,2.0,8196.0,359.0,HU,Debrecen,47.488899230957,21.6152992248535
2120,airport,airport,CUF,LIMZ,Cuneo International Airport,IT-21,1.0,6903.0,1267.0,IT,Cuneo,44.547000885,7.62321996689
2121,airport,airport,RMI,LIPR,Federico Fellini International Airport,IT-45,1.0,9828.0,40.0,IT,Rimini,44.0203018188,12.611700058
2122,airport,airport,KLV,LKKV,Karlovy Vary International Airport,CZ-KA,1.0,7054.0,1989.0,CZ,Karlovy Vary,50.2029991149902,12.914999961853
2123,airport,airport,PED,LKPD,Pardubice Airport,CZ-PA,1.0,8203.0,741.0,CZ,Pardubice,50.0134010314941,15.7385997772217
2124,airport,airport,ETH,LLET,Eilat Airport,IL-D,1.0,6234.0,42.0,IL,Eilat,29.56130027771,34.9600982666016
2125,airport,airport,CVU,LPCR,Corvo Airport,PT-20,1.0,2756.0,19.0,PT,Corvo,39.671501159668,-31.1135997772217
2126,airport,airport,FLW,LPFL,Flores Airport,PT-20,1.0,4593.0,112.0,PT,Santa Cruz das Flores,39.4552993774414,-31.1313991546631
2127,airport,airport,GRW,LPGR,Graciosa Airport,PT-20,1.0,4529.0,86.0,PT,Santa Cruz da Graciosa,39.0922012329102,-28.0298004150391
2128,airport,airport,SJZ,LPSJ,São Jorge Airport,PT-20,1.0,4508.0,311.0,PT,Velas,38.6655006408691,-28.1758003234863
2129,airport,airport,OMO,LQMO,Mostar International Airport,BA-BIH,1.0,7874.0,156.0,BA,Mostar,43.282901763916,17.8458995819092
2130,airport,airport,TZL,LQTZ,Tuzla International Airport,BA-BIH,1.0,8152.0,784.0,BA,Tuzla,44.4586982727051,18.7248001098633
2131,airport,airport,ARW,LRAR,Arad International Airport,RO-AR,1.0,6562.0,352.0,RO,Arad,46.1766014099121,21.261999130249
2132,airport,airport,BAY,LRBM,Tautii Magheraus Airport,RO-MM,1.0,5905.0,605.0,RO,Baia Mare,47.6584014892578,23.4699993133545
2133,airport,airport,CND,LRCK,Mihail Kogălniceanu International Airport,RO-CT,1.0,11483.0,353.0,RO,Constanţa,44.3622016906738,28.4883003234863
2134,airport,airport,CRA,LRCV,Craiova Airport,RO-DJ,1.0,8203.0,626.0,RO,Craiova,44.3180999755859,23.888599395752
2135,airport,airport,OMR,LROD,Oradea International Airport,RO-BH,1.0,5906.0,465.0,RO,Oradea,47.0252990722656,21.9025001525879
2136,airport,airport,SUJ,LRSM,Satu Mare Airport,RO-SM,1.0,8160.0,405.0,RO,Satu Mare,47.7033004760742,22.8857002258301
2137,airport,airport,TGM,LRTM,Transilvania Târgu Mureş International Airport,RO-MS,1.0,6562.0,963.0,RO,Târgu Mureş,46.467700958252,24.4125003814697
2138,airport,airport,ADA,LTAF,Adana Airport,TR-01,1.0,9022.0,65.0,TR,Adana,36.9822006226,35.2803993225
2139,airport,airport,GZT,LTAJ,Gaziantep International Airport,TR-27,2.0,9843.0,2315.0,TR,Gaziantep,36.9472007751,37.4786987305
2140,airport,airport,KFS,LTAL,Kastamonu Airport,TR-37,1.0,7382.0,3524.0,TR,Kastamonu,41.3142013549805,33.7957992553711
2141,airport,airport,MZH,LTAP,Amasya Merzifon Airport,TR-05,1.0,9600.0,1758.0,TR,Amasya,40.8293991089,35.5219993591
2142,airport,airport,VAS,LTAR,Sivas Airport,TR-58,1.0,12503.0,5236.0,TR,Sivas,39.8138008117676,36.9034996032715
2143,airport,airport,ONQ,LTAS,Zonguldak Airport,TR-67,1.0,5906.0,44.0,TR,Zonguldak,41.506401062,32.0886001587
2144,airport,airport,MLX,LTAT,Malatya Erhaç Airport,TR-44,1.0,10990.0,2828.0,TR,Malatya,38.4352989197,38.0909996033
2145,airport,airport,DNZ,LTAY,Çardak Airport,TR-20,1.0,9842.0,2795.0,TR,Denizli,37.7855987549,29.7012996674
2146,airport,airport,NAV,LTAZ,Nevşehir Kapadokya International Airport,TR-50,1.0,9842.0,3100.0,TR,Nevşehir,38.771900177,34.5345001221
2147,airport,airport,CKZ,LTBH,Çanakkale Airport,TR-17,1.0,5905.0,23.0,TR,Çanakkale,40.1376991272,26.4267997742
2148,airport,airport,KCO,LTBQ,Cengiz Topel Airport,TR-41,1.0,9842.0,182.0,TR,Kosekoy,40.7350006103516,30.0832996368408
2149,airport,airport,TEQ,LTBU,Tekirdağ Çorlu Airport,TR-59,1.0,9844.0,574.0,TR,Çorlu,41.1381988525391,27.9190998077393
2150,airport,airport,EZS,LTCA,Elazığ Airport,TR-23,1.0,5643.0,2927.0,TR,Elazığ,38.6068992615,39.2914009094
2151,airport,airport,DIY,LTCC,Diyarbakir Airport,TR-21,1.0,11644.0,2251.0,TR,Diyarbakir,37.893901825,40.2010002136
2152,airport,airport,ERC,LTCD,Erzincan Airport,TR-24,2.0,9842.0,3783.0,TR,Erzincan,39.7102012634,39.5270004272
2153,airport,airport,ERZ,LTCE,Erzurum International Airport,TR-25,3.0,12500.0,5763.0,TR,Erzurum,39.9565010071,41.1702003479
2154,airport,airport,KSY,LTCF,Kars Airport,TR-36,1.0,11483.0,5889.0,TR,Kars,40.562198638916,43.1150016784668
2155,airport,airport,TZX,LTCG,Trabzon International Airport,TR-61,1.0,8661.0,104.0,TR,Trabzon,40.9950981140137,39.7896995544434
2156,airport,airport,VAN,LTCI,Van Ferit Melen Airport,TR-65,1.0,9022.0,5480.0,TR,Van,38.4682006835938,43.3322982788086
2157,airport,airport,BAL,LTCJ,Batman Airport,TR-72,1.0,10000.0,1822.0,TR,Batman,37.9290008545,41.1166000366
2158,airport,airport,MSR,LTCK,Muş Airport,TR-49,1.0,11649.0,4157.0,TR,Muş,38.7477989196777,41.6612014770508
2159,airport,airport,KCM,LTCN,Kahramanmaraş Airport,TR-46,1.0,7546.0,1723.0,TR,Kahramanmaraş,37.5388259888,36.9535217285
2160,airport,airport,AJI,LTCO,Ağrı Airport,TR-04,1.0,6562.0,5462.0,TR,Agri,39.654541015625,43.0259780883789
2161,airport,airport,ADF,LTCP,Adıyaman Airport,TR-02,1.0,8212.0,2216.0,TR,Adıyaman,37.7313995361,38.4688987732
2162,airport,airport,MQM,LTCR,Mardin Airport,TR-47,1.0,8204.0,1729.0,TR,Mardin,37.2233009338,40.6316986084
2163,airport,airport,GNY,LTCS,Şanlıurfa GAP Airport,TR-63,1.0,13123.0,2708.0,TR,Şanlıurfa,37.4456634521484,38.8955917358398
2164,airport,airport,HTY,LTDA,Hatay Airport,TR-31,1.0,9843.0,269.0,TR,Hatay,36.36277771,36.2822227478
2165,airport,airport,ISE,LTFC,Süleyman Demirel International Airport,TR-32,1.0,9843.0,2835.0,TR,Isparta,37.8554000854,30.3684005737
2166,airport,airport,EDO,LTFD,Balıkesir Körfez Airport,TR-10,1.0,9842.0,50.0,TR,Edremit,39.554599762,27.0137996674
2167,airport,airport,QUB,HLUB,Ubari Airport,LY-SH,1.0,9349.0,1387.0,LY,Ubari,26.5674991608,12.82310009
2168,airport,airport,GLN,GMAG,Goulimime Airport,MA-TIZ,1.0,10007.0,984.0,MA,Goulimime,29.0266990662,-10.0502996445
2169,airport,airport,GDT,MBGT,JAGS McCartney International Airport,TC-GT,1.0,6362.0,13.0,TC,Cockburn Town,21.4444999694824,-71.1423034667969
2170,airport,airport,XSC,MBSC,South Caicos Airport,TC-SC,1.0,5991.0,6.0,TC,South Caicos Island,21.5156993866,-71.528503418
2171,airport,airport,JBQ,MDJB,La Isabela International Airport,DO-01,1.0,5412.0,98.0,DO,La Isabela,18.5725002288818,-69.9856033325195
2172,airport,airport,FRS,MGMM,Mundo Maya International Airport,GT-PE,1.0,9842.0,427.0,GT,San Benito,16.9137992859,-89.8664016724
2173,airport,airport,LCE,MHLC,Goloson International Airport,HN-AT,1.0,9875.0,49.0,HN,La Ceiba,15.7425003051758,-86.8529968261719
2174,airport,airport,PEU,MHPL,Puerto Lempira Airport,HN-GD,1.0,5006.0,25.0,HN,Puerto Lempira,15.2622003555298,-83.7811965942383
2175,airport,airport,JXA,ZYJX,Jixi Xingkaihu Airport,CN-23,1.0,7546.0,760.0,CN,Jixi,45.293,131.193
2176,airport,airport,BOC,MPBO,Bocas Del Toro International Airport,PA-1,1.0,4921.0,10.0,PA,Isla Colón,9.34084987640381,-82.2508010864258
2177,airport,airport,DAV,MPDA,Enrique Malek International Airport,PA-4,1.0,6890.0,89.0,PA,David,8.39099979400635,-82.4349975585938
2178,airport,airport,FON,MRAN,Arenal Airport,CR-A,1.0,2625.0,377.0,CR,La Fortuna/San Carlos,10.4779996871948,-84.6344985961914
2179,airport,airport,TTQ,MRAO,Aerotortuguero Airport,CR-L,1.0,3118.0,82.0,CR,Roxana,10.5690002441406,-83.5148010253906
2180,airport,airport,HEK,ZYHE,Heihe Airport,CN-23,1.0,8202.0,8530.0,CN,Heihe,50.1716209371,127.308883667
2181,airport,airport,DRK,MRDK,Drake Bay Airport,CR-P,1.0,2461.0,13.0,CR,Puntarenas,8.71889019012,-83.6417007446
2182,airport,airport,GLF,MRGF,Golfito Airport,CR-P,1.0,4593.0,49.0,CR,Golfito,8.65400981903076,-83.1821975708008
2183,airport,airport,NOB,MRNS,Nosara Airport,CR-G,1.0,3281.0,33.0,CR,Nicoya,9.97649002075,-85.6529998779
2184,airport,airport,PJM,MRPJ,Puerto Jimenez Airport,CR-P,1.0,2707.0,7.0,CR,Puerto Jimenez,8.53332996368408,-83.3000030517578
2185,airport,airport,PMZ,MRPM,Palmar Sur Airport,CR-P,1.0,4593.0,49.0,CR,Palmar Sur,8.95102977752686,-83.4685974121094
2186,airport,airport,SYQ,MRPV,Tobias Bolanos International Airport,CR-SJ,1.0,5250.0,3287.0,CR,San Jose,9.95705032348633,-84.1398010253906
2187,airport,airport,XQP,MRQP,Quepos Managua Airport,CR-P,1.0,3609.0,85.0,CR,Quepos,9.44316005706787,-84.1297988891602
2188,airport,airport,TNO,MRTM,Tamarindo De Santa Cruz Airport,CR-G,1.0,2625.0,41.0,CR,Santa Cruz,10.3135004043579,-85.8154983520508
2189,airport,airport,TMU,MRTR,Tambor Airport,CR-P,1.0,2297.0,33.0,CR,Nicoya,9.7385196685791,-85.013801574707
2190,airport,airport,CAP,MTCH,Cap Haitien International Airport,HT-ND,1.0,4886.0,10.0,HT,Cap Haitien,19.7329998016357,-72.1947021484375
2191,airport,airport,GAO,MUGT,Mariana Grajales Airport,CU-14,1.0,8025.0,56.0,CU,Guantánamo,20.0853004455566,-75.1583023071289
2192,airport,airport,LYB,MWCL,Edward Bodden Airfield,KY-U-A,1.0,3300.0,3.0,KY,Little Cayman,19.6669998168945,-80.0999984741211
2193,airport,airport,AXP,MYAP,Spring Point Airport,BS-AC,1.0,5000.0,11.0,BS,Spring Point,22.4417991638,-73.9709014893
2194,airport,airport,ATC,MYCA,Arthur's Town Airport,BS-CI,2.0,7015.0,18.0,BS,Arthur's Town,24.6294002533,-75.6737976074
2195,airport,airport,CRI,MYCI,Colonel Hill Airport,BS-AC,1.0,4061.0,5.0,BS,Colonel Hill,22.7455997467,-74.1824035645
2196,airport,airport,RSD,MYER,Rock Sound Airport,BS-RS,1.0,7213.0,10.0,BS,Rock Sound,24.8950787333,-76.1768817902
2197,airport,airport,IGA,MYIG,Inagua Airport,BS-IN,2.0,7020.0,8.0,BS,Matthew Town,20.9750003814697,-73.6669006347656
2198,airport,airport,LGI,MYLD,Deadman's Cay Airport,BS-LI,1.0,4000.0,9.0,BS,Deadman's Cay,23.1790008545,-75.0935974121
2199,airport,airport,SML,MYLS,Stella Maris Airport,BS-LI,1.0,4000.0,10.0,BS,Stella Maris,23.5823168043,-75.2686214447
2200,airport,airport,MYG,MYMM,Mayaguana Airport,BS-MG,1.0,7297.0,11.0,BS,Mayaguana,22.3794994354,-73.0134963989
2201,airport,airport,RCY,MYRP,Rum Cay Airport,BS-SR,1.0,4500.0,15.0,BS,Port Nelson,23.6844005584717,-74.8361968994141
2202,airport,airport,AIT,NCAI,Aitutaki Airport,CK-U-A,2.0,5920.0,14.0,CK,Aitutaki,-18.8309001922607,-159.764007568359
2203,airport,airport,AIU,NCAT,Enua Airport,CK-U-A,1.0,3947.0,36.0,CK,Atiu Island,-19.9678001403809,-158.119003295898
2204,airport,airport,MGS,NCMG,Mangaia Island Airport,CK-U-A,1.0,3274.0,45.0,CK,Mangaia Island,-21.8959865570068,-157.906661987305
2205,airport,airport,MUK,NCMK,Mauke Airport,CK-U-A,1.0,4921.0,26.0,CK,Mauke Island,-20.136100769043,-157.345001220703
2206,airport,airport,MOI,NCMR,Mitiaro Island Airport,CK-U-A,1.0,5000.0,25.0,CK,Mitiaro Island,-19.8425006866455,-157.703002929688
2207,airport,airport,ICI,NFCI,Cicia Airport,FJ-E,1.0,2500.0,13.0,FJ,Cicia,-17.7432994843,-179.341995239
2208,airport,airport,BFJ,ZUBJ,Bijie Feixiong Airport,CN-52,1.0,8530.0,4751.0,CN,Bijie,27.300278,105.301389
2209,airport,airport,KDV,NFKD,Vunisea Airport,FJ-E,1.0,3005.0,6.0,FJ,Vunisea,-19.0580997467,178.156997681
2210,airport,airport,LKB,NFNK,Lakeba Island Airport,FJ-E,1.0,2372.0,280.0,FJ,Lakeba Island,-18.1991996765,-178.817001343
2211,airport,airport,LBS,NFNL,Labasa Airport,FJ-N,1.0,3521.0,44.0,FJ,Labasa,-16.4666996002197,179.339996337891
2212,airport,airport,TVU,NFNM,Matei Airport,FJ-N,1.0,3281.0,60.0,FJ,Matei,-16.6905994415,-179.876998901
2213,airport,airport,RTA,NFNR,Rotuma Airport,FJ-R,1.0,4806.0,22.0,FJ,Rotuma,-12.4825000762939,177.070999145508
2214,airport,airport,SVU,NFNS,Savusavu Airport,FJ-N,1.0,2526.0,17.0,FJ,Savusavu,-16.8027992249,179.341003418
2215,airport,airport,VBV,NFVB,Vanua Balavu Airport,FJ-E,1.0,2480.0,156.0,FJ,Vanua Balavu,-17.2689990997314,-178.975997924805
2216,airport,airport,GMO,DNGO,Gombe Lawanti International Airport,NG-GO,1.0,10827.0,1590.0,NG,Gombe,10.2983333333,10.8963888889
2217,airport,airport,QRW,DNSU,Warri Airport,NG-DE,1.0,6890.0,242.0,NG,Warri,5.59610986709595,5.81778001785278
2218,airport,airport,FUN,NGFU,Funafuti International Airport,TV-FUN,1.0,5000.0,9.0,TV,Funafuti,-8.525,179.195999
2219,airport,airport,WLS,NLWW,Hihifo Airport,WF-U-A,1.0,6890.0,79.0,WF,Wallis Island,-13.2383003235,-176.199005127
2220,airport,airport,RMT,NTAM,Rimatara Airport,PF-U-A,1.0,4593.0,60.0,PF,Rimatara Island,-22.63725,-152.8059
2221,airport,airport,RUR,NTAR,Rurutu Airport,PF-U-A,1.0,4757.0,18.0,PF,Rurutu,-22.4340991973877,-151.360992431641
2222,airport,airport,TUB,NTAT,Tubuai Airport,PF-U-A,1.0,4921.0,7.0,PF,Tubai,-23.3654003143311,-149.524002075195
2223,airport,airport,RVV,NTAV,Raivavae Airport,PF-U-A,1.0,4592.0,7.0,PF,Raivavae,-23.8852005005,-147.662002563
2224,airport,airport,TIH,NTGC,Tikehau Airport,PF-U-A,1.0,3937.0,6.0,PF,Tikehau,-15.1196002960205,-148.231002807617
2225,airport,airport,FAV,NTGF,Fakarava Airport,PF-U-A,1.0,3871.0,13.0,PF,Fakarava,-16.0541000366211,-145.656997680664
2226,airport,airport,XMH,NTGI,Manihi Airport,PF-U-A,1.0,3051.0,14.0,PF,Manihi,-14.4368000030518,-146.070007324219
2227,airport,airport,AXR,NTGU,Arutua Airport,PF-U-A,1.0,4268.0,9.0,PF,Arutua,-15.2482995986938,-146.617004394531
2228,airport,airport,MVT,NTGV,Mataiva Airport,PF-U-A,1.0,3937.0,11.0,PF,Mataiva,-14.8681001663208,-148.716995239258
2229,airport,airport,AHE,NTHE,Ahe Airport,PF-U-A,1.0,4068.0,11.0,PF,Ahe Atoll,-14.4280996322632,-146.25700378418
2230,airport,airport,RKA,NTKK,Aratika Nord Airport,PF-U-A,1.0,4150.0,10.0,PF,Aratika,-15.4853000641,-145.470001221
2231,airport,airport,TKX,NTKR,Takaroa Airport,PF-U-A,1.0,3452.0,13.0,PF,Takaroa,-14.4558000564575,-145.024993896484
2232,airport,airport,NHV,NTMD,Nuku Hiva Airport,PF-U-A,1.0,5578.0,220.0,PF,Nuku Hiva,-8.79559993743896,-140.22900390625
2233,airport,airport,AUQ,NTMN,Hiva Oa-Atuona Airport,PF-U-A,1.0,3986.0,1481.0,PF,Hiva Oa Island,-9.76879024506,-139.011001587
2234,airport,airport,BOB,NTTB,Bora Bora Airport,PF-U-A,2.0,4921.0,10.0,PF,Motu Mute,-16.4444007873535,-151.751007080078
2235,airport,airport,RGI,NTTG,Rangiroa Airport,PF-U-A,1.0,6890.0,10.0,PF,Rangiroa,-14.9542999267578,-147.660995483398
2236,airport,airport,HUH,NTTH,Huahine-Fare Airport,PF-U-A,1.0,4921.0,7.0,PF,Fare,-16.6872005462646,-151.022003173828
2237,airport,airport,MOZ,NTTM,Moorea Airport,PF-U-A,1.0,3871.0,9.0,PF,Moorea,-17.4899997711182,-149.761993408203
2238,airport,airport,HOI,NTTO,Hao Airport,PF-U-A,1.0,11089.0,10.0,PF,Hao,-18.074800491333,-140.945999145508
2239,airport,airport,MAU,NTTP,Maupiti Airport,PF-U-A,1.0,3135.0,15.0,PF,Maupiti,-16.4265003204346,-152.244003295898
2240,airport,airport,RFP,NTTR,Raiatea Airport,PF-U-A,1.0,4593.0,3.0,PF,Uturoa,-16.722900390625,-151.466003417969
2241,airport,airport,SLH,NVSC,Sola Airport,VU-TOB,1.0,2723.0,7.0,VU,Sola,-13.8516998291,167.537002563
2242,airport,airport,EAE,NVSE,Siwo Airport,VU-SEE,1.0,2307.0,7.0,VU,Emae Island,-17.0902996063,168.343002319
2243,airport,airport,CCV,NVSF,Craig Cove Airport,VU-MAP,1.0,2674.0,69.0,VU,Craig Cove,-16.2649993896484,167.92399597168
2244,airport,airport,LOD,NVSG,Longana Airport,VU-PAM,1.0,2887.0,167.0,VU,Longana,-15.3066997528,167.966995239
2245,airport,airport,SSR,NVSH,Sara Airport,VU-PAM,1.0,1600.0,493.0,VU,Pentecost Island,-15.4708003998,168.151992798
2246,airport,airport,PBJ,NVSI,Tavie Airport,VU-MAP,1.0,1968.0,160.0,VU,Paama Island,-16.438999176,168.257003784
2247,airport,airport,LPM,NVSL,Lamap Airport,VU-MAP,1.0,2755.0,7.0,VU,Lamap,-16.4540004730225,167.822998046875
2248,airport,airport,LNB,NVSM,Lamen Bay Airport,VU-SEE,1.0,2789.0,7.0,VU,Lamen Bay,-16.5841999054,168.158996582
2249,airport,airport,MWF,NVSN,Maewo-Naone Airport,VU-PAM,1.0,2789.0,509.0,VU,Maewo Island,-15.0,168.082992554
2250,airport,airport,LNE,NVSO,Lonorore Airport,VU-PAM,1.0,2175.0,43.0,VU,Lonorore,-15.8655996323,168.17199707
2251,airport,airport,NUS,NVSP,Norsup Airport,VU-MAP,1.0,2972.0,23.0,VU,Norsup,-16.0797004699707,167.401000976562
2252,airport,airport,ZGU,NVSQ,Gaua Island Airport,VU-TOB,1.0,2802.0,100.0,VU,Gaua Island,-14.2180995941,167.587005615
2253,airport,airport,TGH,NVST,Tongoa Airport,VU-SEE,1.0,2329.0,443.0,VU,Tongoa Island,-16.8910999298,168.550994873
2254,airport,airport,VLS,NVSV,Valesdir Airport,VU-SEE,1.0,2625.0,10.0,VU,Epi Island,-16.7961006165,168.177001953
2255,airport,airport,WLH,NVSW,Walaha Airport,VU-PAM,1.0,2379.0,151.0,VU,Walaha,-15.4119997025,167.690994263
2256,airport,airport,SWJ,NVSX,Southwest Bay Airport,VU-MAP,1.0,2674.0,68.0,VU,Malekula Island,-16.4864,167.4472
2257,airport,airport,DLY,NVVD,Dillon's Bay Airport,VU-TAE,1.0,2428.0,630.0,VU,Dillon's Bay,-18.7693996429,169.00100708
2258,airport,airport,IPA,NVVI,Ipota Airport,VU-TAE,1.0,2995.0,23.0,VU,Ipota,-18.856389,169.283333
2259,airport,airport,TAH,NVVW,Tanna Airport,VU-TAE,1.0,4035.0,19.0,VU,Tanna,-19.455099105835,169.223999023438
2260,airport,airport,KRL,ZWKL,Korla Airport,CN-65,1.0,9121.0,3051.0,CN,Korla,41.6977996826172,86.1288986206055
2261,airport,airport,MZR,OAMS,Mazar I Sharif Airport,AF-BAL,2.0,10437.0,1284.0,AF,Mazar-i-Sharif Airport,36.706901550293,67.2097015380859
2262,airport,airport,HOF,OEAH,Al Ahsa Airport,SA-04,1.0,10039.0,588.0,SA,Al Ahsa,25.2852993011475,49.4851989746094
2263,airport,airport,ABT,OEBA,Al Baha Airport,SA-11,1.0,10991.0,5486.0,SA,Al Baha,20.2961006165,41.6343002319
2264,airport,airport,BHH,OEBH,Bisha Airport,SA-14,1.0,10007.0,3887.0,SA,Bisha,19.9843997955322,42.6208992004395
2265,airport,airport,DWD,OEDW,Dawadmi Domestic Airport,SA-01,1.0,10007.0,3429.0,SA,Dawadmi,24.5,44.4000015258789
2266,airport,airport,GIZ,OEGN,Jizan Regional Airport,SA-09,1.0,10006.0,20.0,SA,Jizan,16.9011001586914,42.5858001708984
2267,airport,airport,URY,OEGT,Guriat Domestic Airport,SA-08,1.0,10007.0,1672.0,SA,Guriat,31.4118995666504,37.2794990539551
2268,airport,airport,EAM,OENG,Nejran Airport,SA-10,1.0,10007.0,3982.0,SA,Nejran,17.611400604248,44.4192008972168
2269,airport,airport,AQI,OEPA,Qaisumah Domestic Airport,SA-04,1.0,9843.0,1174.0,SA,Qaisumah,28.3351993561,46.1250991821
2270,airport,airport,RAH,OERF,Rafha Domestic Airport,SA-08,1.0,9834.0,1474.0,SA,Rafha,29.6263999938965,43.4906005859375
2271,airport,airport,RAE,OERR,Arar Domestic Airport,SA-08,1.0,10007.0,1813.0,SA,Arar,30.9066009521484,41.1381988525391
2272,airport,airport,SHW,OESH,Sharurah Airport,SA-10,1.0,11975.0,2363.0,SA,Sharurah,17.4668998718262,47.1213989257812
2273,airport,airport,AJF,OESK,Al-Jawf Domestic Airport,SA-12,1.0,12011.0,2261.0,SA,Al-Jawf,29.7851009368896,40.0999984741211
2274,airport,airport,TUI,OETR,Turaif Domestic Airport,SA-08,1.0,9843.0,2803.0,SA,Turaif,31.692699432373,38.731201171875
2275,airport,airport,WAE,OEWD,Wadi al-Dawasir Airport,SA-01,1.0,10007.0,2062.0,SA,Wadi al-Dawasir,20.5042991638,45.1996002197
2276,airport,airport,EJH,OEWJ,Al Wajh Domestic Airport,SA-07,1.0,10007.0,66.0,SA,Al Wajh,26.198600769043,36.4763984680176
2277,airport,airport,YUS,ZYLS,Yushu Batang Airport,CN-63,1.0,12467.0,12816.0,CN,Yushu,32.8363888889,97.0363888889
2278,airport,airport,ABD,OIAA,Abadan Airport,IR-10,2.0,10169.0,10.0,IR,Abadan,30.371099472,48.2282981873
2279,airport,airport,MRX,OIAM,Mahshahr Airport,IR-10,1.0,8874.0,8.0,IR,Bandar Mahshahr,30.5562000274658,49.1519012451172
2280,airport,airport,SXI,OIBS,Sirri Island Airport,IR-23,1.0,8345.0,43.0,IR,Sirri Island,25.908899307251,54.5393981933594
2281,airport,airport,KSH,OICC,Shahid Ashrafi Esfahani Airport,IR-17,1.0,11213.0,4307.0,IR,Kermanshah,34.3459014893,47.1581001282
2282,airport,airport,RAS,OIGG,Sardar-e-Jangal Airport,IR-19,1.0,9571.0,-40.0,IR,Rasht,37.323333,49.617778
2283,airport,airport,HDM,OIHH,Hamadan Airport,IR-24,1.0,10611.0,5755.0,IR,Hamadan,34.8692016601562,48.5525016784668
2284,airport,airport,THR,OIII,Mehrabad International Airport,IR-07,3.0,13248.0,3962.0,IR,Tehran,35.6892013549805,51.3134002685547
2285,airport,airport,KER,OIKK,Kerman Airport,IR-15,2.0,12620.0,5741.0,IR,Kerman,30.2744007111,56.9510993958
2286,airport,airport,XBJ,OIMB,Birjand Airport,IR-29,2.0,9521.0,4952.0,IR,Birjand,32.8981018066406,59.2661018371582
2287,airport,airport,GBT,OING,Gorgan Airport,IR-27,1.0,7540.0,-24.0,IR,Gorgan,36.9094009399,54.4012985229
2288,airport,airport,NSH,OINN,Now Shahr Airport,IR-21,1.0,6182.0,-61.0,IR,Now Shahr,36.6632995605469,51.4646987915039
2289,airport,airport,RZR,OINR,Ramsar Airport,IR-21,1.0,4920.0,-70.0,IR,Ramsar,36.9099006652832,50.6795997619629
2290,airport,airport,SRY,OINZ,Dasht-e Naz Airport,IR-21,1.0,8688.0,35.0,IR,Sari,36.635799408,53.1935997009
2291,airport,airport,ADU,OITL,Ardabil Airport,IR-03,1.0,10823.0,4315.0,IR,Ardabil,38.3256988525,48.4244003296
2292,airport,airport,OMH,OITR,Urmia Airport,IR-02,1.0,10658.0,4343.0,IR,Urmia,37.6680984497,45.0686988831
2293,airport,airport,AZD,OIYY,Shahid Sadooghi Airport,IR-25,1.0,13446.0,4054.0,IR,Yazd,31.9048995972,54.2765007019
2294,airport,airport,ACZ,OIZB,Zabol Airport,IR-13,1.0,9848.0,1628.0,IR,Zabol,31.0983009338379,61.5438995361328
2295,airport,airport,AQJ,OJAQ,Aqaba King Hussein International Airport,JO-AQ,1.0,9855.0,175.0,JO,Aqaba,29.6116008758545,35.0181007385254
2296,airport,airport,AAN,OMAL,Al Ain International Airport,AE-AZ,1.0,13123.0,869.0,AE,Al Ain,24.2616996765137,55.6091995239258
2297,airport,airport,FJR,OMFJ,Fujairah International Airport,AE-FU,1.0,12303.0,152.0,AE,Al-Fujairah,25.1121997833252,56.3240013122559
2298,airport,airport,KHS,OOKB,Khasab Air Base,OM-MU,1.0,8202.0,100.0,OM,Khasab,26.1709995269775,56.2406005859375
2299,airport,airport,BHV,OPBW,Bahawalpur Airport,PK-PB,1.0,9345.0,392.0,PK,Bahawalpur,29.3481006622314,71.7180023193359
2300,airport,airport,CJL,OPCH,Chitral Airport,PK-NW,1.0,5741.0,4920.0,PK,Chitral,35.8866004943848,71.8005981445312
2301,airport,airport,DEA,OPDG,Dera Ghazi Khan Airport,PK-PB,1.0,6499.0,492.0,PK,Dera Ghazi Khan,29.9610004425049,70.4859008789062
2302,airport,airport,DSK,OPDI,Dera Ismael Khan Airport,PK-NW,1.0,5000.0,594.0,PK,Dera Ismael Khan,31.9094009399414,70.896598815918
2303,airport,airport,LYP,OPFA,Faisalabad International Airport,PK-PB,1.0,9272.0,591.0,PK,Faisalabad,31.3649997711182,72.9947967529297
2304,airport,airport,GWD,OPGD,Gwadar International Airport,PK-BA,1.0,4960.0,36.0,PK,Gwadar,25.2332992553711,62.3294982910156
2305,airport,airport,GIL,OPGT,Gilgit Airport,PK-NA,2.0,5400.0,4796.0,PK,Gilgit,35.9188003540039,74.3336029052734
2306,airport,airport,MJD,OPMJ,Moenjodaro Airport,PK-SD,1.0,6512.0,154.0,PK,Moenjodaro,27.3351993560791,68.1430969238281
2307,airport,airport,PJG,OPPG,Panjgur Airport,PK-BA,1.0,5000.0,3289.0,PK,Panjgur,26.9545001983643,64.1324996948242
2308,airport,airport,UET,OPQT,Quetta International Airport,PK-BA,2.0,12000.0,5267.0,PK,Quetta,30.2513999938965,66.9377975463867
2309,airport,airport,RYK,OPRK,Shaikh Zaid Airport,PK-PB,1.0,9842.0,271.0,PK,Rahim Yar Khan,28.3838996887207,70.2796020507812
2310,airport,airport,KDU,OPSD,Skardu Airport,PK-NA,2.0,11944.0,7316.0,PK,Skardu,35.3354988098145,75.536003112793
2311,airport,airport,SKZ,OPSK,Sukkur Airport,PK-SD,1.0,9000.0,196.0,PK,Mirpur Khas,27.7220001220703,68.7917022705078
2312,airport,airport,TUK,OPTU,Turbat International Airport,PK-BA,1.0,6000.0,498.0,PK,Turbat,25.986400604248,63.030200958252
2313,airport,airport,ORI,none,Port Lions Airport,US-AK,1.0,2200.0,52.0,US,Port Lions,57.8853988647461,-152.845993041992
2314,airport,airport,AXK,OYAT,Ataq Airport,YE-AB,1.0,9482.0,3735.0,YE,Ataq,14.5513000488281,46.8261985778809
2315,airport,airport,AAY,OYGD,Al Ghaidah International Airport,YE-MR,1.0,8858.0,134.0,YE,Al Ghaidah,16.1916999816895,52.1749992370605
2316,airport,airport,HOD,OYHD,Hodeidah International Airport,YE-HU,1.0,9843.0,41.0,YE,Hodeida,14.7530002593994,42.9762992858887
2317,airport,airport,SCT,OYSQ,Socotra International Airport,YE-HD,1.0,10827.0,146.0,YE,Socotra Islands,12.6307001113892,53.9057998657227
2318,airport,airport,GXF,OYSY,Sayun International Airport,YE-HD,1.0,9843.0,2097.0,YE,Sayun,15.9660997391,48.7882995605
2319,airport,airport,TAI,OYTZ,Ta'izz International Airport,YE-TA,1.0,10040.0,4838.0,YE,Ta'izz,13.6859998703,44.1390991211
2320,airport,airport,BTI,PABA,Barter Island LRRS Airport,US-AK,1.0,4820.0,2.0,US,Barter Island Lrrs,70.1340026855,-143.582000732
2321,airport,airport,BKC,PABL,Buckland Airport,US-AK,1.0,3200.0,31.0,US,Buckland,65.9815979004,-161.149002075
2322,airport,airport,BTT,PABT,Bettles Airport,US-AK,1.0,5190.0,647.0,US,Bettles,66.91390228,-151.529007
2323,airport,airport,CEM,PACE,Central Airport,US-AK,1.0,2782.0,937.0,US,Central,65.57379913,-144.7830048
2324,airport,airport,CIK,PACI,Chalkyitsik Airport,US-AK,1.0,4000.0,544.0,US,Chalkyitsik,66.6449966431,-143.740005493
2325,airport,airport,CYF,PACK,Chefornak Airport,US-AK,1.0,2500.0,40.0,US,Chefornak,60.1492004395,-164.285995483
2326,airport,airport,DRG,PADE,Deering Airport,US-AK,2.0,3300.0,21.0,US,Deering,66.0696029663,-162.76600647
2327,airport,airport,MLL,PADM,Marshall Don Hunter Sr Airport,US-AK,1.0,3201.0,103.0,US,Marshall,61.8642997742,-162.026000977
2328,airport,airport,KKH,PADY,Kongiganak Airport,US-AK,1.0,1885.0,30.0,US,Kongiganak,59.9608001709,-162.880996704
2329,airport,airport,EEK,PAEE,Eek Airport,US-AK,1.0,3243.0,12.0,US,Eek,60.21367264,-162.0438843
2330,airport,airport,EMK,PAEM,Emmonak Airport,US-AK,1.0,4601.0,13.0,US,Emmonak,62.78609848,-164.4909973
2331,airport,airport,ABL,PAFM,Ambler Airport,US-AK,2.0,3000.0,334.0,US,Ambler,67.106300354,-157.856994629
2332,airport,airport,GAL,PAGA,Edward G. Pitka Sr Airport,US-AK,2.0,7254.0,153.0,US,Galena,64.73619843,-156.9369965
2333,airport,airport,GLV,PAGL,Golovin Airport,US-AK,1.0,4000.0,59.0,US,Golovin,64.5504989624,-163.007003784
2334,airport,airport,GAM,PAGM,Gambell Airport,US-AK,1.0,4501.0,27.0,US,Gambell,63.7667999267578,-171.733001708984
2335,airport,airport,GST,PAGS,Gustavus Airport,US-AK,2.0,6720.0,35.0,US,Gustavus,58.4253006,-135.7070007
2336,airport,airport,SGY,PAGY,Skagway Airport,US-AK,1.0,3550.0,44.0,US,Skagway,59.4600982666016,-135.315994262695
2337,airport,airport,HCR,PAHC,Holy Cross Airport,US-AK,1.0,4000.0,70.0,US,Holy Cross,62.1883010864258,-159.774993896484
2338,airport,airport,HNS,PAHN,Haines Airport,US-AK,1.0,4000.0,15.0,US,Haines,59.2438011169434,-135.524002075195
2339,airport,airport,HPB,PAHP,Hooper Bay Airport,US-AK,1.0,3300.0,13.0,US,Hooper Bay,61.52389908,-166.1470032
2340,airport,airport,SHX,PAHX,Shageluk Airport,US-AK,2.0,5000.0,79.0,US,Shageluk,62.6922988892,-159.569000244
2341,airport,airport,IAN,PAIK,Bob Baker Memorial Airport,US-AK,1.0,3400.0,166.0,US,Kiana,66.9759979248,-160.43699646
2342,airport,airport,WAA,PAIW,Wales Airport,US-AK,1.0,4000.0,22.0,US,Wales,65.6225967407,-168.095001221
2343,airport,airport,KFP,PAKF,False Pass Airport,US-AK,1.0,2100.0,20.0,US,False Pass,54.8474006652832,-163.410003662109
2344,airport,airport,AKK,PAKH,Akhiok Airport,US-AK,1.0,3120.0,44.0,US,Akhiok,56.9387016296,-154.182998657
2345,airport,airport,KPN,PAKI,Kipnuk Airport,US-AK,1.0,2120.0,11.0,US,Kipnuk,59.9329986572,-164.031005859
2346,airport,airport,KKA,PAKK,Koyuk Alfred Adams Airport,US-AK,1.0,3000.0,154.0,US,Koyuk,64.9394989014,-161.154006958
2347,airport,airport,AKP,PAKP,Anaktuvuk Pass Airport,US-AK,1.0,4800.0,2102.0,US,Anaktuvuk Pass,68.13359833,-151.7429962
2348,airport,airport,KLW,PAKW,Klawock Airport,US-AK,1.0,5000.0,80.0,US,Klawock,55.5792007446,-133.076004028
2349,airport,airport,KLN,PALB,Larsen Bay Airport,US-AK,1.0,2690.0,87.0,US,Larsen Bay,57.5350990295,-153.977996826
2350,airport,airport,KLG,PALG,Kalskag Airport,US-AK,1.0,3172.0,55.0,US,Kalskag,61.5363006591797,-160.341003417969
2351,airport,airport,SMK,PAMK,St Michael Airport,US-AK,1.0,4001.0,98.0,US,St Michael,63.49010086,-162.1100006
2352,airport,airport,MLY,PAML,Manley Hot Springs Airport,US-AK,1.0,2875.0,270.0,US,Manley Hot Springs,64.9975967407,-150.643997192
2353,airport,airport,MOU,PAMO,Mountain Village Airport,US-AK,1.0,3500.0,337.0,US,Mountain Village,62.095401763916,-163.682006835938
2354,airport,airport,WNA,PANA,Napakiak Airport,US-AK,1.0,3248.0,17.0,US,Napakiak,60.690299987793,-161.97900390625
2355,airport,airport,HNH,PAOH,Hoonah Airport,US-AK,1.0,2997.0,19.0,US,Hoonah,58.0960998535156,-135.410003662109
2356,airport,airport,OOK,PAOO,Toksook Bay Airport,US-AK,1.0,3218.0,59.0,US,Toksook Bay,60.54140091,-165.0870056
2357,airport,airport,PSG,PAPG,Petersburg James A Johnson Airport,US-AK,1.0,6000.0,111.0,US,Petersburg,56.80170059,-132.9450073
2358,airport,airport,PIP,PAPN,Pilot Point Airport,US-AK,1.0,3280.0,57.0,US,Pilot Point,57.5803985596,-157.572006226
2359,airport,airport,PHO,PAPO,Point Hope Airport,US-AK,1.0,4000.0,12.0,US,Point Hope,68.3488006591797,-166.79899597168
2360,airport,airport,KWN,PAQH,Quinhagak Airport,US-AK,1.0,4000.0,42.0,US,Quinhagak,59.75510025,-161.8450012
2361,airport,airport,NUI,PAQT,Nuiqsut Airport,US-AK,1.0,4343.0,38.0,US,Nuiqsut,70.2099990845,-151.005996704
2362,airport,airport,RBY,PARY,Ruby Airport,US-AK,1.0,4000.0,658.0,US,Ruby,64.72720337,-155.4700012
2363,airport,airport,SVA,PASA,Savoonga Airport,US-AK,1.0,4400.0,53.0,US,Savoonga,63.6864013671875,-170.49299621582
2364,airport,airport,SHH,PASH,Shishmaref Airport,US-AK,1.0,5000.0,12.0,US,Shishmaref,66.2496032714844,-166.089004516602
2365,airport,airport,SIT,PASI,Sitka Rocky Gutierrez Airport,US-AK,1.0,6500.0,21.0,US,Sitka,57.0471000671387,-135.361999511719
2366,airport,airport,WLK,PASK,Selawik Airport,US-AK,2.0,3002.0,17.0,US,Selawik,66.60009766,-159.9859924
2367,airport,airport,TAL,PATA,Ralph M Calhoun Memorial Airport,US-AK,1.0,4400.0,236.0,US,Tanana,65.1744003296,-152.10899353
2368,airport,airport,TNC,PATC,Tin City Long Range Radar Station Airport,US-AK,1.0,4700.0,271.0,US,Tin City,65.56310272,-167.9219971
2369,airport,airport,TLA,PATE,Teller Airport,US-AK,1.0,3000.0,294.0,US,Teller,65.2404022217,-166.339004517
2370,airport,airport,ATK,PATQ,Atqasuk Edward Burnell Sr Memorial Airport,US-AK,1.0,4370.0,96.0,US,Atqasuk,70.4673004150391,-157.436004638672
2371,airport,airport,VAK,PAVA,Chevak Airport,US-AK,2.0,3200.0,75.0,US,Chevak,61.5409,-165.6005
2372,airport,airport,KVC,PAVC,King Cove Airport,US-AK,1.0,3500.0,155.0,US,King Cove,55.1162986755371,-162.266006469727
2373,airport,airport,KVL,PAVL,Kivalina Airport,US-AK,1.0,3000.0,13.0,US,Kivalina,67.736198425293,-164.563003540039
2374,airport,airport,WBQ,PAWB,Beaver Airport,US-AK,1.0,3954.0,359.0,US,Beaver,66.362197876,-147.406997681
2375,airport,airport,WRG,PAWG,Wrangell Airport,US-AK,1.0,5999.0,49.0,US,Wrangell,56.48429871,-132.3699951
2376,airport,airport,AIN,PAWI,Wainwright Airport,US-AK,1.0,4494.0,41.0,US,Wainwright,70.6380004883,-159.994995117
2377,airport,airport,WMO,PAWM,White Mountain Airport,US-AK,1.0,3000.0,267.0,US,White Mountain,64.689201355,-163.412994385
2378,airport,airport,WTK,PAWN,Noatak Airport,US-AK,1.0,4000.0,88.0,US,Noatak,67.5661010742188,-162.975006103516
2379,airport,airport,YAK,PAYA,Yakutat Airport,US-AK,2.0,7745.0,33.0,US,Yakutat,59.5032997131,-139.660003662
2380,airport,airport,AET,PFAL,Allakaket Airport,US-AK,1.0,4000.0,441.0,US,Allakaket,66.5518035889,-152.621994019
2381,airport,airport,ELI,PFEL,Elim Airport,US-AK,1.0,3401.0,162.0,US,Elim,64.61470032,-162.2720032
2382,airport,airport,KUK,PFKA,Kasigluk Airport,US-AK,1.0,3000.0,48.0,US,Kasigluk,60.87440109,-162.5240021
2383,airport,airport,KOT,PFKO,Kotlik Airport,US-AK,1.0,4422.0,15.0,US,Kotlik,63.0306015015,-163.533004761
2384,airport,airport,KTS,PFKT,Brevig Mission Airport,US-AK,2.0,2990.0,38.0,US,Brevig Mission,65.3312988281,-166.466003418
2385,airport,airport,KWT,PFKW,Kwethluk Airport,US-AK,1.0,3198.0,25.0,US,Kwethluk,60.7902984619,-161.444000244
2386,airport,airport,ORV,PFNO,Robert (Bob) Curtis Memorial Airport,US-AK,1.0,4000.0,55.0,US,Noorvik,66.81790161,-161.0189972
2387,airport,airport,SKK,PFSH,Shaktoolik Airport,US-AK,1.0,4001.0,24.0,US,Shaktoolik,64.37110138,-161.223999
2388,airport,airport,WSN,PFWS,South Naknek Nr 2 Airport,US-AK,2.0,3314.0,162.0,US,South Naknek,58.7033996582,-157.007995605
2389,airport,airport,FYU,PFYU,Fort Yukon Airport,US-AK,1.0,5810.0,433.0,US,Fort Yukon,66.5715026855469,-145.25
2390,airport,airport,TFI,AYTU,Tufi Airport,PG-NPP,1.0,2623.0,85.0,PG,Tufi,-9.07595443726,149.319839478
2391,airport,airport,ROP,PGRO,Rota International Airport,MP-U-A,1.0,6000.0,607.0,MP,Rota Island,14.1743001937866,145.24299621582
2392,airport,airport,CHG,ZYCY,Chaoyang Airport,CN-21,1.0,6562.0,173.0,CN,Chaoyang,41.5381011962891,120.434997558594
2393,airport,airport,HNM,PHHN,Hana Airport,US-HI,1.0,3606.0,78.0,US,Hana,20.7956008911133,-156.014007568359
2394,airport,airport,MUE,PHMU,Waimea Kohala Airport,US-HI,1.0,5197.0,2671.0,US,Kamuela,20.0013008117676,-155.667999267578
2395,airport,airport,KWA,PKWA,Bucholz Army Air Field,MH-KWA,1.0,6668.0,9.0,MH,Kwajalein,8.72012042999268,167.731994628906
2396,airport,airport,PIZ,PPIZ,Point Lay LRRS Airport,US-AK,1.0,3519.0,22.0,US,Point Lay,69.73290253,-163.0050049
2397,airport,airport,TKK,PTKK,Chuuk International Airport,FM-TRK,1.0,6006.0,11.0,FM,Weno Island,7.46187019348145,151.843002319336
2398,airport,airport,YAP,PTYA,Yap International Airport,FM-YAP,1.0,6000.0,91.0,FM,Yap Island,9.49890995025635,138.082992553711
2399,airport,airport,KNH,RCBS,Kinmen Airport,TW-X-KM,1.0,9865.0,93.0,TW,Shang-I,24.4279003143311,118.359001159668
2400,airport,airport,TTT,RCFN,Taitung Airport,TW-TTT,1.0,7999.0,143.0,TW,Taitung City,22.7549991607666,121.101997375488
2401,airport,airport,MZG,RCQC,Makung Airport,TW-PEN,1.0,9843.0,103.0,TW,Makung City,23.5687007904053,119.627998352051
2402,airport,airport,HUN,RCYU,Hualien Airport,TW-HUA,3.0,9022.0,52.0,TW,Hualien City,24.023099899292,121.61799621582
2403,airport,airport,MMJ,RJAF,Matsumoto Airport,JP-20,1.0,6560.0,2182.0,JP,Matsumoto,36.1668014526367,137.923004150391
2404,airport,airport,IBR,RJAH,Hyakuri Airport,JP-08,1.0,8860.0,105.0,JP,Omitama,36.181098938,140.414993286
2405,airport,airport,IKI,RJDB,Iki Airport,JP-42,1.0,4331.0,41.0,JP,Iki,33.7490005493,129.785003662
2406,airport,airport,TSJ,RJDT,Tsushima Airport,JP-42,1.0,6234.0,213.0,JP,Tsushima,34.2849006653,129.330993652
2407,airport,airport,FUJ,RJFE,Fukue Airport,JP-42,1.0,6561.0,273.0,JP,Goto,32.6663017272949,128.832992553711
2408,airport,airport,NKM,RJNA,Nagoya Airport,JP-23,1.0,8990.0,52.0,JP,Nagoya,35.2550010681152,136.92399597168
2409,airport,airport,FSZ,RJNS,Mt. Fuji Shizuoka Airport,JP-22,1.0,8202.0,433.0,JP,Makinohara / Shimada,34.7960434679,138.18775177
2410,airport,airport,FKS,RJSF,Fukushima Airport,JP-07,1.0,8202.0,1221.0,JP,Sukagawa,37.2274017333984,140.430999755859
2411,airport,airport,HNA,RJSI,Hanamaki Airport,JP-03,1.0,8202.0,297.0,JP,Morioka,39.4286003112793,141.134994506836
2412,airport,airport,KWJ,RKJJ,Gwangju Airport,KR-29,2.0,9300.0,39.0,KR,Gwangju,35.1263999939,126.808998108
2413,airport,airport,KUV,RKJK,Kunsan Air Base,KR-45,1.0,9000.0,29.0,KR,Kunsan,35.9038009643555,126.615997314453
2414,airport,airport,RSU,RKJY,Yeosu Airport,KR-46,1.0,6890.0,53.0,KR,Yeosu,34.8423004150391,127.616996765137
2415,airport,airport,WJU,RKNW,Wonju Airport,KR-42,1.0,9000.0,329.0,KR,Wonju,37.4380989075,127.959999084
2416,airport,airport,YNY,RKNY,Yangyang International Airport,KR-42,1.0,8202.0,241.0,KR,Sokcho / Gangneung,38.0612983703613,128.669006347656
2417,airport,airport,HIN,RKPS,Sacheon Air Base,KR-48,2.0,9000.0,25.0,KR,Sacheon,35.0885009765625,128.070007324219
2418,airport,airport,USN,RKPU,Ulsan Airport,KR-31,1.0,6561.0,45.0,KR,Ulsan,35.59349823,129.352005005
2419,airport,airport,KPO,RKTH,Pohang Airport,KR-47,1.0,7000.0,70.0,KR,Pohang,35.9878997803,129.419998169
2420,airport,airport,RMP,none,Rampart Airport,US-AK,1.0,3520.0,302.0,US,Rampart,65.5078964233398,-150.141006469727
2421,airport,airport,UEO,ROKJ,Kumejima Airport,JP-47,1.0,6562.0,23.0,JP,Kumejima,26.3635005950928,126.713996887207
2422,airport,airport,LAO,RPLI,Laoag International Airport,PH-ILN,1.0,9120.0,25.0,PH,Laoag City,18.1781005859375,120.531997680664
2423,airport,airport,LGP,RPLP,Legazpi City International Airport,PH-ALB,1.0,7480.0,66.0,PH,Legazpi City,13.1575,123.735
2424,airport,airport,CBO,RPMC,Awang Airport,PH-MAG,1.0,6234.0,189.0,PH,Cotabato City,7.1652398109436,124.209999084473
2425,airport,airport,BXU,RPME,Bancasi Airport,PH-AGN,1.0,6450.0,141.0,PH,Butuan City,8.9515,125.4788
2426,airport,airport,DPL,RPMG,Dipolog Airport,PH-ZAN,1.0,6273.0,12.0,PH,Dipolog City,8.60198349877,123.341875076
2427,airport,airport,CGM,RPMH,Camiguin Airport,PH-CAM,1.0,3945.0,53.0,PH,Camiguin,9.25352001190186,124.707000732422
2428,airport,airport,CGY,RPML,Cagayan De Oro Airport,PH-MSR,1.0,8050.0,601.0,PH,Cagayan De Oro City,8.41561985016,124.611000061
2429,airport,airport,OZC,RPMO,Labo Airport,PH-MSC,1.0,5720.0,75.0,PH,Ozamiz City,8.17850971221924,123.842002868652
2430,airport,airport,PAG,RPMP,Pagadian Airport,PH-ZAS,1.0,5512.0,5.0,PH,Pagadian City,7.83073144787,123.461179733
2431,airport,airport,GES,RPMR,General Santos International Airport,PH-SCO,1.0,10587.0,505.0,PH,General Santos,6.05800008774,125.096000671
2432,airport,airport,SUG,RPMS,Surigao Airport,PH-SUN,1.0,5603.0,20.0,PH,Surigao City,9.75583832563,125.480947495
2433,airport,airport,ZAM,RPMZ,Zamboanga International Airport,PH-ZAS,1.0,8560.0,33.0,PH,Zamboanga City,6.92242002487183,122.059997558594
2434,airport,airport,IAO,RPNS,Siargao Airport,PH-SUN,1.0,4167.0,10.0,PH,Del Carmen,9.8591003418,126.013999939
2435,airport,airport,SJI,RPUH,San Jose Airport,PH-MDC,1.0,6024.0,14.0,PH,San Jose,12.3614997864,121.04699707
2436,airport,airport,WNP,RPUN,Naga Airport,PH-CAS,1.0,4599.0,142.0,PH,Naga,13.5848999023438,123.269996643066
2437,airport,airport,BSO,RPUO,Basco Airport,PH-CAG,1.0,4101.0,291.0,PH,Basco,20.4512996674,121.980003357
2438,airport,airport,TUG,RPUT,Tuguegarao Airport,PH-CAG,1.0,6455.0,70.0,PH,Tuguegarao City,17.6433676823,121.733150482
2439,airport,airport,VRC,RPUV,Virac Airport,PH-CAT,1.0,5118.0,121.0,PH,Virac,13.5763998031616,124.206001281738
2440,airport,airport,CYZ,RPUY,Cauayan Airport,PH-ISA,1.0,6890.0,200.0,PH,Cauayan City,16.9298992157,121.752998352
2441,airport,airport,TAC,RPVA,Daniel Z. Romualdez Airport,PH-LEY,1.0,7014.0,10.0,PH,Tacloban City,11.2276000977,125.027999878
2442,airport,airport,BCD,RPVB,Bacolod-Silay City International Airport,PH-NEC,1.0,6416.0,25.0,PH,Bacolod City,10.7763996124268,123.014999389648
2443,airport,airport,CYP,RPVC,Calbayog Airport,PH-WSA,1.0,4843.0,12.0,PH,Calbayog City,12.072699546814,124.544998168945
2444,airport,airport,DGT,RPVD,Sibulan Airport,PH-NER,1.0,6136.0,15.0,PH,Dumaguete City,9.3337097168,123.300003052
2445,airport,airport,MPH,RPVE,"Malay, Godofredo P. Ramos Airport",PH-AKL,1.0,3117.0,7.0,PH,Caticlan,11.9245004654,121.95400238
2446,airport,airport,CRM,RPVF,Catarman National Airport,PH-NSA,1.0,4429.0,6.0,PH,Catarman,12.5024003982544,124.636001586914
2447,airport,airport,MBT,RPVJ,Moises R. Espinosa Airport,PH-MAS,1.0,4921.0,26.0,PH,Masbate,12.3694000244,123.628997803
2448,airport,airport,PPS,RPVP,Puerto Princesa Airport,PH-PLW,1.0,8530.0,71.0,PH,Puerto Princesa City,9.74211978912354,118.759002685547
2449,airport,airport,RXS,RPVR,Roxas Airport,PH-CAP,1.0,6201.0,10.0,PH,Roxas City,11.5977001190186,122.751998901367
2450,airport,airport,TAG,RPVT,Tagbilaran Airport,PH-BOH,1.0,5837.0,38.0,PH,Tagbilaran City,9.6640796661377,123.852996826172
2451,airport,airport,USU,RPVV,Francisco B. Reyes Airport,PH-PLW,1.0,3300.0,148.0,PH,Coron,12.1215000153,120.099998474
2452,airport,airport,NGK,UHSN,Nogliki Airport,RU-SAK,1.0,5741.0,98.0,RU,Nogliki-Sakhalin Island,51.7801017761,143.139007568
2453,airport,airport,GRV,URMG,Grozny North Airport,RU-CE,1.0,8202.0,544.0,RU,Grozny,43.3883018493652,45.698600769043
2454,airport,airport,VUS,ULWU,Velikiy Ustyug Airport,RU-VLG,1.0,4199.0,331.0,RU,Velikiy Ustyug,60.7882995605469,46.2599983215332
2455,airport,airport,PRA,SAAP,General Urquiza Airport,AR-E,1.0,6890.0,242.0,AR,Parana,-31.7948,-60.4804
2456,airport,airport,SFN,SAAV,Sauce Viejo Airport,AR-S,1.0,7628.0,55.0,AR,Santa Fe,-31.7117,-60.8117
2457,airport,airport,AFA,SAMR,Suboficial Ay Santiago Germano Airport,AR-M,1.0,6923.0,2470.0,AR,San Rafael,-34.5882987976,-68.4039001465
2458,airport,airport,CTC,SANC,Catamarca Airport,AR-K,1.0,9186.0,1522.0,AR,Catamarca,-28.5956001282,-65.751701355
2459,airport,airport,SDE,SANE,Vicecomodoro Angel D. La Paz Aragonés Airport,AR-G,1.0,7946.0,656.0,AR,Santiago del Estero,-27.7655563354,-64.3099975586
2460,airport,airport,RHD,SANH,Las Termas Airport,AR-G,1.0,8197.0,1130.0,AR,Rio Hondo,-27.4736995697,-64.9055023193
2461,airport,airport,IRJ,SANL,Capitan V A Almonacid Airport,AR-F,1.0,9383.0,1437.0,AR,La Rioja,-29.3815994263,-66.7957992554
2462,airport,airport,TUC,SANT,Teniente Benjamin Matienzo Airport,AR-T,1.0,9514.0,1493.0,AR,San Miguel de Tucuman,-26.8409004211,-65.1048965454
2463,airport,airport,UAQ,SANU,Domingo Faustino Sarmiento Airport,AR-J,1.0,8071.0,1958.0,AR,San Juan,-31.5715007782,-68.4181976318
2464,airport,airport,LUQ,SAOU,Brigadier Mayor D Cesar Raul Ojeda Airport,AR-D,1.0,9678.0,2328.0,AR,San Luis,-33.2732009888,-66.3563995361
2465,airport,airport,RES,SARE,Resistencia International Airport,AR-H,1.0,9088.0,173.0,AR,Resistencia,-27.45,-59.0561
2466,airport,airport,FMA,SARF,Formosa Airport,AR-P,1.0,5905.0,193.0,AR,Formosa,-26.2127,-58.2281
2467,airport,airport,PSS,SARP,Libertador Gral D Jose De San Martin Airport,AR-N,1.0,7218.0,430.0,AR,Posadas,-27.3858,-55.9707
2468,airport,airport,SLA,SASA,Martin Miguel De Guemes International Airport,AR-A,2.0,9842.0,4088.0,AR,Salta,-24.8560009003,-65.4861984253
2469,airport,airport,JUJ,SASJ,Gobernador Horacio Guzman International Airport,AR-Y,1.0,9698.0,3019.0,AR,San Salvador de Jujuy,-24.3927993774,-65.0978012085
2470,airport,airport,CRD,SAVC,General E. Mosconi Airport,AR-U,1.0,9219.0,189.0,AR,Comodoro Rivadavia,-45.7853,-67.4655
2471,airport,airport,EQS,SAVE,Brigadier Antonio Parodi Airport,AR-U,2.0,7874.0,2621.0,AR,Esquel,-42.908000946,-71.139503479
2472,airport,airport,VDM,SAVV,Gobernador Castello Airport,AR-R,2.0,8366.0,20.0,AR,Viedma / Carmen de Patagones,-40.8692,-63.0004
2473,airport,airport,PMY,SAVY,El Tehuelche Airport,AR-U,1.0,8202.0,427.0,AR,Puerto Madryn,-42.7592,-65.1027
2474,airport,airport,RGA,SAWE,Hermes Quijada International Airport,AR-V,1.0,6562.0,65.0,AR,Rio Grande,-53.7777,-67.7494
2475,airport,airport,RGL,SAWG,Piloto Civil N. Fernández Airport,AR-Z,1.0,11644.0,61.0,AR,Rio Gallegos,-51.6089,-69.3126
2476,airport,airport,BHI,SAZB,Comandante Espora Airport,AR-B,3.0,8579.0,246.0,AR,Bahia Blanca,-38.725,-62.1693
2477,airport,airport,MDQ,SAZM,Ástor Piazzola International Airport,AR-B,1.0,7218.0,72.0,AR,Mar del Plata,-37.9342,-57.5733
2478,airport,airport,NQN,SAZN,Presidente Peron Airport,AR-Q,1.0,8432.0,895.0,AR,Neuquen,-38.9490013123,-68.1557006836
2479,airport,airport,RSA,SAZR,Santa Rosa Airport,AR-L,1.0,7546.0,630.0,AR,Santa Rosa,-36.5882987976,-64.2757034302
2480,airport,airport,CPC,SAZY,Aviador C. Campos Airport,AR-Q,1.0,8202.0,2569.0,AR,Chapelco/San Martin de los Andes,-40.0754013062,-71.137298584
2481,airport,airport,AQA,SBAQ,Araraquara Airport,BR-SP,1.0,5907.0,2334.0,BR,Araraquara,-21.8120002747,-48.1329994202
2482,airport,airport,AFL,SBAT,Alta Floresta Airport,BR-MT,1.0,8202.0,948.0,BR,Alta Floresta,-9.8663892746,-56.1049995422
2483,airport,airport,AAX,SBAX,Araxá Airport,BR-MG,1.0,6234.0,3276.0,BR,Araxá,-19.5631999969482,-46.9603996276855
2484,airport,airport,BVB,SBBV,Atlas Brasil Cantanhede Airport,BR-RR,1.0,8858.0,276.0,BR,Boa Vista,2.84138894081,-60.6922225952
2485,airport,airport,CFB,SBCB,Cabo Frio Airport,BR-RJ,1.0,8366.0,23.0,BR,Cabo Frio,-22.9216995239,-42.0742988586
2486,airport,airport,CFC,SBCD,Caçador Airport,BR-SC,1.0,5331.0,3376.0,BR,Caçador,-26.78840065,-50.9398002625
2487,airport,airport,XAP,SBCH,Chapecó Airport,BR-SC,1.0,6768.0,2146.0,BR,Chapecó,-27.1341991424561,-52.6566009521484
2488,airport,airport,CKS,SBCJ,Carajás Airport,BR-PA,1.0,6562.0,2064.0,BR,Carajás,-6.11527776718,-50.0013885498
2489,airport,airport,CCM,SBCM,Diomício Freitas Airport,BR-SC,1.0,4882.0,93.0,BR,Criciúma,-28.7244434357,-49.4213905334
2490,airport,airport,CLV,SBCN,Caldas Novas Airport,BR-GO,1.0,6890.0,2247.0,BR,Caldas Novas,-17.7252998352051,-48.6074981689453
2491,airport,airport,CAW,SBCP,Bartolomeu Lisandro Airport,BR-RJ,1.0,5066.0,57.0,BR,Campos Dos Goytacazes,-21.698299408,-41.301700592
2492,airport,airport,CMG,SBCR,Corumbá International Airport,BR-MS,1.0,5446.0,461.0,BR,Corumbá,-19.0119438171,-57.6713905334
2493,airport,airport,CXJ,SBCX,Hugo Cantergiani Regional Airport,BR-RS,1.0,5479.0,2472.0,BR,Caxias Do Sul,-29.1970996857,-51.1875
2494,airport,airport,BYO,SBDB,Bonito Airport,BR-MS,1.0,6562.0,1180.0,BR,Bonito,-21.2473,-56.4525
2495,airport,airport,PPB,SBDN,Presidente Prudente Airport,BR-SP,1.0,6923.0,1477.0,BR,Presidente Prudente,-22.1751003265,-51.4245986938
2496,airport,airport,FEN,SBFN,Fernando de Noronha Airport,BR-PE,1.0,6053.0,193.0,BR,Fernando De Noronha,-3.85492992401123,-32.4233016967773
2497,airport,airport,GPB,SBGU,Tancredo Thomas de Faria Airport,BR-PR,1.0,5315.0,3494.0,BR,Guarapuava,-25.3875007629,-51.520198822
2498,airport,airport,GVR,SBGV,Governador Valadares Airport,BR-MG,1.0,4593.0,561.0,BR,Governador Valadares,-18.8952007293701,-41.9822006225586
2499,airport,airport,ATM,SBHT,Altamira Airport,BR-PA,1.0,6572.0,369.0,BR,Altamira,-3.25391006469727,-52.2540016174316
2500,airport,airport,IMP,SBIZ,Prefeito Renato Moreira Airport,BR-MA,1.0,5899.0,432.0,BR,Imperatriz,-5.53129005432129,-47.4599990844727
2501,airport,airport,CPV,SBKG,Presidente João Suassuna Airport,BR-PB,1.0,5249.0,1646.0,BR,Campina Grande,-7.26991987228394,-35.8964004516602
2502,airport,airport,LEC,SBLE,Chapada Diamantina Airport,BR-BA,1.0,6831.0,1676.0,BR,Lençóis,-12.4822998047,-41.2770004272
2503,airport,airport,LAZ,SBLP,Bom Jesus da Lapa Airport,BR-BA,1.0,3973.0,1454.0,BR,Bom Jesus Da Lapa,-13.2621002197,-43.4081001282
2504,airport,airport,MAB,SBMA,João Correa da Rocha Airport,BR-PA,1.0,6562.0,357.0,BR,Marabá,-5.36858987808,-49.1380004883
2505,airport,airport,MEU,SBMD,Monte Dourado Airport,BR-PA,1.0,5906.0,677.0,BR,Almeirim,-0.889838993549,-52.6021995544
2506,airport,airport,MEA,SBME,Macaé Airport,BR-RJ,1.0,3937.0,8.0,BR,Macaé,-22.343000412,-41.7659988403
2507,airport,airport,MOC,SBMK,Mário Ribeiro Airport,BR-MG,1.0,6890.0,2191.0,BR,Montes Claros,-16.7068996429,-43.818901062
2508,airport,airport,MII,SBML,Marília Airport,BR-SP,1.0,4921.0,2122.0,BR,Marília,-22.1968994141,-49.926399231
2509,airport,airport,MCP,SBMQ,Alberto Alcolumbre Airport,BR-AP,1.0,6890.0,56.0,BR,Macapá,0.0506640002131,-51.0722007751
2510,airport,airport,PHB,SBPB,Prefeito Doutor João Silva Filho Airport,BR-PI,1.0,6890.0,16.0,BR,Parnaíba,-2.89374995232,-41.7319984436
2511,airport,airport,PMW,SBPJ,Brigadeiro Lysias Rodrigues Airport,BR-TO,1.0,8202.0,774.0,BR,Palmas,-10.2915000916,-48.3569984436
2512,airport,airport,PET,SBPK,Pelotas Airport,BR-RS,2.0,6496.0,59.0,BR,Pelotas,-31.7183990478516,-52.3277015686035
2513,airport,airport,PNZ,SBPL,Senador Nilo Coelho Airport,BR-PE,1.0,9055.0,1263.0,BR,Petrolina,-9.3624095916748,-40.5690994262695
2514,airport,airport,PVH,SBPV,Governador Jorge Teixeira de Oliveira Airport,BR-RO,1.0,7874.0,290.0,BR,Porto Velho,-8.70928955078125,-63.9023017883301
2515,airport,airport,RBR,SBRB,Plácido de Castro Airport,BR-AC,1.0,7080.0,633.0,BR,Rio Branco,-9.86888885498047,-67.8980560302734
2516,airport,airport,SJK,SBSJ,Professor Urbano Ernesto Stumpf Airport,BR-SP,1.0,8780.0,2120.0,BR,São José Dos Campos,-23.2292003631592,-45.861499786377
2517,airport,airport,RIA,SBSM,Santa Maria Airport,BR-RS,2.0,8858.0,287.0,BR,Santa Maria,-29.7113990783691,-53.6882019042969
2518,airport,airport,STM,SBSN,Maestro Wilson Fonseca Airport,BR-PA,1.0,7874.0,198.0,BR,Santarém,-2.42472195625305,-54.785831451416
2519,airport,airport,TFF,SBTF,Tefé Airport,BR-AM,1.0,7218.0,188.0,BR,Tefé,-3.38294005394,-64.7240982056
2520,airport,airport,TBT,SBTT,Tabatinga Airport,BR-AM,1.0,7054.0,279.0,BR,Tabatinga,-4.25567007064819,-69.9357986450195
2521,airport,airport,PAV,SBUF,Paulo Afonso Airport,BR-BA,1.0,5906.0,883.0,BR,Paulo Afonso,-9.40087985992432,-38.2505989074707
2522,airport,airport,BVH,SBVH,Vilhena Airport,BR-RO,1.0,8530.0,2018.0,BR,Vilhena,-12.6943998336792,-60.0983009338379
2523,airport,airport,IZA,SBZM,Zona da Mata Regional Airport,BR-MG,1.0,8284.0,1348.0,BR,Juiz de Fora,-21.5130558014,-43.1730575562
2524,airport,airport,MHC,SCPQ,Mocopulli Airport,CL-LL,1.0,6562.0,528.0,CL,Dalcahue,-42.340388,-73.715693
2525,airport,airport,AOG,ZYAS,Anshan Air Base,CN-21,1.0,8530.0,46.0,CN,Anshan,41.1053009033203,122.853996276855
2526,airport,airport,OCC,SECO,Francisco De Orellana Airport,EC-D,1.0,6760.0,834.0,EC,Coca,-0.46288600564003,-76.9868011474609
2527,airport,airport,CUE,SECU,Mariscal Lamar Airport,EC-A,1.0,6234.0,8306.0,EC,Cuenca,-2.88947010040283,-78.9843978881836
2528,airport,airport,GPS,SEGS,Seymour Airport,EC-W,1.0,7876.0,207.0,EC,Baltra,-0.453758001327515,-90.2658996582031
2529,airport,airport,LTX,SELT,Cotopaxi International Airport,EC-X,1.0,12117.0,9205.0,EC,Latacunga,-0.906832993031,-78.6157989502
2530,airport,airport,XMS,SEMC,Coronel E Carvajal Airport,EC-S,1.0,8202.0,3452.0,EC,Macas,-2.29917001724243,-78.1207962036133
2531,airport,airport,MEC,SEMT,Eloy Alfaro International Airport,EC-M,1.0,9383.0,48.0,EC,Manta,-0.94607800245285,-80.6788024902344
2532,airport,airport,LGQ,SENL,Nueva Loja Airport,EC-U,1.0,7546.0,980.0,EC,Lago Agrio,0.0930560007691,-76.8675003052
2533,airport,airport,ETR,SERO,Coronel Artilleria Victor Larrea Airport,EC-O,1.0,3255.0,170.0,EC,Santa Rosa,-3.43515992165,-79.9777984619
2534,airport,airport,SCY,SEST,San Cristóbal Airport,EC-W,1.0,6214.0,62.0,EC,San Cristóbal,-0.910206019878387,-89.6174011230469
2535,airport,airport,LOH,SETM,Camilo Ponce Enriquez Airport,EC-L,1.0,6725.0,4056.0,EC,La Toma (Catamayo),-3.99588990211487,-79.3719024658203
2536,airport,airport,ESM,SETN,General Rivadeneira Airport,EC-E,1.0,7874.0,32.0,EC,Tachina,0.978519022464752,-79.6266021728516
2537,airport,airport,TUA,SETU,Teniente Coronel Luis a Mantilla Airport,EC-C,1.0,8071.0,9649.0,EC,Tulcán,0.809505999088287,-77.7080993652344
2538,airport,airport,JTC,SBAE,Bauru - Arealva Airport,BR-SP,1.0,6594.0,1949.0,BR,Bauru,-22.1668591409,-49.0502866745
2539,airport,airport,PUU,SKAS,Tres De Mayo Airport,CO-PUT,2.0,5331.0,815.0,CO,Puerto Asís,0.505228,-76.5008
2540,airport,airport,BGA,SKBG,Palonegro Airport,CO-SAN,1.0,7381.0,3897.0,CO,Bucaramanga,7.1265,-73.1848
2541,airport,airport,BUN,SKBU,Gerardo Tobar López Airport,CO-VAC,1.0,3945.0,48.0,CO,Buenaventura,3.81963,-76.9898
2542,airport,airport,CUC,SKCC,Camilo Daza International Airport,CO-NSA,2.0,7700.0,1096.0,CO,Cúcuta,7.92757,-72.5115
2543,airport,airport,TCO,SKCO,La Florida Airport,CO-NAR,1.0,5249.0,8.0,CO,Tumaco,1.81442,-78.7492
2544,airport,airport,CZU,SKCZ,Las Brujas Airport,CO-SUC,1.0,4930.0,528.0,CO,Corozal,9.33274,-75.2856
2545,airport,airport,EJA,SKEJ,Yariguíes Airport,CO-SAN,1.0,5905.0,412.0,CO,Barrancabermeja,7.02433,-73.8068
2546,airport,airport,FLA,SKFL,Gustavo Artunduaga Paredes Airport,CO-CAQ,1.0,4921.0,803.0,CO,Florencia,1.58919,-75.5644
2547,airport,airport,GPI,SKGP,Juan Casiano Airport,CO-CAU,1.0,4256.0,164.0,CO,Guapi,2.57013,-77.8986
2548,airport,airport,IBE,SKIB,Perales Airport,CO-TOL,1.0,5905.0,2999.0,CO,Ibagué,4.42161,-75.1333
2549,airport,airport,IPI,SKIP,San Luis Airport,CO-NAR,1.0,5774.0,9765.0,CO,Ipiales,0.861925,-77.6718
2550,airport,airport,APO,SKLC,Antonio Roldan Betancourt Airport,CO-ANT,1.0,7153.0,46.0,CO,Carepa,7.81196,-76.7164
2551,airport,airport,LET,SKLT,Alfredo Vásquez Cobo International Airport,CO-AMA,1.0,6168.0,277.0,CO,Leticia,-4.19355,-69.9432
2552,airport,airport,EOH,SKMD,Enrique Olaya Herrera Airport,CO-ANT,1.0,8202.0,4949.0,CO,Medellín,6.220549,-75.590582
2553,airport,airport,MTR,SKMR,Los Garzones Airport,CO-COR,1.0,6285.0,36.0,CO,Montería,8.82374,-75.8258
2554,airport,airport,MVP,SKMU,Fabio Alberto Leon Bentley Airport,CO-VAU,1.0,5889.0,680.0,CO,Mitú,1.25366,-70.2339
2555,airport,airport,MZL,SKMZ,La Nubia Airport,CO-CAL,2.0,4835.0,6871.0,CO,Manizales,5.0296,-75.4647
2556,airport,airport,NVA,SKNV,Benito Salas Airport,CO-HUI,1.0,5880.0,1464.0,CO,Neiva,2.95015,-75.294
2557,airport,airport,PCR,SKPC,German Olano Airport,CO-VID,1.0,5907.0,177.0,CO,Puerto Carreño,6.18472,-67.4932
2558,airport,airport,PDA,SKPD,Obando Airport,CO-GUA,1.0,5910.0,460.0,CO,Puerto Inírida,3.85353,-67.9062
2559,airport,airport,PEI,SKPE,Matecaña International Airport,CO-RIS,1.0,6627.0,4416.0,CO,Pereira,4.81267,-75.7395
2560,airport,airport,PPN,SKPP,Guillermo León Valencia Airport,CO-CAU,1.0,6266.0,5687.0,CO,Popayán,2.4544,-76.6093
2561,airport,airport,PSO,SKPS,Antonio Narino Airport,CO-NAR,1.0,7585.0,5951.0,CO,Pasto,1.39625,-77.2915
2562,airport,airport,RCH,SKRH,Almirante Padilla Airport,CO-LAG,2.0,5413.0,43.0,CO,Riohacha,11.5262,-72.926
2563,airport,airport,SJE,SKSJ,Jorge E. Gonzalez Torres Airport,CO-GUV,1.0,4897.0,605.0,CO,San José Del Guaviare,2.57969,-72.6394
2564,airport,airport,SMR,SKSM,Simón Bolívar International Airport,CO-MAG,1.0,5577.0,22.0,CO,Santa Marta,11.1196,-74.2306
2565,airport,airport,ADZ,SKSP,Gustavo Rojas Pinilla International Airport,CO-SAP,1.0,7808.0,19.0,CO,San Andrés,12.5836,-81.7112
2566,airport,airport,SVI,SKSV,Eduardo Falla Solano Airport,CO-CAQ,2.0,4921.0,920.0,CO,San Vicente Del Caguán,2.15217,-74.7663
2567,airport,airport,TME,SKTM,Gustavo Vargas Airport,CO-ARA,1.0,6561.0,1050.0,CO,Tame,6.45108,-71.7603
2568,airport,airport,AUC,SKUC,Santiago Perez Airport,CO-ARA,1.0,6890.0,420.0,CO,Arauca,7.06888,-70.7369
2569,airport,airport,UIB,SKUI,El Caraño Airport,CO-CHO,1.0,4593.0,204.0,CO,Quibdó,5.69076,-76.6412
2570,airport,airport,VUP,SKVP,Alfonso López Pumarejo Airport,CO-CES,1.0,6890.0,483.0,CO,Valledupar,10.435,-73.2495
2571,airport,airport,VVC,SKVV,Vanguardia Airport,CO-MET,1.0,5616.0,1394.0,CO,Villavicencio,4.16787,-73.6138
2572,airport,airport,EYP,SKYP,El Yopal Airport,CO-CAS,1.0,8448.0,1028.0,CO,El Yopal,5.31911,-72.384
2573,airport,airport,CIJ,SLCO,Capitán Aníbal Arab Airport,BO-N,1.0,6562.0,889.0,BO,Cobija,-11.0403995514,-68.7829971313
2574,airport,airport,SRZ,SLET,El Trompillo Airport,BO-S,1.0,9144.0,1371.0,BO,Santa Cruz,-17.8115997314,-63.1715011597
2575,airport,airport,POI,SLPO,Capitan Nicolas Rojas Airport,BO-P,1.0,9130.0,12913.0,BO,Potosí,-19.5431003571,-65.7237014771
2576,airport,airport,SRE,SLSU,Juana Azurduy De Padilla Airport,BO-H,1.0,9300.0,9540.0,BO,Sucre,-19.0070991516113,-65.2886962890625
2577,airport,airport,TJA,SLTJ,Capitan Oriel Lea Plaza Airport,BO-T,1.0,10007.0,6079.0,BO,Tarija,-21.5557003021,-64.7013015747
2578,airport,airport,TDD,SLTR,Teniente Av. Jorge Henrich Arauz Airport,BO-B,1.0,7874.0,509.0,BO,Trinidad,-14.8186998367,-64.9179992676
2579,airport,airport,UYU,SLUY,Uyuni Airport,BO-P,1.0,13123.0,12972.0,BO,Quijarro,-20.4463005066,-66.8483963013
2580,airport,airport,BRA,SNBR,Barreiras Airport,BR-BA,1.0,5249.0,2447.0,BR,Barreiras,-12.0789003372192,-45.0089988708496
2581,airport,airport,POJ,SNPD,Patos de Minas Airport,BR-MG,1.0,5577.0,2793.0,BR,Patos De Minas,-18.6728000640869,-46.4911994934082
2582,airport,airport,BVS,SNVS,Breves Airport,BR-PA,1.0,5249.0,98.0,BR,Breves,-1.63653004169464,-50.4435997009277
2583,airport,airport,ERM,SSER,Erechim Airport,BR-RS,1.0,4199.0,2498.0,BR,Erechim,-27.6618995666504,-52.2682991027832
2584,airport,airport,JCB,SSJA,Santa Terezinha Airport,BR-SC,1.0,4134.0,2546.0,BR,Joaçaba,-27.1714000702,-51.5532989502
2585,airport,airport,OAL,SSKW,Cacoal Airport,BR-RO,1.0,6890.0,778.0,BR,Cacoal,-11.496,-61.4508
2586,airport,airport,SRA,SSZR,Santa Rosa Airport,BR-RS,1.0,3937.0,984.0,BR,Santa Rosa,-27.9067001342773,-54.5204010009766
2587,airport,airport,PDP,SULS,Capitan Corbeta CA Curbelo International Airport,UY-MA,2.0,6998.0,95.0,UY,Punta del Este,-34.8550987243652,-55.0942993164062
2588,airport,airport,BNS,SVBI,Barinas Airport,VE-E,2.0,6560.0,666.0,VE,Barinas,8.61956977844238,-70.2208023071289
2589,airport,airport,BRM,SVBM,Barquisimeto International Airport,VE-K,1.0,9350.0,2042.0,VE,Barquisimeto,10.0427465438843,-69.3586196899414
2590,airport,airport,CZE,SVCR,José Leonardo Chirinos Airport,VE-I,1.0,6761.0,52.0,VE,Coro,11.4149436950684,-69.6809005737305
2591,airport,airport,CUM,SVCU,Cumaná (Antonio José de Sucre) Airport,VE-R,1.0,10171.0,14.0,VE,Cumaná,10.4503326416016,-64.1304702758789
2592,airport,airport,LSP,SVJC,Josefa Camejo International Airport,VE-I,1.0,9186.0,75.0,VE,Paraguaná,11.7807750701904,-70.151496887207
2593,airport,airport,LFR,SVLF,La Fria Airport,VE-S,2.0,6643.0,305.0,VE,La Fria,8.23916721343994,-72.2710266113281
2594,airport,airport,MRD,SVMD,Alberto Carnevalli Airport,VE-L,1.0,5348.0,5007.0,VE,Mérida,8.5820779800415,-71.1610412597656
2595,airport,airport,PMV,SVMG,Del Caribe Santiago Mariño International Airport,VE-O,2.0,10499.0,74.0,VE,Isla Margarita,10.9126033782959,-63.9665985107422
2596,airport,airport,MUN,SVMT,Maturín Airport,VE-N,1.0,6890.0,224.0,VE,Maturín,9.75452995300293,-63.1473999023438
2597,airport,airport,CBS,SVON,Oro Negro Airport,VE-V,1.0,6160.0,164.0,VE,Cabimas,10.3306999206543,-71.3225021362305
2598,airport,airport,PYH,SVPA,Cacique Aramare Airport,VE-Z,1.0,8272.0,245.0,VE,Puerto Ayacucho,5.61998987197876,-67.6061019897461
2599,airport,airport,PBL,SVPC,General Bartolome Salom International Airport,VE-G,1.0,6970.0,32.0,VE,"Puerto Cabello,",10.4805002212524,-68.072998046875
2600,airport,airport,PZO,SVPR,General Manuel Carlos Piar International Airport,VE-F,1.0,6726.0,472.0,VE,Puerto Ordaz-Ciudad Guayana,8.28853034973145,-62.7603988647461
2601,airport,airport,SVS,none,Stevens Village Airport,US-AK,1.0,4000.0,329.0,US,Stevens Village,66.0090026855,-149.095993042
2602,airport,airport,SVZ,SVSA,Juan Vicente Gomez International Airport,VE-S,1.0,6135.0,1312.0,VE,San Antonio Del Tachira,7.84082984924316,-72.439697265625
2603,airport,airport,STD,SVSO,Mayor Buenaventura Vivas International Airport,VE-S,1.0,9990.0,1083.0,VE,Santo Domingo,7.56538009643555,-72.0351028442383
2604,airport,airport,SOM,SVST,San Tome Airport,VE-B,2.0,6299.0,861.0,VE,San Tome,8.94514656066895,-64.1510848999023
2605,airport,airport,VLN,SVVA,Arturo Michelena International Airport,VE-G,1.0,9842.0,1411.0,VE,Valencia,10.1497325897217,-67.9283981323242
2606,airport,airport,VIG,SVVG,Juan Pablo Pérez Alfonso Airport,VE-L,1.0,10645.0,250.0,VE,El Vigía,8.62413883209229,-71.6726684570312
2607,airport,airport,VLV,SVVL,Dr. Antonio Nicolás Briceño Airport,VE-T,1.0,6791.0,2060.0,VE,Valera,9.34047794342041,-70.5840606689453
2608,airport,airport,BAZ,SWBC,Barcelos Airport,BR-AM,1.0,3937.0,112.0,BR,Barcelos,-0.981292009353638,-62.9196014404297
2609,airport,airport,AUX,SWGN,Araguaína Airport,BR-TO,1.0,5919.0,771.0,BR,Araguaína,-7.22786998748779,-48.2405014038086
2610,airport,airport,JPR,SBJI,Ji-Paraná Airport,BR-RO,1.0,5905.0,594.0,BR,Ji-Paraná,-10.8708000183,-61.8465003967
2611,airport,airport,CIZ,SWKO,Coari Airport,BR-AM,1.0,5249.0,131.0,BR,Coari,-4.13405990600586,-63.1325988769531
2612,airport,airport,RVD,SWLC,General Leite de Castro Airport,BR-GO,1.0,4921.0,2464.0,BR,Rio Verde,-17.8347225189209,-50.956111907959
2613,airport,airport,PIN,SWPI,Parintins Airport,BR-AM,1.0,5906.0,87.0,BR,Parintins,-2.67301988601685,-56.7771987915039
2614,airport,airport,ROO,SWRD,Rondonópolis Airport,BR-MT,1.0,6070.0,1467.0,BR,Rondonópolis,-16.5860004425049,-54.7248001098633
2615,airport,airport,OPS,SWSI,Presidente João Batista Figueiredo Airport,BR-MT,1.0,5348.0,1227.0,BR,Sinop,-11.8850002288818,-55.586109161377
2616,airport,airport,SXP,none,Sheldon Point Airport,US-AK,1.0,3015.0,12.0,US,Sheldon Point,62.5205993652344,-164.848007202148
2617,airport,airport,OGL,SYGO,Ogle Airport,GY-DE,1.0,4000.0,10.0,GY,Ogle,6.80628013611,-58.1058998108
2618,airport,airport,TCT,PPCT,Takotna Airport,US-AK,1.0,3300.0,423.0,US,Takotna,62.9926986694,-156.067993164
2619,airport,airport,SFG,TFFG,L'Espérance Airport,MF-U-A,1.0,3937.0,7.0,MF,Grand Case,18.0998992919922,-63.0471992492676
2620,airport,airport,SLU,TLPC,George F. L. Charles Airport,LC-02,1.0,5735.0,22.0,LC,Castries,14.0202,-60.992901
2621,airport,airport,TLT,none,Tuluksak Airport,US-AK,1.0,3300.0,30.0,US,Tuluksak,61.0968017578,-160.968994141
2622,airport,airport,EUX,TNCE,F. D. Roosevelt Airport,BQ-U-A,1.0,4265.0,129.0,BQ,Sint Eustatius,17.4965000152588,-62.9794006347656
2623,airport,airport,SAB,TNCS,Juancho E. Yrausquin Airport,BQ-U-A,1.0,1300.0,60.0,BQ,Saba,17.6450004577637,-63.2200012207031
2624,airport,airport,BGG,LTCU,Bingöl Çeltiksuyu Airport,TR-12,1.0,7546.0,3474.0,TR,Bingöl,38.8592605591,40.5959625244
2625,airport,airport,IGD,LTCT,Iğdır Airport,TR-76,1.0,9843.0,3101.0,TR,Iğdır,39.9766273499,43.8766479492
2626,airport,airport,SVD,TVSV,E. T. Joshua Airport,VC-04,1.0,4595.0,66.0,VC,Kingstown,13.1443004608154,-61.2108993530273
2627,airport,airport,KOV,UACK,Kokshetau Airport,KZ-AKM,1.0,8325.0,900.0,KZ,Kokshetau,53.3291015625,69.594596862793
2628,airport,airport,PPK,UACP,Petropavlosk South Airport,KZ-SEV,1.0,8190.0,453.0,KZ,Petropavlosk,54.7747001647949,69.1838989257812
2629,airport,airport,DMB,UADD,Taraz Airport,KZ-ZHA,1.0,9514.0,2184.0,KZ,Taraz,42.8535995483398,71.303596496582
2630,airport,airport,OSS,UCFO,Osh Airport,KG-O,1.0,9232.0,2927.0,KG,Osh,40.6090011597,72.793296814
2631,airport,airport,CIT,UAII,Shymkent Airport,KZ-YUZ,1.0,9186.0,1385.0,KZ,Shymkent,42.364200592041,69.4788970947266
2632,airport,airport,JNZ,ZYJZ,Jinzhou Airport,CN-21,1.0,8202.0,1.0,CN,Jinzhou,41.1013984680176,121.061996459961
2633,airport,airport,KGF,UAKK,Sary-Arka Airport,KZ-KAR,1.0,10831.0,1765.0,KZ,Karaganda,49.6707992553711,73.3343963623047
2634,airport,airport,KZO,UAOO,Kzyl-Orda Southwest Airport,KZ-KZY,1.0,8858.0,433.0,KZ,Kzyl-Orda,44.706901550293,65.5924987792969
2635,airport,airport,URA,UARR,Uralsk Airport,KZ-ZAP,1.0,7874.0,125.0,KZ,Uralsk,51.1507987976074,51.543098449707
2636,airport,airport,UKK,UASK,Ust-Kamennogorsk Airport,KZ-VOS,2.0,8234.0,939.0,KZ,Ust Kamenogorsk,50.0365982055664,82.4942016601562
2637,airport,airport,PWQ,UASP,Pavlodar Airport,KZ-PAV,1.0,8202.0,410.0,KZ,Pavlodar,52.1949996948242,77.0738983154297
2638,airport,airport,SCO,UATE,Aktau Airport,KZ-MAN,2.0,9630.0,73.0,KZ,Aktau,43.8600997924805,51.0919990539551
2639,airport,airport,AKX,UATT,Aktobe Airport,KZ-AKT,1.0,10160.0,738.0,KZ,Aktyuinsk,50.2458000183105,57.2066993713379
2640,airport,airport,KSN,UAUU,Kostanay West Airport,KZ-KUS,1.0,8150.0,595.0,KZ,Kostanay,53.206901550293,63.5503005981445
2641,airport,airport,KVD,UBBG,Ganja Airport,AZ-GA,1.0,8217.0,1083.0,AZ,Ganja,40.7377014160156,46.3176002502441
2642,airport,airport,LLK,UBBL,Lankaran International Airport,AZ-LA,1.0,5172.0,30.0,AZ,Lankaran,38.7463989258,48.8180007935
2643,airport,airport,NAJ,UBBN,Nakhchivan Airport,AZ-NX,2.0,10826.0,2863.0,AZ,Nakhchivan,39.1888008117676,45.4584007263184
2644,airport,airport,GBB,UBBQ,Gabala International Airport,AZ-QAB,1.0,11811.0,935.0,AZ,Gabala,40.8266666667,47.7125
2645,airport,airport,LWN,UDSG,Gyumri Shirak Airport,AM-SH,1.0,10564.0,5000.0,AM,Gyumri,40.7504005432,43.8592987061
2646,airport,airport,ULK,UERL,Lensk Airport,RU-SA,2.0,6562.0,801.0,RU,Lensk,60.7206001282,114.825996399
2647,airport,airport,PYJ,UERP,Polyarny Airport,RU-SA,1.0,10170.0,1660.0,RU,Yakutia,66.4003982544,112.029998779
2648,airport,airport,MJZ,UERR,Mirny Airport,RU-SA,1.0,9187.0,1156.0,RU,Mirny,62.5346984863281,114.039001464844
2649,airport,airport,CKH,UESO,Chokurdakh Airport,RU-SA,1.0,6562.0,151.0,RU,Chokurdah,70.6231002807617,147.901992797852
2650,airport,airport,CYX,UESS,Cherskiy Airport,RU-SA,1.0,5479.0,20.0,RU,Cherskiy,68.7406005859375,161.337997436523
2651,airport,airport,IKS,UEST,Tiksi Airport,RU-SA,1.0,9845.0,26.0,RU,Tiksi,71.6977005004883,128.90299987793
2652,airport,airport,KUT,UGKO,Kopitnari Airport,GE-IM,1.0,8202.0,223.0,GE,Kutaisi,42.176700592,42.4826011658
2653,airport,airport,BUS,UGSB,Batumi International Airport,GE-AJ,1.0,7325.0,105.0,GE,Batumi,41.6102981567,41.5997009277
2654,airport,airport,BQS,UHBB,Ignatyevo Airport,RU-AMU,1.0,9256.0,638.0,RU,Blagoveschensk,50.4253997802734,127.412002563477
2655,airport,airport,DYR,UHMA,Ugolny Airport,RU-CHU,1.0,11483.0,194.0,RU,Anadyr,64.7349014282227,177.740997314453
2656,airport,airport,GDX,UHMM,Sokol Airport,RU-MAG,1.0,11326.0,574.0,RU,Magadan,59.9109992980957,150.720001220703
2657,airport,airport,PWE,UHMP,Pevek Airport,RU-CHU,1.0,8202.0,11.0,RU,Pevek,69.7833023071289,170.59700012207
2658,airport,airport,PKC,UHPP,Yelizovo Airport,RU-KAM,3.0,11155.0,131.0,RU,Petropavlovsk-Kamchatsky,53.1679000854492,158.453994750977
2659,airport,airport,BVV,UHSB,Burevestnik Airport,RU-SAK,1.0,7808.0,79.0,RU,Burevestnik/Iturup Island,44.9199981689,147.621994019
2660,airport,airport,OHH,UHSH,Okha Airport,RU-SAK,1.0,4265.0,115.0,RU,Okha,53.5200004578,142.88999939
2661,airport,airport,EKS,UHSK,Shakhtyorsk Airport,RU-SAK,1.0,6601.0,50.0,RU,Shakhtersk,49.1902999878,142.082992554
2662,airport,airport,DEE,UHSM,Mendeleyevo Airport,RU-SAK,1.0,6955.0,584.0,RU,Kunashir Island,43.9584007263,145.682998657
2663,airport,airport,HTA,UIAA,Chita-Kadala Airport,RU-CHI,2.0,9430.0,2272.0,RU,Chita,52.0262985229492,113.305999755859
2664,airport,airport,BTK,UIBB,Bratsk Airport,RU-IRK,1.0,10368.0,1610.0,RU,Bratsk,56.3706016540527,101.697998046875
2665,airport,airport,ODO,UIKB,Bodaybo Airport,RU-IRK,1.0,7530.0,919.0,RU,Bodaybo,57.8661003113,114.242996216
2666,airport,airport,KCK,UIKK,Kirensk Airport,RU-IRK,1.0,5118.0,840.0,RU,Kirensk,57.773,108.064
2667,airport,airport,UKX,UITT,Ust-Kut Airport,RU-IRK,1.0,6562.0,2188.0,RU,Ust-Kut,56.8567008972168,105.730003356934
2668,airport,airport,OZH,UKDE,Zaporizhzhia International Airport,UA-23,1.0,8210.0,373.0,UA,Zaporizhia,47.867000579834,35.3157005310059
2669,airport,airport,UKS,UKFB,Belbek Airport,UA-43,1.0,9865.0,344.0,UA,Sevastopol,44.688999176,33.5709991455
2670,airport,airport,SIP,UKFF,Simferopol International Airport,UA-43,2.0,12142.0,639.0,UA,Simferopol,45.0522003173828,33.9751014709473
2671,airport,airport,IFO,UKLI,Ivano-Frankivsk International Airport,UA-26,1.0,8226.0,919.0,UA,Ivano-Frankivsk,48.8842010498047,24.6861000061035
2672,airport,airport,UDJ,UKLU,Uzhhorod International Airport,UA-21,1.0,6686.0,383.0,UA,Uzhhorod,48.6343002319336,22.2633991241455
2673,airport,airport,VIN,UKWW,Vinnytsia/Gavyryshivka Airport,UA-05,1.0,8202.0,961.0,UA,Vinnitsa,49.242531,28.613778
2674,airport,airport,ARH,ULAA,Talagi Airport,RU-ARK,1.0,8202.0,62.0,RU,Archangelsk,64.6003036499023,40.7167015075684
2675,airport,airport,ULH,OEAO,Majeed Bin Abdulaziz Airport,SA-03,1.0,10007.0,2050.0,SA,Al Ula,26.48,38.1288888889
2676,airport,airport,KVK,ULMK,Kirovsk-Apatity Airport,RU-MUR,1.0,8189.0,515.0,RU,Apatity,67.4633026123047,33.5882987976074
2677,airport,airport,MMK,ULMM,Murmansk Airport,RU-MUR,1.0,8202.0,266.0,RU,Murmansk,68.7817001342773,32.7508010864258
2678,airport,airport,PES,ULPB,Petrozavodsk Airport,RU-KR,1.0,8202.0,151.0,RU,Petrozavodsk,61.8852005004883,34.1547012329102
2679,airport,airport,KGD,UMKK,Khrabrovo Airport,RU-KGD,1.0,8202.0,42.0,RU,Kaliningrad,54.8899993896484,20.5925998687744
2680,airport,airport,ABA,UNAA,Abakan Airport,RU-KK,3.0,10663.0,831.0,RU,Abakan,53.7400016784668,91.3850021362305
2681,airport,airport,BAX,UNBB,Barnaul Airport,RU-ALT,1.0,9350.0,837.0,RU,Barnaul,53.3638000488281,83.5384979248047
2682,airport,airport,RGK,UNBG,Gorno-Altaysk Airport,RU-AL,1.0,1640.0,965.0,RU,Gorno-Altaysk,51.9667015076,85.8332977295
2683,airport,airport,KEJ,UNEE,Kemerovo Airport,RU-KEM,2.0,10499.0,863.0,RU,Kemerovo,55.2700996398926,86.1072006225586
2684,airport,airport,KYZ,UNKY,Kyzyl Airport,RU-TY,1.0,8858.0,2123.0,RU,Kyzyl,51.6693992614746,94.4005966186523
2685,airport,airport,OMS,UNOO,Omsk Central Airport,RU-OMS,3.0,9435.0,311.0,RU,Omsk,54.9669990539551,73.3105010986328
2686,airport,airport,TOF,UNTT,Bogashevo Airport,RU-TOM,1.0,8202.0,597.0,RU,Tomsk,56.380298614502,85.2082977294922
2687,airport,airport,NOZ,UNWW,Spichenkovo Airport,RU-KEM,1.0,8789.0,1024.0,RU,Novokuznetsk,53.8114013671875,86.877197265625
2688,airport,airport,IAA,UOII,Igarka Airport,RU-KYA,1.0,8245.0,82.0,RU,Igarka,67.4372024536133,86.6219024658203
2689,airport,airport,NSK,UOOO,Norilsk-Alykel Airport,RU-KYA,1.0,11290.0,574.0,RU,Norilsk,69.3110961914062,87.3321990966797
2690,airport,airport,THX,UOTT,Turukhansk Airport,RU-KYA,1.0,5906.0,128.0,RU,Turukhansk,65.797203064,87.9353027344
2691,airport,airport,AAQ,URKA,Anapa Airport,RU-KDA,1.0,8202.0,174.0,RU,Anapa,45.0021018981934,37.3473014831543
2692,airport,airport,GDZ,URKG,Gelendzhik Airport,RU-KDA,1.0,10171.0,98.0,RU,Gelendzhik,44.5820926295,38.0124807358
2693,airport,airport,MCX,URML,Uytash Airport,RU-DA,2.0,8688.0,12.0,RU,Makhachkala,42.8167991638184,47.6523017883301
2694,airport,airport,OGZ,URMO,Beslan Airport,RU-SE,1.0,9843.0,1673.0,RU,Beslan,43.2051010132,44.6066017151
2695,airport,airport,STW,URMT,Stavropol Shpakovskoye Airport,RU-STA,1.0,8631.0,1486.0,RU,Stavropol,45.1091995239258,42.1128005981445
2696,airport,airport,TGK,URRT,Taganrog Yuzhny Airport,RU-ROS,1.0,9052.0,118.0,RU,Taganrog,47.2000007629,38.8499984741
2697,airport,airport,AER,URSS,Sochi International Airport,RU-KDA,2.0,9482.0,89.0,RU,Sochi,43.4499015808105,39.956600189209
2698,airport,airport,ASF,URWA,Astrakhan Airport,RU-AST,2.0,8202.0,-65.0,RU,Astrakhan,46.2832984924,48.0063018799
2699,airport,airport,ESL,URWI,Elista Airport,RU-KL,2.0,7555.0,501.0,RU,Elista,46.3739013671875,44.3308982849121
2700,airport,airport,MQF,USCM,Magnitogorsk International Airport,RU-BA,1.0,10663.0,1430.0,RU,Magnitogorsk,53.3931007385254,58.7556991577148
2701,airport,airport,SLY,USDD,Salekhard Airport,RU-YAN,1.0,8917.0,218.0,RU,Salekhard,66.5907974243164,66.6110000610352
2702,airport,airport,HMA,USHH,Khanty Mansiysk Airport,RU-KHM,1.0,9180.0,76.0,RU,Khanty-Mansiysk,61.0284996032715,69.0860977172852
2703,airport,airport,NYA,USHN,Nyagan Airport,RU-KHM,1.0,8301.0,361.0,RU,Nyagan,62.1100006103516,65.6149978637695
2704,airport,airport,OVS,USHS,Sovetskiy Airport,RU-KHM,1.0,8209.0,351.0,RU,Sovetskiy,61.3266220092773,63.6019134521484
2705,airport,airport,URJ,USHU,Uray Airport,RU-KHM,1.0,7456.0,190.0,RU,Uray,60.1032981872559,64.8266983032227
2706,airport,airport,EYK,USHQ,Beloyarskiy Airport,RU-KHM,1.0,7028.0,82.0,RU,Beloyarskiy,63.6869010925,66.698600769
2707,airport,airport,IJK,USII,Izhevsk Airport,RU-UD,1.0,8202.0,531.0,RU,Izhevsk,56.8280982971191,53.4575004577637
2708,airport,airport,KVX,USKK,Pobedilovo Airport,RU-KIR,1.0,7228.0,479.0,RU,Kirov,58.5032997131348,49.3483009338379
2709,airport,airport,NYM,USMM,Nadym Airport,RU-YAN,1.0,8711.0,49.0,RU,Nadym,65.4809036254883,72.6988983154297
2710,airport,airport,NUX,USMU,Novy Urengoy Airport,RU-YAN,1.0,8366.0,210.0,RU,Novy Urengoy,66.0693969726562,76.5203018188477
2711,airport,airport,NJC,USNN,Nizhnevartovsk Airport,RU-KHM,1.0,10499.0,177.0,RU,Nizhnevartovsk,60.9492988586426,76.4835968017578
2712,airport,airport,KGP,USRK,Kogalym International Airport,RU-KHM,1.0,8225.0,220.0,RU,Kogalym,62.1903991699219,74.5337982177734
2713,airport,airport,NOJ,USRO,Noyabrsk Airport,RU-YAN,1.0,8222.0,446.0,RU,Noyabrsk,63.1833000183105,75.2699966430664
2714,airport,airport,SGC,USRR,Surgut Airport,RU-KHM,1.0,9154.0,200.0,RU,Surgut,61.3437004089355,73.4018020629883
2715,airport,airport,TJM,USTR,Roshchino International Airport,RU-TYU,2.0,9852.0,378.0,RU,Tyumen,57.1896018982,65.3243026733
2716,airport,airport,KRO,USUU,Kurgan Airport,RU-KGN,1.0,8533.0,240.0,RU,Kurgan,55.4752998352051,65.4156036376953
2717,airport,airport,TJU,UTDK,Kulob Airport,TJ-KT,1.0,9843.0,2293.0,TJ,Kulyab,37.9880981445312,69.8050003051758
2718,airport,airport,LBD,UTDL,Khudzhand Airport,TJ-SU,1.0,10450.0,1450.0,TJ,Khudzhand,40.2154006958008,69.6947021484375
2719,airport,airport,KQT,UTDT,Qurghonteppa International Airport,TJ-KT,1.0,7497.0,1473.0,TJ,Kurgan-Tyube,37.8664016723633,68.8647003173828
2720,airport,airport,AZN,UTFA,Andizhan Airport,UZ-AN,1.0,9770.0,1515.0,UZ,Andizhan,40.7276992798,72.2939987183
2721,airport,airport,FEG,UTFF,Fergana International Airport,UZ-FA,1.0,9383.0,1980.0,UZ,Fergana,40.3587989807,71.7450027466
2722,airport,airport,NMA,UTFN,Namangan Airport,UZ-NG,1.0,10698.0,1555.0,UZ,Namangan,40.9846000671,71.5567016602
2723,airport,airport,NCU,UTNN,Nukus Airport,UZ-QR,2.0,9175.0,246.0,UZ,Nukus,42.4883995056152,59.6232986450195
2724,airport,airport,NVI,UTSA,Navoi Airport,UZ-NW,1.0,9186.0,11420.0,UZ,Navoi,40.1171989440918,65.1707992553711
2725,airport,airport,BHK,UTSB,Bukhara Airport,UZ-BU,1.0,9843.0,751.0,UZ,Bukhara,39.7750015258789,64.4832992553711
2726,airport,airport,KSQ,UTSK,Karshi Khanabad Airport,UZ-QA,1.0,8195.0,1365.0,UZ,Khanabad,38.8335990906,65.9215011597
2727,airport,airport,SKD,UTSS,Samarkand Airport,UZ-SA,1.0,10170.0,2224.0,UZ,Samarkand,39.7005004882812,66.9838027954102
2728,airport,airport,TMJ,UTST,Termez Airport,UZ-SU,1.0,9843.0,1027.0,UZ,Termez,37.2867012023926,67.3099975585938
2729,airport,airport,IAR,UUDL,Tunoshna Airport,RU-YAR,1.0,9870.0,287.0,RU,Yaroslavl,57.5606994628906,40.157398223877
2730,airport,airport,EGO,UUOB,Belgorod International Airport,RU-BEL,2.0,7930.0,735.0,RU,Belgorod,50.643798828125,36.5900993347168
2731,airport,airport,URS,UUOK,Kursk East Airport,RU-KRS,1.0,8202.0,686.0,RU,Kursk,51.7505989074707,36.2956008911133
2732,airport,airport,TBW,UUOT,Donskoye Airport,RU-TAM,1.0,6890.0,413.0,RU,Tambov,52.8060989379883,41.4827995300293
2733,airport,airport,UCT,UUYH,Ukhta Airport,RU-KO,1.0,8714.0,482.0,RU,Ukhta,63.5668983459473,53.8046989440918
2734,airport,airport,VKT,UUYW,Vorkuta Airport,RU-KO,1.0,7218.0,604.0,RU,Vorkuta,67.4886016845703,63.9930992126465
2735,airport,airport,SCW,UUYY,Syktyvkar Airport,RU-KO,1.0,8203.0,342.0,RU,Syktyvkar,61.6469993591309,50.845100402832
2736,airport,airport,UUA,UWKB,Bugulma Airport,RU-TA,1.0,6561.0,991.0,RU,Bugulma,54.6399993896484,52.801700592041
2737,airport,airport,KZN,UWKD,Kazan International Airport,RU-TA,2.0,12218.0,411.0,RU,Kazan,55.606201171875,49.2787017822266
2738,airport,airport,NBC,UWKE,Begishevo Airport,RU-TA,2.0,8222.0,643.0,RU,Nizhnekamsk,55.5647010803223,52.0924987792969
2739,airport,airport,CSY,UWKS,Cheboksary Airport,RU-CU,2.0,8241.0,558.0,RU,Cheboksary,56.0903015136719,47.3473014831543
2740,airport,airport,ULV,UWLL,Ulyanovsk Baratayevka Airport,RU-ULY,1.0,12559.0,463.0,RU,Ulyanovsk,54.2682991028,48.2266998291
2741,airport,airport,REN,UWOO,Orenburg Central Airport,RU-ORE,1.0,8212.0,387.0,RU,Orenburg,51.7957992553711,55.4566993713379
2742,airport,airport,OSW,UWOR,Orsk Airport,RU-ORE,4.0,9550.0,909.0,RU,Orsk,51.0724983215332,58.5956001281738
2743,airport,airport,PEZ,UWPP,Penza Airport,RU-PNZ,1.0,9186.0,604.0,RU,Penza,53.1105995178223,45.0210990905762
2744,airport,airport,SKX,UWPS,Saransk Airport,RU-MO,1.0,9190.0,676.0,RU,Saransk,54.125129699707,45.2122573852539
2745,airport,airport,YIN,ZWYN,Yining Airport,CN-65,1.0,7874.0,2185.0,CN,Yining,43.9557991027832,81.3302993774414
2746,airport,airport,IXG,VOBM,Belgaum Airport,IN-KA,1.0,4786.0,2487.0,IN,Belgaum,15.8592996597,74.6183013916
2747,airport,airport,KCT,VCCK,Koggala Airport,LK-3,1.0,3142.0,10.0,LK,Galle,5.99368000030518,80.3202972412109
2748,airport,airport,GIU,VCCS,Sigiriya Air Force Base,LK-2,1.0,5925.0,630.0,LK,Sigiriya,7.95666980743,80.7285003662
2749,airport,airport,HRI,VCRI,Mattala Rajapaksa International Airport,LK-3,1.0,11483.0,157.0,LK,Mattala,6.284467,81.124128
2750,airport,airport,KOS,VDSV,Sihanoukville International Airport,KH-18,1.0,4251.0,33.0,KH,Sihanukville,10.57970047,103.637001038
2751,airport,airport,IXA,VEAT,Agartala Airport,IN-TR,2.0,7500.0,46.0,IN,Agartala,23.8869991302,91.2404022217
2752,airport,airport,SHL,VEBI,Shillong Airport,IN-ML,1.0,6000.0,2910.0,IN,Shillong,25.7035999298096,91.9786987304688
2753,airport,airport,IMF,VEIM,Imphal Airport,IN-MN,1.0,9009.0,2540.0,IN,Imphal,24.7600002289,93.896697998
2754,airport,airport,IXS,VEKU,Silchar Airport,IN-AS,1.0,5993.0,352.0,IN,Silchar,24.9129009247,92.9786987305
2755,airport,airport,AJL,VELP,Lengpui Airport,IN-MZ,1.0,8202.0,1398.0,IN,Aizawl,23.8405990601,92.6196975708
2756,airport,airport,DMU,VEMR,Dimapur Airport,IN-NL,1.0,7513.0,487.0,IN,Dimapur,25.8838996887,93.7711029053
2757,airport,airport,BZL,VGBR,Barisal Airport,BD-1,1.0,5995.0,23.0,BD,Barisal,22.8010005950928,90.3012008666992
2758,airport,airport,CXB,VGCB,Cox's Bazar Airport,BD-2,1.0,6790.0,12.0,BD,Cox's Bazar,21.4521999359131,91.9638977050781
2759,airport,airport,JSR,VGJR,Jessore Airport,BD-4,1.0,8000.0,20.0,BD,Jashahor,23.1837997436523,89.1607971191406
2760,airport,airport,SPD,VGSD,Saidpur Airport,BD-5,1.0,6000.0,125.0,BD,Saidpur,25.7591991424561,88.9088973999023
2761,airport,airport,HOE,VLHS,Ban Huoeisay Airport,LA-BK,1.0,4922.0,1380.0,LA,Huay Xai,20.2572994232,100.43699646
2762,airport,airport,LPQ,VLLB,Luang Phabang International Airport,LA-LP,1.0,7218.0,955.0,LA,Luang Phabang,19.8973007202148,102.161003112793
2763,airport,airport,LXG,VLLN,Luang Namtha Airport,LA-LM,1.0,4429.0,1968.0,LA,Luang Namtha,20.9669990539551,101.400001525879
2764,airport,airport,ODY,VLOS,Oudomsay Airport,LA-OU,1.0,3937.0,1804.0,LA,Oudomsay,20.6826992034912,101.994003295898
2765,airport,airport,PKZ,VLPS,Pakse International Airport,LA-CH,1.0,5332.0,351.0,LA,Pakse,15.1321001052856,105.78099822998
2766,airport,airport,ZVK,VLSK,Savannakhet Airport,LA-SV,1.0,5358.0,509.0,LA,Savannakhet,16.5566005706787,104.76000213623
2767,airport,airport,XKH,VLXK,Xieng Khouang Airport,LA-XI,1.0,8555.0,3445.0,LA,Xieng Khouang,19.4500007629395,103.157997131348
2768,airport,airport,VDH,VVDH,Dong Hoi Airport,VN-24,1.0,7874.0,59.0,VN,Dong Hoi,17.515,106.590556
2769,airport,airport,BHR,VNBP,Bharatpur Airport,NP-NA,1.0,3799.0,600.0,NP,Bharatpur,27.6781005859375,84.4293975830078
2770,airport,airport,BWA,VNBW,Bhairahawa Airport,NP-LU,1.0,5000.0,358.0,NP,Bhairawa,27.5056991577148,83.4162979125977
2771,airport,airport,BDP,VNCG,Bhadrapur Airport,NP-ME,1.0,3965.0,300.0,NP,Bhadrapur,26.5708007812,88.0795974731
2772,airport,airport,DHI,VNDH,Dhangarhi Airport,NP-BH,1.0,5000.0,690.0,NP,Dhangarhi,28.7532997131348,80.581901550293
2773,airport,airport,JKR,VNJP,Janakpur Airport,NP-JA,1.0,3300.0,256.0,NP,Janakpur,26.7087993622,85.9224014282
2774,airport,airport,KEP,VNNG,Nepalgunj Airport,NP-BH,1.0,4935.0,540.0,NP,Nepalgunj,28.1035995483398,81.6669998168945
2775,airport,airport,PKR,VNPK,Pokhara Airport,NP-GA,1.0,4720.0,2712.0,NP,Pokhara,28.2008991241455,83.9821014404297
2776,airport,airport,TMI,VNTR,Tumling Tar Airport,NP-KO,1.0,4000.0,1700.0,NP,Tumling Tar,27.3150005340576,87.1932983398438
2777,airport,airport,BIR,VNVT,Biratnagar Airport,NP-KO,1.0,4937.0,236.0,NP,Biratnagar,26.4815006256104,87.2639999389648
2778,airport,airport,AGX,VOAT,Agatti Airport,IN-LD,1.0,4235.0,14.0,IN,Agatti Island,10.8236999511719,72.1760025024414
2779,airport,airport,VGA,VOBZ,Vijayawada Airport,IN-AP,1.0,7900.0,82.0,IN,Vijayawada,16.5303993225098,80.7967987060547
2780,airport,airport,IXM,VOMD,Madurai Airport,IN-TN,2.0,5990.0,459.0,IN,Madurai,9.83450984955,78.0933990479
2781,airport,airport,MYQ,VOMY,Mysore Airport,IN-KA,1.0,4421.0,2349.0,IN,Mysore,12.3072004318237,76.6496963500977
2782,airport,airport,IXZ,VOPB,Vir Savarkar International Airport,IN-AN,1.0,10795.0,14.0,IN,Port Blair,11.6412000656128,92.7296981811523
2783,airport,airport,RJA,VORY,Rajahmundry Airport,IN-AP,1.0,5710.0,151.0,IN,Rajahmundry,17.1103992462,81.8181991577
2784,airport,airport,TIR,VOTP,Tirupati Airport,IN-AP,1.0,7500.0,350.0,IN,Tirupati,13.6324996948,79.543296814
2785,airport,airport,PBH,VQPR,Paro Airport,BT-11,1.0,6445.0,7332.0,BT,Paro,27.4032001495,89.4245986938
2786,airport,airport,FVM,VRMR,Fuvahmulah Airport,MV-29,1.0,3609.0,6.0,MV,Fuvahmulah Island,-0.309722222222,73.435
2787,airport,airport,GAN,VRMG,Gan International Airport,MV-01,1.0,8694.0,6.0,MV,Gan,-0.693341970443726,73.1556015014648
2788,airport,airport,HAQ,VRMH,Hanimaadhoo Airport,MV-23,1.0,4003.0,4.0,MV,Haa Dhaalu Atoll,6.74422979354858,73.1705017089844
2789,airport,airport,KDO,VRMK,Kadhdhoo Airport,MV-05,1.0,4003.0,4.0,MV,Kadhdhoo,1.85916996002197,73.5218963623047
2790,airport,airport,GKK,VRMO,Kooddoo Airport,MV-27,1.0,3901.0,29.0,MV,Huvadhu Atoll,0.7324,73.4336
2791,airport,airport,KDM,VRMT,Kaadedhdhoo Airport,MV-28,1.0,4003.0,2.0,MV,Huvadhu Atoll,0.488130986690521,72.9969024658203
2792,airport,airport,TDX,VTBO,Trat Airport,TH-23,1.0,4950.0,105.0,TH,Trat,12.274600029,102.319000244
2793,airport,airport,UTP,VTBU,U-Tapao International Airport,TH-21,1.0,11500.0,42.0,TH,Rayong,12.6799001693726,101.004997253418
2794,airport,airport,HGN,VTCH,Mae Hong Son Airport,TH-58,1.0,6562.0,929.0,TH,Mae Hong Son,19.3013000488281,97.9757995605469
2795,airport,airport,PYY,VTCI,Pai Airport,TH-58,1.0,3018.0,1271.0,TH,Pai,19.3719997406,98.43699646
2796,airport,airport,LPT,VTCL,Lampang Airport,TH-52,1.0,6465.0,811.0,TH,Lampang,18.2709007263184,99.5042037963867
2797,airport,airport,NNT,VTCN,Nan Airport,TH-55,1.0,6562.0,685.0,TH,Nan,18.8078994750977,100.782997131348
2798,airport,airport,PRH,VTCP,Phrae Airport,TH-54,1.0,4921.0,538.0,TH,Phrae,18.1322002410889,100.165000915527
2799,airport,airport,CEI,VTCT,Chiang Rai International Airport,TH-57,1.0,9843.0,1280.0,TH,Chiang Rai,19.952299118,99.8828964233
2800,airport,airport,MAQ,VTPM,Mae Sot Airport,TH-63,1.0,4921.0,690.0,TH,Mae Sot,16.6998996734619,98.5450973510742
2801,airport,airport,THS,VTPO,Sukhothai Airport,TH-64,1.0,6890.0,179.0,TH,Sukhothai,17.238000869751,99.8181991577148
2802,airport,airport,PHS,VTPP,Phitsanulok Airport,TH-65,1.0,9843.0,154.0,TH,Phitsanulok,16.7828998565674,100.278999328613
2803,airport,airport,URT,VTSB,Surat Thani Airport,TH-84,1.0,9843.0,20.0,TH,Surat Thani,9.13259983063,99.135597229
2804,airport,airport,NAW,VTSC,Narathiwat Airport,TH-96,1.0,6562.0,16.0,TH,Narathiwat,6.51991987228394,101.74299621582
2805,airport,airport,CJM,VTSE,Chumphon Airport,TH-86,1.0,6890.0,18.0,TH,Chumphon,10.711199760437,99.361701965332
2806,airport,airport,NST,VTSF,Nakhon Si Thammarat Airport,TH-80,1.0,6890.0,13.0,TH,Nakhon Si Thammarat,8.5396203994751,99.9447021484375
2807,airport,airport,URC,ZWWW,Ürümqi Diwopu International Airport,CN-65,1.0,11811.0,2125.0,CN,Ürümqi,43.9071006774902,87.4741973876953
2808,airport,airport,UNN,VTSR,Ranong Airport,TH-85,1.0,6562.0,57.0,TH,Ranong,9.77762031555176,98.5855026245117
2809,airport,airport,TST,VTST,Trang Airport,TH-92,1.0,6890.0,67.0,TH,Trang,7.50873994827271,99.6166000366211
2810,airport,airport,UTH,VTUD,Udon Thani Airport,TH-41,1.0,10000.0,579.0,TH,Udon Thani,17.3864002228,102.788002014
2811,airport,airport,SNO,VTUI,Sakon Nakhon Airport,TH-47,1.0,8530.0,529.0,TH,Sakon Nakhon Airport,17.1951007843018,104.119003295898
2812,airport,airport,KKC,VTUK,Khon Kaen Airport,TH-40,1.0,10007.0,670.0,TH,Khon Kaen,16.4666004181,102.783996582
2813,airport,airport,LOE,VTUL,Loei Airport,TH-42,1.0,6890.0,860.0,TH,Loei,17.4391002655029,101.72200012207
2814,airport,airport,BFV,VTUO,Buri Ram Airport,TH-31,1.0,6890.0,590.0,TH,Buri Ram,15.2294998168945,103.252998352051
2815,airport,airport,UBP,VTUU,Ubon Ratchathani Airport,TH-34,1.0,9848.0,406.0,TH,Ubon Ratchathani,15.2512998581,104.870002747
2816,airport,airport,ROI,VTUV,Roi Et Airport,TH-45,1.0,6890.0,451.0,TH,Roi Et,16.1168003082275,103.774002075195
2817,airport,airport,KOP,VTUW,Nakhon Phanom Airport,TH-48,1.0,8203.0,587.0,TH,Nakhon Phanom,17.3838005065918,104.642997741699
2818,airport,airport,BMV,VVBM,Buon Ma Thuot Airport,VN-33,1.0,9843.0,1729.0,VN,Buon Ma Thuot,12.668299675,108.120002747
2819,airport,airport,VCL,VVCA,Chu Lai International Airport,VN-29,1.0,10300.0,10.0,VN,Dung Quat Bay,15.4033002853,108.706001282
2820,airport,airport,HPH,VVCI,Cat Bi International Airport,VN-61,1.0,7880.0,6.0,VN,Haiphong,20.8194007873535,106.724998474121
2821,airport,airport,CAH,VVCM,Cà Mau Airport,VN-59,1.0,4921.0,6.0,VN,Ca Mau City,9.17766666667,105.177777778
2822,airport,airport,CXR,VVCR,Cam Ranh Airport,VN-34,1.0,10000.0,40.0,VN,Nha Trang,11.9982004165649,109.21900177002
2823,airport,airport,VCS,VVCS,Co Ong Airport,VN-14,1.0,6046.0,20.0,VN,Con Ong,8.73182964325,106.633003235
2824,airport,airport,VCA,VVCT,Can Tho International Airport,VN-02,1.0,7886.0,9.0,VN,Can Tho,10.085100174,105.711997986
2825,airport,airport,DIN,VVDB,Dien Bien Phu Airport,VN-01,1.0,6003.0,1611.0,VN,Dien Bien Phu,21.3974990845,103.008003235
2826,airport,airport,DLI,VVDL,Lien Khuong Airport,VN-35,1.0,10663.0,3156.0,VN,Dalat,11.75,108.366996765137
2827,airport,airport,HUI,VVPB,Phu Bai Airport,VN-56,1.0,8775.0,48.0,VN,Hue,16.4015007019,107.70300293
2828,airport,airport,UIH,VVPC,Phu Cat Airport,VN-31,1.0,10010.0,80.0,VN,Quy Nohn,13.9549999237,109.041999817
2829,airport,airport,PXU,VVPK,Pleiku Airport,VN-30,1.0,5960.0,2434.0,VN,Pleiku,14.0045003890991,108.016998291016
2830,airport,airport,PQC,VVPQ,Phu Quoc Airport,VN-47,1.0,6900.0,23.0,VN,Duong Dong,10.2270002365,103.967002869
2831,airport,airport,VKG,VVRG,Rach Gia Airport,VN-47,1.0,4921.0,7.0,VN,Rach Gia,9.95802997234,105.132379532
2832,airport,airport,TBB,VVTH,Dong Tac Airport,VN-49,3.0,9520.0,20.0,VN,Tuy Hoa,13.0495996475,109.333999634
2833,airport,airport,VII,VVVH,Vinh Airport,VN-26,1.0,7875.0,23.0,VN,Vinh,18.7376003265,105.67099762
2834,airport,airport,NYU,VYBG,Bagan Airport,MM-04,1.0,8500.0,312.0,MM,Nyaung U,21.1788005828857,94.9301986694336
2835,airport,airport,TVY,VYDW,Dawei Airport,MM-05,1.0,7005.0,84.0,MM,Dawei,14.1038999557495,98.2035980224609
2836,airport,airport,NYT,VYEL,Naypyidaw Airport,MM-04,1.0,12000.0,302.0,MM,Pyinmana,19.623500824,96.2009963989
2837,airport,airport,HEH,VYHH,Heho Airport,MM-17,1.0,8500.0,3858.0,MM,Heho,20.7469997406006,96.7919998168945
2838,airport,airport,KYP,VYKP,Kyaukpyu Airport,MM-16,1.0,4600.0,20.0,MM,Kyaukpyu,19.426399230957,93.534797668457
2839,airport,airport,MDL,VYMD,Mandalay International Airport,MM-04,1.0,14003.0,300.0,MM,Mandalay,21.7021999359131,95.977897644043
2840,airport,airport,MYT,VYMK,Myitkyina Airport,MM-11,1.0,6100.0,475.0,MM,Myitkyina,25.3836002349854,97.3518981933594
2841,airport,airport,AKY,VYSW,Sittwe Airport,MM-16,1.0,6001.0,27.0,MM,Sittwe,20.1326999664307,92.8725967407227
2842,airport,airport,SNW,VYTD,Thandwe Airport,MM-16,1.0,5502.0,20.0,MM,Thandwe,18.4606990814209,94.3001022338867
2843,airport,airport,THL,VYTL,Tachileik Airport,MM-17,1.0,7002.0,1280.0,MM,Tachileik,20.4838008880615,99.9354019165039
2844,airport,airport,MJU,WAWJ,Tampa Padang Airport,ID-SN,1.0,6726.0,49.0,ID,Mamuju-Celebes Island,-2.583333,119.033333
2845,airport,airport,BIK,WABB,Frans Kaisiepo Airport,ID-PA,1.0,11715.0,46.0,ID,Biak-Supiori Island,-1.19001996517181,136.108001708984
2846,airport,airport,TIM,WABP,Moses Kilangin Airport,ID-PA,1.0,7841.0,103.0,ID,Timika-Papua Island,-4.52827978134155,136.886993408203
2847,airport,airport,BMU,WADB,Muhammad Salahuddin Airport,ID-NB,1.0,5405.0,3.0,ID,Bima-Sumbawa Island,-8.53964996337891,118.686996459961
2848,airport,airport,TMC,WADT,Tambolaka Airport,ID-NT,1.0,5905.0,161.0,ID,Waikabubak-Sumba Island,-9.4097204208374,119.244003295898
2849,airport,airport,WGP,WADW,Waingapu Airport,ID-NT,1.0,5415.0,33.0,ID,Waingapu-Sumba Island,-9.6692199707,120.302001953
2850,airport,airport,DJJ,WAJJ,Sentani Airport,ID-PA,1.0,7161.0,289.0,ID,Jayapura-Papua Island,-2.57695007324219,140.516006469727
2851,airport,airport,BEJ,WALK,Barau(Kalimaru) Airport,ID-KI,1.0,4625.0,59.0,ID,Tanjung Redep-Borneo Island,2.15549993515,117.431999207
2852,airport,airport,TRK,WALR,Juwata Airport,ID-U-A,1.0,7382.0,23.0,ID,Tarakan Island,3.32666666667,117.569444444
2853,airport,airport,GTO,WAMG,Jalaluddin Airport,ID-GO,1.0,7407.0,105.0,ID,Gorontalo-Celebes Island,0.63711899519,122.849998474
2854,airport,airport,NAH,WAMH,Naha Airport,ID-SA,1.0,3597.0,16.0,ID,Tahuna-Sangihe Island,3.68320989608765,125.52799987793
2855,airport,airport,KAZ,WAMK,Kao Airport,ID-MU,1.0,2963.0,27.0,ID,Kao-Celebes Island,1.1852799654007,127.896003723145
2856,airport,airport,PLW,WAML,Mutiara Airport,ID-ST,1.0,6781.0,284.0,ID,Palu-Celebes Island,-0.91854202747345,119.910003662109
2857,airport,airport,MNA,WAMN,Melangguane Airport,ID-SA,1.0,8858.0,3.0,ID,Karakelong Island,4.00693988800049,126.672996520996
2858,airport,airport,PSJ,WAMP,Kasiguncu Airport,ID-ST,1.0,3650.0,174.0,ID,Poso-Celebes Island,-1.41674995422,120.657997131
2859,airport,airport,TTE,WAMT,Sultan Khairun Babullah Airport,ID-MU,1.0,5875.0,49.0,ID,Sango-Ternate Island,0.831413984298706,127.380996704102
2860,airport,airport,LUW,WAMW,Bubung Airport,ID-ST,1.0,4258.0,56.0,ID,Luwok-Celebes Island,-1.03892004489899,122.772003173828
2861,airport,airport,PKN,WAOI,Iskandar Airport,ID-KT,1.0,5415.0,75.0,ID,Pangkalanbun-Borneo Island,-2.70519995689,111.672996521
2862,airport,airport,KBU,WAOK,Stagen Airport,ID-KS,1.0,4593.0,4.0,ID,Laut Island,-3.2947199344635,116.165000915527
2863,airport,airport,BDJ,WAOO,Syamsudin Noor Airport,ID-KS,1.0,8202.0,66.0,ID,Banjarmasin-Borneo Island,-3.44235992431641,114.763000488281
2864,airport,airport,PKY,WAOP,Tjilik Riwut Airport,ID-U-A,1.0,6890.0,82.0,ID,Palangkaraya-Kalimantan Tengah,-2.22513008118,113.943000793
2865,airport,airport,AMQ,WAPP,"Pattimura Airport, Ambon",ID-ML,1.0,8202.0,33.0,ID,Ambon,-3.7102599144,128.089004517
2866,airport,airport,MLG,WARA,Abdul Rachman Saleh Airport,ID-JI,2.0,6464.0,1726.0,ID,Malang-Java Island,-7.92655992508,112.714996338
2867,airport,airport,MKW,WASR,Rendani Airport,ID-IJ,1.0,6576.0,23.0,ID,Manokwari-Papua Island,-0.891833007335663,134.04899597168
2868,airport,airport,SOQ,WASS,Sorong (Jefman) Airport,ID-IJ,1.0,5414.0,10.0,ID,Sorong-Papua Island,-0.926357984542847,131.121002197266
2869,airport,airport,MOF,WATC,Maumere(Wai Oti) Airport,ID-NT,1.0,5980.0,115.0,ID,Maumere-Flores Island,-8.64064979553,122.236999512
2870,airport,airport,LBJ,WATO,Komodo (Mutiara II) Airport,ID-NT,1.0,4570.0,66.0,ID,Labuan Bajo-Flores Island,-8.48666000366211,119.888999938965
2871,airport,airport,KOE,WATT,El Tari Airport,ID-NT,2.0,8202.0,335.0,ID,Kupang-Timor Island,-10.1716003417969,123.670997619629
2872,airport,airport,BUW,WAWB,Betoambari Airport,ID-SG,1.0,3445.0,164.0,ID,Bau Bau-Butung Island,-5.48687982559204,122.569000244141
2873,airport,airport,KDI,WAWW,Wolter Monginsidi Airport,ID-SG,1.0,6890.0,538.0,ID,Kendari-Celebes Island,-4.08161020278931,122.417999267578
2874,airport,airport,WBB,none,Stebbins Airport,US-AK,1.0,2999.0,19.0,US,Stebbins,63.5159988403,-162.277999878
2875,airport,airport,BTU,WBGB,Bintulu Airport,MY-13,1.0,9006.0,74.0,MY,Bintulu,3.12385010719,113.019996643
2876,airport,airport,LGL,WBGF,Long Lellang Airport,MY-13,1.0,2559.0,1400.0,MY,Long Datih,3.42100000381,115.153999329
2877,airport,airport,ODN,WBGI,Long Seridan Airport,MY-13,1.0,1798.0,607.0,MY,Long Seridan,3.96700000762939,115.050003051758
2878,airport,airport,LMN,WBGJ,Limbang Airport,MY-13,1.0,4922.0,14.0,MY,Limbang,4.80830001831055,115.01000213623
2879,airport,airport,MKM,WBGK,Mukah Airport,MY-13,1.0,3599.0,13.0,MY,Mukah,2.90638995170593,112.080001831055
2880,airport,airport,LKH,WBGL,Long Akah Airport,MY-13,1.0,2231.0,289.0,MY,Long Akah,3.29999995231628,114.782997131348
2881,airport,airport,MUR,WBGM,Marudi Airport,MY-13,1.0,3274.0,103.0,MY,Marudi,4.17897987365723,114.329002380371
2882,airport,airport,SBW,WBGS,Sibu Airport,MY-13,1.0,9036.0,122.0,MY,Sibu,2.26160001754761,111.985000610352
2883,airport,airport,TGC,WBGT,Tanjung Manis Airport,MY-13,1.0,4912.0,15.0,MY,Tanjung Manis,2.17783999443054,111.202003479004
2884,airport,airport,LWY,WBGW,Lawas Airport,MY-13,1.0,2251.0,5.0,MY,Lawas,4.84917020797729,115.407997131348
2885,airport,airport,BBN,WBGZ,Bario Airport,MY-13,1.0,2198.0,3350.0,MY,Bario,3.73389005661011,115.478996276855
2886,airport,airport,LDU,WBKD,Lahad Datu Airport,MY-12,1.0,4498.0,45.0,MY,Lahad Datu,5.03224992752075,118.323997497559
2887,airport,airport,LBU,WBKL,Labuan Airport,MY-15,1.0,7546.0,101.0,MY,Labuan,5.30068016052246,115.25
2888,airport,airport,SDK,WBKS,Sandakan Airport,MY-12,1.0,7000.0,46.0,MY,Sandakan,5.90089988708496,118.05899810791
2889,airport,airport,KUD,WBKT,Kudat Airport,MY-12,1.0,2395.0,10.0,MY,Kudat,6.9225001335144,116.835998535156
2890,airport,airport,TWU,WBKW,Tawau Airport,MY-12,1.0,8800.0,57.0,MY,Tawau,4.32015991210938,118.127998352051
2891,airport,airport,MZV,WBMU,Mulu Airport,MY-13,1.0,4921.0,80.0,MY,Mulu,4.04832983016968,114.805000305176
2892,airport,airport,TKG,WICT,Radin Inten II (Branti) Airport,ID-LA,1.0,6070.0,282.0,ID,Bandar Lampung-Sumatra Island,-5.240556,105.175556
2893,airport,airport,BTH,WIDD,Hang Nadim International Airport,ID-RI,1.0,13270.0,126.0,ID,Batam Island,1.12102997303,104.119003296
2894,airport,airport,TNJ,WIDN,Raja Haji Fisabilillah International Airport,ID-RI,1.0,7380.0,52.0,ID,Tanjung Pinang-Bintan Island,0.922683000565,104.531997681
2895,airport,airport,KHG,ZWSH,Kashgar Airport,CN-65,1.0,10499.0,4529.0,CN,Kashgar,39.5429000854,76.0199966431
2896,airport,airport,TJQ,WIOD,Buluh Tumbang (H A S Hanandjoeddin) Airport,ID-BB,1.0,6065.0,164.0,ID,Tanjung Pandan-Belitung Island,-2.74571990967,107.754997253
2897,airport,airport,PNK,WIOO,Supadio Airport,ID-KB,1.0,7380.0,10.0,ID,Pontianak-Borneo Island,-0.150710999965668,109.403999328613
2898,airport,airport,DJB,WIPA,Sultan Thaha Airport,ID-JA,1.0,6562.0,82.0,ID,Jambi-Sumatra Island,-1.63802003860474,103.643997192383
2899,airport,airport,PGK,WIPK,Pangkal Pinang (Depati Amir) Airport,ID-BB,1.0,6550.0,109.0,ID,Pangkal Pinang-Palaubangka Island,-2.16219997406,106.138999939
2900,airport,airport,BKS,WIPL,Padang Kemiling (Fatmawati Soekarno) Airport,ID-BE,1.0,7345.0,50.0,ID,Bengkulu-Sumatra Island,-3.8636999130249,102.338996887207
2901,airport,airport,PDG,WIPT,Minangkabau Airport,ID-SB,1.0,9020.0,18.0,ID,Ketaping/Padang-Sumatra Island,-0.786916971206665,100.28099822998
2902,airport,airport,BTJ,WITT,Sultan Iskandar Muda International Airport,ID-AC,1.0,9843.0,65.0,ID,Banda Aceh,5.52287202401,95.4206371307
2903,airport,airport,AOR,WMKA,Sultan Abdul Halim Airport,MY-02,1.0,9005.0,15.0,MY,Alor Satar,6.18967008590698,100.398002624512
2904,airport,airport,KTE,WMKE,Kerteh Airport,MY-11,1.0,4446.0,18.0,MY,Kerteh,4.5372200012207,103.427001953125
2905,airport,airport,JHB,WMKJ,Senai International Airport,MY-01,1.0,12467.0,135.0,MY,Senai,1.64130997657776,103.669998168945
2906,airport,airport,AUU,YAUR,Aurukun Airport,AU-QLD,1.0,4140.0,31.0,AU,Aurukun Mission,-13.3538999557,141.720993042
2907,airport,airport,ABM,YBAM,Bamaga Injinoo Airport,AU-QLD,1.0,5462.0,34.0,AU,Bamaga,-10.9507999420166,142.458999633789
2908,airport,airport,BQL,YBOU,Boulia Airport,AU-QLD,1.0,4180.0,542.0,AU,Boulia,-22.9132995605469,139.899993896484
2909,airport,airport,WEI,YBWP,Weipa Airport,AU-QLD,1.0,5397.0,63.0,AU,Weipa,-12.6786003113,141.925003052
2910,airport,airport,CPD,YCBP,Coober Pedy Airport,AU-SA,2.0,4685.0,740.0,AU,Coober Pedy,-29.0400009155273,134.720993041992
2911,airport,airport,CED,YCDU,Ceduna Airport,AU-SA,2.0,5709.0,77.0,AU,Ceduna,-32.1305999755859,133.710006713867
2912,airport,airport,CUQ,YCOE,Coen Airport,AU-QLD,1.0,4107.0,532.0,AU,Coen,-13.7608003616333,143.113998413086
2913,airport,airport,DMD,YDMG,Doomadgee Airport,AU-QLD,1.0,5433.0,153.0,AU,Doomadgee,-17.940299987793,138.822006225586
2914,airport,airport,FLS,YFLI,Flinders Island Airport,AU-TAS,2.0,5643.0,10.0,AU,Flinders Island,-40.0917015076,147.992996216
2915,airport,airport,GFN,YGFN,Grafton Airport,AU-NSW,1.0,5607.0,110.0,AU,Grafton,-29.7593994140625,153.029998779297
2916,airport,airport,GTE,YGTE,Groote Eylandt Airport,AU-NT,1.0,6237.0,53.0,AU,Groote Eylandt,-13.9750003815,136.460006714
2917,airport,airport,HID,YHID,Horn Island Airport,AU-QLD,2.0,4557.0,43.0,AU,Horn Island,-10.586400032,142.289993286
2918,airport,airport,JCK,YJLC,Julia Creek Airport,AU-QLD,1.0,4600.0,404.0,AU,Julia Creek,-20.6683006286621,141.723007202148
2919,airport,airport,KWM,YKOW,Kowanyama Airport,AU-QLD,1.0,4528.0,35.0,AU,Kowanyama,-15.4856004714966,141.751007080078
2920,airport,airport,KGC,YKSC,Kingscote Airport,AU-SA,3.0,4600.0,24.0,AU,Kingscote,-35.7139015197754,137.52099609375
2921,airport,airport,IRG,YLHR,Lockhart River Airport,AU-QLD,1.0,4919.0,77.0,AU,Lockhart River,-12.7868995666504,143.304992675781
2922,airport,airport,MNG,YMGD,Maningrida Airport,AU-NT,1.0,5020.0,123.0,AU,Maningrida,-12.0560998917,134.23399353
2923,airport,airport,MCV,YMHU,McArthur River Mine Airport,AU-NT,1.0,4931.0,131.0,AU,McArthur River Mine,-16.4424991608,136.083999634
2924,airport,airport,NTN,YNTN,Normanton Airport,AU-QLD,1.0,5499.0,73.0,AU,Normanton,-17.6835994720459,141.070007324219
2925,airport,airport,OLP,YOLD,Olympic Dam Airport,AU-SA,1.0,5220.0,343.0,AU,Olympic Dam,-30.4850006104,136.876998901
2926,airport,airport,PUG,YPAG,Port Augusta Airport,AU-SA,1.0,5413.0,56.0,AU,Port Augusta,-32.5069007873535,137.716995239258
2927,airport,airport,CCK,YPCC,Cocos (Keeling) Islands Airport,CC-U-A,1.0,7999.0,10.0,CC,Cocos (Keeling) Islands,-12.1883001328,96.8339004517
2928,airport,airport,GOV,YPGV,Gove Airport,AU-NT,1.0,7244.0,192.0,AU,Nhulunbuy,-12.2693996429,136.817993164
2929,airport,airport,PLO,YPLC,Port Lincoln Airport,AU-SA,3.0,4918.0,36.0,AU,Port Lincoln,-34.6053009033,135.880004883
2930,airport,airport,EDR,YPMP,Pormpuraaw Airport,AU-QLD,1.0,4462.0,10.0,AU,Edward River,-14.8966999053955,141.608993530273
2931,airport,airport,ULP,YQLP,Quilpie Airport,AU-QLD,2.0,4898.0,655.0,AU,Quilpie,-26.6121997833252,144.253005981445
2932,airport,airport,SGO,YSGE,St George Airport,AU-QLD,1.0,4987.0,656.0,AU,St George,-28.0496997833252,148.595001220703
2933,airport,airport,WYA,YWHA,Whyalla Airport,AU-SA,2.0,5531.0,41.0,AU,Whyalla,-33.0588989257812,137.514007568359
2934,airport,airport,KBC,none,Birch Creek Airport,US-AK,1.0,4000.0,450.0,US,Birch Creek,66.2740020752,-145.824005127
2935,airport,airport,HDG,ZBHD,Handan Airport,CN-42,1.0,7218.0,229.0,CN,Handan,36.5258333333,114.425555556
2936,airport,airport,SHP,ZBSH,Shanhaiguan Airport,CN-13,1.0,8005.0,30.0,CN,Qinhuangdao,39.9681015015,119.731002808
2937,airport,airport,SJW,ZBSJ,Shijiazhuang Daguocun International Airport,CN-13,1.0,11155.0,233.0,CN,Shijiazhuang,38.2807006835938,114.696998596191
2938,airport,airport,HJJ,ZGCJ,Zhijiang Airport,CN-43,1.0,6562.0,882.0,CN,Huaihua,27.4411111111,109.7
2939,airport,airport,LLF,ZGLG,Lingling Airport,CN-43,1.0,8530.0,340.0,CN,Yongzhou,26.338661,111.610043
2940,airport,airport,WUZ,ZGWZ,Changzhoudao Airport,CN-45,1.0,5906.0,89.0,CN,Wuzhou,23.4566993713379,111.248001098633
2941,airport,airport,ENH,ZHES,Enshi Airport,CN-42,1.0,6890.0,1605.0,CN,Enshi,30.3202991486,109.48500061
2942,airport,airport,NNY,ZHNY,Nanyang Airport,CN-41,1.0,9186.0,407.0,CN,Nanyang,32.9808006286621,112.61499786377
2943,airport,airport,DNH,ZLDH,Dunhuang Airport,CN-62,1.0,9186.0,3697.0,CN,Dunhuang,40.1610984802246,94.809196472168
2944,airport,airport,GOQ,ZLGM,Golmud Airport,CN-63,1.0,15748.0,9337.0,CN,Golmud,36.4006004333496,94.7861022949219
2945,airport,airport,JGN,ZLJQ,Jiayuguan Airport,CN-62,1.0,9834.0,118.0,CN,Jiayuguan,39.8568992615,98.3414001465
2946,airport,airport,IQN,ZLQY,Qingyang Airport,CN-62,1.0,5791.0,4593.0,CN,Qingyang,35.7997016906738,107.602996826172
2947,airport,airport,GXH,ZLXH,Gannan Xiahe Airport,CN-62,1.0,10499.0,10510.0,CN,Xiahe,34.8105,102.6447
2948,airport,airport,BYN,ZMBH,Bayankhongor Airport,MN-069,2.0,9186.0,6085.0,MN,Bayankhongor,46.1632995605469,100.704002380371
2949,airport,airport,COQ,ZMCD,Choibalsan Airport,MN-061,1.0,8530.0,2457.0,MN,Choibalsan,48.1357002258301,114.646003723145
2950,airport,airport,ULZ,ZMDN,Donoi Airport,MN-057,1.0,10498.0,5800.0,MN,Uliastai,47.7093,96.5258
2951,airport,airport,DLZ,ZMDZ,Dalanzadgad Airport,MN-053,1.0,7545.0,4787.0,MN,Dalanzadgad,43.5917015075684,104.430000305176
2952,airport,airport,HVD,ZMKD,Khovd Airport,MN-043,3.0,9352.0,4898.0,MN,Khovd,47.9541015625,91.6281967163086
2953,airport,airport,MXV,ZMMN,Mörön Airport,MN-041,1.0,8005.0,4272.0,MN,Mörön,49.6632995605469,100.098999023438
2954,airport,airport,ULO,ZMUG,Ulaangom Airport,MN-046,1.0,6234.0,3068.0,MN,Ulaangom,49.973333,92.079722
2955,airport,airport,ULG,ZMUL,Olgii Mongolei Airport,MN-071,1.0,7874.0,5732.0,MN,Olgii,48.9933013916,89.9225006104
2956,airport,airport,DLU,ZPDL,Dali Airport,CN-53,1.0,8202.0,7050.0,CN,Xiaguan,25.6494007110596,100.319000244141
2957,airport,airport,DIG,ZPDQ,Diqing Airport,CN-53,1.0,11811.0,10761.0,CN,Shangri-La,27.7936000823975,99.6772003173828
2958,airport,airport,JHG,ZPJH,Xishuangbanna Gasa Airport,CN-53,1.0,7218.0,1815.0,CN,Jinghong,21.9738998413086,100.76000213623
2959,airport,airport,SYM,ZPSM,Simao Airport,CN-53,1.0,8104.0,4255.0,CN,Simao,22.7933006286621,100.958999633789
2960,airport,airport,ZAT,ZPZT,Zhaotong Airport,CN-53,1.0,8465.0,6300.0,CN,Zhaotong,27.3255996704102,103.754997253418
2961,airport,airport,JUZ,ZSJU,Quzhou Airport,CN-33,1.0,6234.0,220.0,CN,Quzhou,28.965799331665,118.899002075195
2962,airport,airport,LCX,ZSLD,Longyan Guanzhishan Airport,CN-35,1.0,7874.0,1225.0,CN,Longyan,25.6746997833,116.747001648
2963,airport,airport,NGQ,ZUAL,Ngari Gunsa Airport,CN-54,1.0,14764.0,14022.0,CN,Shiquanhe,32.1,80.0530555556
2964,airport,airport,AVA,ZUAS,Anshun Huangguoshu Airport,CN-U-A,1.0,9186.0,4812.0,CN,Anshun,26.2605555556,105.873333333
2965,airport,airport,BPX,ZUBD,Qamdo Bangda Airport,CN-54,1.0,18045.0,14219.0,CN,Bangda,30.5536003112793,97.1082992553711
2966,airport,airport,JZH,ZUJZ,Jiuzhai Huanglong Airport,CN-51,1.0,10499.0,11327.0,CN,Jiuzhaigou,32.8533333333,103.682222222
2967,airport,airport,MIG,ZUMY,Mianyang Airport,CN-51,1.0,4593.0,1690.0,CN,Mianyang,31.4281005859375,104.740997314453
2968,airport,airport,NAO,ZUNC,Nanchong Airport,CN-51,1.0,5906.0,1152.0,CN,Nanchong,30.79545,106.1626
2969,airport,airport,HZH,ZUNP,Liping Airport,CN-52,1.0,7218.0,1620.0,CN,Liping,26.32217,109.1499
2970,airport,airport,LZY,ZUNZ,Nyingchi Airport,CN-54,1.0,9843.0,9675.0,CN,Nyingchi,29.3033008575439,94.3352966308594
2971,airport,airport,TCZ,ZUTC,Tengchong Tuofeng Airport,CN-53,1.0,7710.0,6250.0,CN,Tengchong,24.9380555556,98.4858333333
2972,airport,airport,TEN,ZUTR,Tongren Fenghuang Airport,CN-52,1.0,6562.0,2300.0,CN,Tongren,27.883333,109.308889
2973,airport,airport,WXN,ZUWX,Wanxian Airport,CN-50,1.0,7874.0,1808.0,CN,Wanxian,30.8017,108.433
2974,airport,airport,XIC,ZUXC,Xichang Qingshan Airport,CN-51,1.0,11811.0,5112.0,CN,Xichang,27.9890995025635,102.18399810791
2975,airport,airport,YBP,ZUYB,Yibin Caiba Airport,CN-51,1.0,7054.0,924.0,CN,Yibin,28.8005555556,104.545
2976,airport,airport,ACX,ZUYI,Xingyi Airport,CN-52,1.0,7546.0,4150.0,CN,Xingyi,25.0863888889,104.959444444
2977,airport,airport,ZYI,ZUZY,Zunyi Xinzhou Airport,CN-52,1.0,5577.0,2920.0,CN,Zunyi,27.5895,107.0007
2978,airport,airport,AKU,ZWAK,Aksu Airport,CN-65,1.0,7874.0,3816.0,CN,Aksu,41.2625007629395,80.2917022705078
2979,airport,airport,HMI,ZWHM,Hami Airport,CN-65,1.0,7710.0,2703.0,CN,Hami,42.8414001465,93.6691970825
2980,airport,airport,PLX,UASS,Semipalatinsk Airport,KZ-VOS,1.0,10157.0,761.0,KZ,Semey,50.3512992858887,80.2343978881836
2981,airport,airport,YTY,UASS,Taizhou Airport,CN-32,1.0,7874.0,16.0,CN,Yangzho,32.5617,119.715
2982,airport,airport,GEL,SBNM,Santo Ângelo Airport,BR-RS,1.0,5331.0,1056.0,BR,Santo Ângelo,-28.2817001342773,-54.1691017150879
2983,airport,airport,TLJ,PATL,Tatalina LRRS Airport,US-AK,1.0,3800.0,964.0,US,Takotna,62.8944015503,-155.977005005
2984,airport,airport,IGG,PAIG,Igiugig Airport,US-AK,1.0,3000.0,90.0,US,Igiugig,59.3240013122559,-155.901992797852
2985,airport,airport,CKD,none,Crooked Creek Airport,US-AK,1.0,2029.0,178.0,US,Crooked Creek,61.8679008484,-158.134994507
2986,airport,airport,AHU,GMTA,Cherif Al Idrissi Airport,MA-HOC,1.0,8202.0,95.0,MA,Al Hoceima,35.1771011352539,-3.83951997756958
2987,airport,airport,RDV,none,Red Devil Airport,US-AK,1.0,4820.0,180.0,US,Red Devil,61.7881011963,-157.350006104
2988,airport,airport,OMD,FYOG,Oranjemund Airport,NA-KA,3.0,5252.0,14.0,,Oranjemund,-28.5846996307373,16.4466991424561
2989,airport,airport,TMR,DAAT,Aguenar – Hadj Bey Akhamok Airport,DZ-11,2.0,11811.0,4518.0,DZ,Tamanrasset,22.8115005493,5.45107984543
2990,airport,airport,YPL,CYPL,Pickle Lake Airport,CA-ON,1.0,4921.0,1267.0,CA,Pickle Lake,51.4463996887207,-90.2142028808594
2991,airport,airport,YLH,CYLH,Lansdowne House Airport,CA-ON,1.0,3500.0,834.0,CA,Lansdowne House,52.1955986022949,-87.934196472168
2992,airport,airport,KGG,GOTK,Kédougou Airport,SN-TC,1.0,5906.0,584.0,SN,Kédougou,12.5722999572754,-12.2202997207642
2993,airport,airport,SLQ,PASL,Sleetmute Airport,US-AK,1.0,3100.0,190.0,US,Sleetmute,61.7005004883,-157.166000366
2994,airport,airport,NUP,PPIT,Nunapitchuk Airport,US-AK,1.0,2420.0,12.0,US,Nunapitchuk,60.9057998657,-162.438995361
2995,airport,airport,MNT,none,Minto Al Wright Airport,US-AK,1.0,3400.0,499.0,US,Minto,65.143699646,-149.369995117
2996,airport,airport,IRC,PACR,Circle City /New/ Airport,US-AK,1.0,2979.0,613.0,US,Circle,65.83049774,-144.076004
2997,airport,airport,TNW,SEJD,Jumandy Airport,EC-N,1.0,8202.0,1234.0,EC,Tena,-1.0626,-77.5736
2998,airport,airport,KYK,PAKY,Karluk Airport,US-AK,1.0,2000.0,137.0,US,Karluk,57.5671005249,-154.449996948
2999,airport,airport,GMR,NTGJ,Totegegie Airport,PF-U-A,1.0,6562.0,7.0,PF,Mangareva,-23.0799007415771,-134.889999389648
3000,airport,airport,MKP,NTGM,Makemo Airport,PF-U-A,1.0,4920.0,3.0,PF,Makemo,-16.5839004516602,-143.658004760742
3001,airport,airport,GNM,SNGI,Guanambi Airport,BR-BA,1.0,5577.0,1815.0,BR,Guanambi,-14.2082004547119,-42.7461013793945
3002,airport,airport,KKR,NTGK,Kaukura Airport,PF-U-A,1.0,3543.0,11.0,PF,Kaukura Atoll,-15.6632995605469,-146.884994506836
3003,airport,airport,UGB,none,Ugashik Bay Airport,US-AK,1.0,5280.0,132.0,US,Pilot Point,57.4253997803,-157.740005493
3004,airport,airport,MYU,PAMY,Mekoryuk Airport,US-AK,1.0,3070.0,48.0,US,Mekoryuk,60.3713989257812,-166.27099609375
3005,airport,airport,TNK,none,Tununak Airport,US-AK,1.0,3300.0,14.0,US,Tununak,60.5755004882812,-165.272003173828
3006,airport,airport,NME,PAGT,Nightmute Airport,US-AK,1.0,1600.0,4.0,US,Nightmute,60.4710006713867,-164.70100402832
3007,airport,airport,PTU,PAPM,Platinum Airport,US-AK,2.0,3304.0,15.0,US,Platinum,59.0113983154297,-161.820007324219
3008,airport,airport,RSH,PARS,Russian Mission Airport,US-AK,2.0,3600.0,51.0,US,Russian Mission,61.7788848876953,-161.319458007812
3009,airport,airport,PQS,none,Pilot Station Airport,US-AK,1.0,2540.0,305.0,US,Pilot Station,61.9346008300781,-162.899993896484
3010,airport,airport,KHZ,NTKA,Kauehi Airport,PF-U-A,1.0,3937.0,13.0,PF,Kauehi,-15.7807998657227,-145.123992919922
3011,airport,airport,PKA,PAPK,Napaskiak Airport,US-AK,2.0,15000.0,24.0,US,Napaskiak,60.70289993,-161.7779999
3012,airport,airport,EGX,PAII,Egegik Airport,US-AK,2.0,5600.0,92.0,US,Egegik,58.1855010986,-157.375
3013,airport,airport,WWT,PAEW,Newtok Airport,US-AK,1.0,2202.0,25.0,US,Newtok,60.9390983581543,-164.641006469727
3014,airport,airport,PTH,PAPH,Port Heiden Airport,US-AK,2.0,5000.0,95.0,US,Port Heiden,56.959098815918,-158.632995605469
3015,airport,airport,KXU,NTKT,Katiu Airport,PF-U-A,1.0,3871.0,7.0,PF,Katiu,-16.3393993378,-144.402999878
3016,airport,airport,YZS,CYZS,Coral Harbour Airport,CA-NU,1.0,5000.0,210.0,CA,Coral Harbour,64.1932983398,-83.3593978882
3017,airport,airport,RKV,BIRK,Reykjavik Airport,IS-1,3.0,5141.0,48.0,IS,Reykjavik,64.1299972534,-21.9405994415
3018,airport,airport,LEQ,EGHC,Land's End Airport,GB-ENG,4.0,2598.0,401.0,UK,Land's End,50.1027984619141,-5.67055988311768
3019,airport,airport,UST,KSGJ,Northeast Florida Regional Airport,US-FL,3.0,8002.0,9.0,US,St Augustine,29.9591999053955,-81.3397979736328
3020,airport,airport,YIC,ZSYC,Mingyueshan Airport,CN-36,1.0,7874.0,430.0,CN,Yichun,27.802222,114.306111
3021,airport,airport,WNH,ZPWS,Wenshan Puzhehei Airport,CN-53,1.0,7874.0,1590.0,CN,Wenshan,23.558056,104.325278
3022,airport,airport,NER,UELL,Chulman Neryungri Airport,RU-SA,1.0,11811.0,2811.0,RU,Chulman,56.9138984680176,124.914001464844
3023,airport,airport,NZH,ZBMZ,Manzhouli Xijiao Airport,CN-15,1.0,9252.0,2231.0,CN,Manzhouli,49.566667,117.329444
3024,airport,airport,RLK,ZBYZ,Bayannur Tianjitai Airport,CN-15,1.0,8530.0,3389.0,CN,Bayannur,40.926389,107.738889
3025,airport,airport,IWK,RJOI,Iwakuni Marine Corps Air Station,JP-35,2.0,8000.0,7.0,JP,Iwakuni,34.1439018249512,132.235992431641
3026,airport,airport,TCR,VO80,Tuticorin Southwest Airport,IN-TN,1.0,4434.0,129.0,IN,Thoothukudi,8.72424030303955,78.0258026123047
3027,airport,airport,SZE,HASM,Semera Airport,ET-AF,1.0,7218.0,1436.0,ET,Semera,11.7875,40.991389
3028,airport,airport,LMA,PAMH,Minchumina Airport,US-AK,1.0,4184.0,681.0,US,Minchumina,63.8860015869141,-152.302001953125
3029,airport,airport,KZR,LTBZ,Zafer Airport,TR-43,1.0,9843.0,3322.0,TR,Kutahya,39.111456,30.130217
3030,airport,airport,NOP,LTCM,Sinop Airport,TR-57,1.0,5420.0,3524.0,TR,Sinop,42.0158004760742,35.0663986206055
3031,airport,airport,OSM,ORBM,Mosul International Airport,IQ-NI,1.0,8694.0,719.0,IQ,Mosul,36.3058013916016,43.1473999023438
3032,airport,airport,THD,VVTX,Tho Xuan Airport,VN-21,1.0,10499.0,73.0,VN,Tho Xuan,19.9025,105.469167
3033,airport,airport,LLB,ZULB,Libo Airport,CN-52,1.0,7546.0,2707.0,CN,Libo County,25.450833,107.962222
3034,airport,airport,DCY,ZUDC,Daocheng Yading Airport,CN-51,1.0,13780.0,14472.0,CN,Daocheng,29.323056,100.053333
3035,airport,airport,KGT,ZUDC,Kangding Airport,CN-51,1.0,13123.0,14042.0,CN,Kangding,30.142778,101.738611
3036,airport,airport,RVE,SKSA,Los Colonizadores Airport,CO-ARA,1.0,3937.0,698.0,CO,Saravena,6.951667,-71.856943
3037,airport,airport,VGZ,SKVG,Villa Garzón Airport,CO-PUT,1.0,4320.0,1248.0,CO,Villa Garzón,0.978767,-76.605557
3038,airport,airport,DRV,VRMD,Dharavandhoo Airport,MV-20,1.0,3937.0,6.0,MV,Dharavandhoo Island,5.158,73.131
3039,airport,airport,OLL,FCOD,Oyo Ollombo International Airport,CG-,2.0,10827.0,1073.0,CG,Oyo,-1.221499,15.913583
3040,airport,airport,YFA,CYFA,Fort Albany Airport,CA-ON,1.0,3500.0,48.0,CA,Fort Albany,52.2014007568359,-81.6968994140625
3041,airport,airport,HTN,ZWTN,Hotan Airport,CN-65,1.0,10499.0,4672.0,CN,Hotan,37.038501739502,79.8648986816406
3042,airport,airport,WMX,WAJW,Wamena Airport,ID-PA,1.0,5436.0,5085.0,ID,Wamena-Papua Island,-4.10250997543335,138.957000732422
3043,airport,airport,MGZ,VYME,Myeik Airport,MM-05,1.0,8795.0,75.0,MM,Mkeik,12.4398002624512,98.6214981079102
3044,airport,airport,TGP,UNIP,Podkamennaya Tunguska Airport,RU-KYA,1.0,5597.0,214.0,RU,Bor,61.5896987915039,89.9940032958984
3045,airport,airport,SUK,UEBS,Sakkyryr Airport,RU-SA,1.0,6562.0,1642.0,RU,Batagay-Alyta,67.792222,130.3925
3046,airport,airport,OGD,KOGD,Ogden Hinckley Airport,US-UT,3.0,8103.0,4472.0,US,Ogden,41.1958999633789,-112.012001037598
3047,airport,airport,JOL,RPMJ,Jolo Airport,PH-SLU,1.0,4144.0,118.0,PH,Jolo,6.05366992950439,121.011001586914
3048,airport,airport,KAW,VYKT,Kawthoung Airport,MM-05,1.0,6000.0,180.0,MM,Kawthoung,10.0493001937866,98.5380020141602
3049,airport,airport,ZKE,CZKE,Kashechewan Airport,CA-ON,1.0,3500.0,35.0,CA,Kashechewan,52.2825012207031,-81.6778030395508
3050,airport,airport,YAT,CYAT,Attawapiskat Airport,CA-ON,1.0,3495.0,30.0,CA,Attawapiskat,52.9275016784668,-82.4319000244141
3051,airport,airport,KUS,BGKK,Kulusuk Airport,GL-SM,1.0,3934.0,117.0,GL,Kulusuk,65.573600769,-37.1236000061
3052,airport,airport,IFJ,BIIS,Ísafjörður Airport,IS-4,1.0,4593.0,8.0,IS,Ísafjörður,66.0580978393555,-23.1352996826172
3053,airport,airport,EGS,BIEG,Egilsstaðir Airport,IS-7,1.0,6562.0,76.0,IS,Egilsstaðir,65.2833023071289,-14.4013996124268
3054,airport,airport,AEY,BIAR,Akureyri Airport,IS-6,1.0,6365.0,6.0,IS,Akureyri,65.6600036621094,-18.0727005004883
3055,airport,airport,YCS,CYCS,Chesterfield Inlet Airport,CA-NU,1.0,3600.0,32.0,CA,Chesterfield Inlet,63.3469009399,-90.7311019897
3056,airport,airport,YUT,CYUT,Repulse Bay Airport,CA-NU,1.0,3400.0,80.0,CA,Repulse Bay,66.5214004517,-86.2247009277
3057,airport,airport,ELG,DAUE,El Golea Airport,DZ-47,2.0,9843.0,1306.0,DZ,El Golea,30.5713005065918,2.85959005355835
3058,airport,airport,LTI,ZMAT,Altai Airport,MN-065,1.0,7513.0,7260.0,MN,Altai,46.3763999938965,96.2210998535156
3059,airport,airport,ZQZ,ZBZJ,Zhangjiakou Ningyuan Airport,CN-13,1.0,8202.0,2347.0,CN,Zhangjiakou,40.7386016846,114.930000305
3060,airport,airport,CMA,YCMU,Cunnamulla Airport,AU-QLD,2.0,5686.0,630.0,AU,Cunnamulla,-28.0300006866455,145.621994018555
3061,airport,airport,XTG,YTGM,Thargomindah Airport,AU-QLD,2.0,4800.0,433.0,AU,Thargomindah,-27.986400604248,143.811004638672
3062,airport,airport,AAT,ZWAT,Altay Air Base,CN-65,1.0,5741.0,2491.0,CN,Altay,47.7498855591,88.0858078003
3063,airport,airport,ABS,HEBL,Abu Simbel Airport,EG-ASN,1.0,9843.0,616.0,EG,Abu Simbel,22.3759994507,31.611700058
3064,airport,airport,ACR,SKAC,Araracuara Airport,CO-CAQ,1.0,4199.0,1250.0,CO,Araracuara,-0.5833,-72.4083
3065,airport,airport,AFZ,OIMS,Sabzevar National Airport,IR-30,1.0,10428.0,3010.0,IR,Sabzevar,36.168098449707,57.5951995849609
3066,airport,airport,AKI,PFAK,Akiak Airport,US-AK,1.0,3196.0,30.0,US,Akiak,60.9029006958,-161.231002808
3067,airport,airport,AKV,CYKO,Akulivik Airport,CA-QC,1.0,3510.0,75.0,CA,Akulivik,60.8185997009277,-78.1485977172852
3068,airport,airport,ANG,LFBU,Angoulême-Brie-Champniers Airport,FR-T,1.0,5938.0,436.0,FR,Angoulême/Brie/Champniers,45.7291984558105,0.221456006169319
3069,airport,airport,ANV,PANV,Anvik Airport,US-AK,1.0,2960.0,291.0,US,Anvik,62.64670181,-160.1909943
3070,airport,airport,ASV,HKAM,Amboseli Airport,KE-700,1.0,3871.0,3755.0,KE,Amboseli National Park,-2.64505004882812,37.253101348877
3071,airport,airport,AUK,PAUK,Alakanuk Airport,US-AK,1.0,2200.0,10.0,US,Alakanuk,62.6800422668,-164.659927368
3072,airport,airport,AUY,NVVA,Aneityum Airport,VU-TAE,1.0,2001.0,7.0,VU,Anatom Island,-20.2492008209,169.770996094
3073,airport,airport,AWD,NVVB,Aniwa Airport,VU-TAE,1.0,2625.0,69.0,VU,Aniwa,-19.2346,169.6009
3074,airport,airport,BEU,YBIE,Bedourie Airport,AU-QLD,1.0,4921.0,300.0,AU,Bedourie,-24.3460998535156,139.460006713867
3075,airport,airport,BJB,OIMN,Bojnord Airport,IR-31,1.0,10582.0,3499.0,IR,Bojnord,37.4930000305176,57.3082008361816
3076,airport,airport,BJF,ENBS,Båtsfjord Airport,NO-20,1.0,3281.0,490.0,NO,Båtsfjord,70.6005020141602,29.6914005279541
3077,airport,airport,BKM,WBGQ,Bakalalan Airport,MY-13,1.0,1801.0,2900.0,MY,Bakalalan,3.97399997711182,115.61799621582
3078,airport,airport,BKY,FZMA,Bukavu Kavumu Airport,CD-SK,1.0,6562.0,5643.0,CD,Bukavu,-2.30897998809814,28.8087997436523
3079,airport,airport,BKZ,HTBU,Bukoba Airport,TZ-05,1.0,3445.0,3745.0,TZ,Bukoba,-1.332,31.8212
3080,airport,airport,BMW,DATM,Bordj Badji Mokhtar Airport,DZ-01,1.0,7372.0,1303.0,DZ,Bordj Badji Mokhtar,21.375,0.923888981342
3081,airport,airport,BPL,ZWBL,Alashankou Bole (Bortala) airport,CN-65,1.0,8530.0,1253.0,CN,Bole,44.895,82.3
3082,airport,airport,BSC,SKBS,José Celestino Mutis Airport,CO-CHO,2.0,3973.0,80.0,CO,Bahía Solano,6.20292,-77.3947
3083,airport,airport,BTC,VCCB,Batticaloa Airport,LK-5,1.0,3592.0,20.0,LK,Batticaloa,7.70576000213623,81.6788024902344
3084,airport,airport,BUC,YBKT,Burketown Airport,AU-QLD,2.0,4501.0,21.0,AU,Burketown,-17.7486000061035,139.533996582031
3085,airport,airport,BVG,ENBV,Berlevåg Airport,NO-20,1.0,3372.0,42.0,NO,Berlevåg,70.8713989257812,29.034200668335
3086,airport,airport,BVI,YBDV,Birdsville Airport,AU-QLD,2.0,5682.0,159.0,AU,Birdsville,-25.8974990844727,139.348007202148
3087,airport,airport,BXB,WASO,Babo Airport,ID-IJ,1.0,4280.0,10.0,ID,Babo-Papua Island,-2.53223991394043,133.438995361328
3088,airport,airport,BXR,OIKM,Bam Airport,IR-15,1.0,11107.0,3231.0,IR,Bam,29.0841999053955,58.4500007629395
3089,airport,airport,BYC,SLYA,Yacuiba Airport,BO-T,1.0,6890.0,2112.0,BO,Yacuíba,-21.9608993530273,-63.6516990661621
3090,airport,airport,CAJ,SVCN,Canaima Airport,VE-F,1.0,7070.0,1450.0,VE,Canaima,6.23198890686035,-62.8544311523438
3091,airport,airport,CNP,BGCO,Neerlerit Inaat Airport,GL-U-A,1.0,3281.0,45.0,GL,Neerlerit Inaat,70.7431030273,-22.6504993439
3092,airport,airport,CSH,ULAS,Solovki Airport,RU-ARK,1.0,4921.0,60.0,RU,Solovetsky Islands,65.0299987793,35.7333335876
3093,airport,airport,CZH,none,Corozal Municipal Airport,BZ-CZL,1.0,2200.0,40.0,BZ,Corozal,18.3822002410889,-88.4119033813477
3094,airport,airport,CZS,SBCZ,Cruzeiro do Sul Airport,BR-AC,1.0,7874.0,637.0,BR,Cruzeiro Do Sul,-7.59990978241,-72.7695007324
3095,airport,airport,DEF,OIAD,Dezful Airport,IR-10,2.0,12641.0,474.0,IR,Dezful,32.4343986511,48.3975982666
3096,airport,airport,ELC,YELD,Elcho Island Airport,AU-NT,1.0,4724.0,101.0,AU,Elcho Island,-12.0193996429,135.570999146
3097,airport,airport,ENE,WATE,Ende (H Hasan Aroeboesman) Airport,ID-NT,1.0,5440.0,49.0,ID,Ende-Flores Island,-8.8492898941,121.661003113
3098,airport,airport,ERN,SWEI,Eirunepé Airport,BR-AM,1.0,7546.0,412.0,BR,Eirunepé,-6.63953018188477,-69.8797988891602
3099,airport,airport,FTA,NVVF,Futuna Airport,VU-TAE,1.0,2297.0,95.0,VU,Futuna Island,-19.5163993835,170.231994629
3100,airport,airport,FUT,NLWF,Pointe Vele Airport,WF-U-A,1.0,3609.0,20.0,WF,Futuna Island,-14.3114004135,-178.065994263
3101,airport,airport,GCH,OIAH,Gachsaran Airport,IR-18,1.0,6070.0,2414.0,IR,Gachsaran,30.337600708,50.827999115
3102,airport,airport,GDE,HAGO,Gode Airport,ET-SO,1.0,7505.0,834.0,ET,Gode,5.93513011932,43.5786018372
3103,airport,airport,GJA,MHNJ,La Laguna Airport,HN-IB,1.0,3990.0,49.0,HN,Guanaja,16.4454002380371,-85.9066009521484
3104,airport,airport,GYA,SLGY,Capitán de Av. Emilio Beltrán Airport,BO-B,1.0,5905.0,557.0,BO,Guayaramerín,-10.820599556,-65.3455963135
3105,airport,airport,HFA,LLHA,Haifa International Airport,IL-HA,1.0,4324.0,28.0,IL,Haifa,32.809398651123,35.043098449707
3106,airport,airport,IIL,OICI,Ilam Airport,IR-05,1.0,9183.0,4404.0,IR,Ilam,33.5866012573242,46.4048004150391
3107,airport,airport,IRZ,SWTP,Tapuruquara Airport,BR-AM,1.0,3937.0,223.0,BR,Santa Isabel Do Rio Negro,-0.3786,-64.9923
3108,airport,airport,ITB,SBIH,Itaituba Airport,BR-PA,1.0,5266.0,110.0,BR,Itaituba,-4.24234008789062,-56.0007019042969
3109,airport,airport,JAV,BGJN,Ilulissat Airport,GL-U-A,1.0,2772.0,95.0,GL,Ilulissat,69.2432022095,-51.0570983887
3110,airport,airport,JEG,BGAA,Aasiaat Airport,GL-U-A,1.0,2621.0,74.0,GL,Aasiaat,68.7218017578,-52.7846984863
3111,airport,airport,JFR,BGPT,Paamiut Airport,GL-U-A,1.0,2621.0,120.0,GL,Paamiut,62.0147361755,-49.6709365845
3112,airport,airport,JHS,BGSS,Sisimiut Airport,GL-U-A,1.0,2621.0,33.0,GL,Sisimiut,66.9513015747,-53.7293014526
3113,airport,airport,JSU,BGMQ,Maniitsoq Airport,GL-U-A,1.0,2621.0,91.0,GL,Maniitsoq,65.4124984741,-52.9393997192
3114,airport,airport,KAL,PAKV,Kaltag Airport,US-AK,1.0,3986.0,181.0,US,Kaltag,64.31909943,-158.7409973
3115,airport,airport,KCA,ZWKC,Kuqa Airport,CN-65,1.0,5577.0,3524.0,CN,Kuqa,41.7181015014648,82.9869003295898
3116,airport,airport,KHD,OICK,Khoram Abad Airport,IR-20,1.0,10498.0,3782.0,IR,Khorramabad,33.4353981018066,48.282901763916
3117,airport,airport,KHY,OITK,Khoy Airport,IR-02,1.0,9190.0,3981.0,IR,Khoy,38.4275016784668,44.9735984802246
3118,airport,airport,KIF,CNM5,Kingfisher Lake Airport,CA-ON,1.0,3520.0,866.0,CA,Kingfisher Lake,53.0125007629395,-89.8553009033203
3119,airport,airport,KRY,ZWKM,Karamay Airport,CN-65,1.0,8530.0,1096.0,CN,Karamay,45.46655,84.9527
3120,airport,airport,KTL,HKKT,Kitale Airport,KE-700,1.0,4757.0,6070.0,KE,Kitale,0.97198897600174,34.9585990905762
3121,airport,airport,KTG,WIOK,Ketapang(Rahadi Usman) Airport,ID-KB,1.0,4585.0,46.0,ID,Ketapang-Borneo Island,-1.81664001941681,109.962997436523
3122,airport,airport,KWK,PAGG,Kwigillingok Airport,US-AK,1.0,1835.0,18.0,US,Kwigillingok,59.8764991760254,-163.169006347656
3123,airport,airport,LAU,HKLU,Manda Airstrip,KE-300,3.0,3293.0,20.0,KE,Lamu,-2.25241994857788,40.9131011962891
3124,airport,airport,LBP,WB01,Long Banga Airport,MY-13,1.0,1804.0,750.0,MY,Long Banga,3.202,115.4018
3125,airport,airport,LCR,none,La Chorrera Airport,CO-AMA,1.0,4757.0,709.0,CO,La Chorrera,-0.733333,-73.01667
3126,airport,airport,LKG,HKLK,Lokichoggio Airport,KE-700,1.0,6195.0,2074.0,KE,Lokichoggio,4.20412015914917,34.348201751709
3127,airport,airport,LMC,none,La Macarena Airport,CO-MET,1.0,5184.0,790.0,CO,La Macarena,2.17565,-73.78674
3128,airport,airport,LPD,SKLP,La Pedrera Airport,CO-AMA,1.0,5643.0,590.0,CO,La Pedrera,-1.32861,-69.5797
3129,airport,airport,LQM,SKLG,Caucaya Airport,CO-PUT,1.0,3937.0,573.0,CO,Puerto Leguízamo,-0.182278,-74.7708
3130,airport,airport,LSA,AYKA,Losuia Airport,PG-MBA,1.0,5348.0,27.0,PG,Losuia,-8.50582027435303,151.080993652344
3131,airport,airport,MGT,YMGB,Milingimbi Airport,AU-NT,1.0,4626.0,53.0,AU,Milingimbi Island,-12.0944004059,134.893997192
3132,airport,airport,MKQ,WAKK,Mopah Airport,ID-PA,1.0,6070.0,10.0,ID,Merauke-Papua Island,-8.52029037475586,140.417999267578
3133,airport,airport,NIB,PAFS,Nikolai Airport,US-AK,1.0,4021.0,441.0,US,Nikolai,63.0186004638672,-154.358001708984
3134,airport,airport,GMA,FZFK,Gemena Airport,CD-EQ,1.0,6550.0,1378.0,CD,Gemena,3.23536992073,19.7712993622
3135,airport,airport,MEH,ENMH,Mehamn Airport,NO-20,1.0,2887.0,39.0,NO,Mehamn,71.0297012329102,27.8267002105713
3136,airport,airport,ZFN,CZFN,Tulita Airport,CA-NT,1.0,3935.0,332.0,CA,Tulita,64.9096984863281,-125.572998046875
3137,airport,airport,ZEM,CZEM,Eastmain River Airport,CA-QC,1.0,3510.0,24.0,CA,Eastmain River,52.2263984680176,-78.5224990844727
3138,airport,airport,ZDY,OMDL,Delma Island,AE-AZ,1.0,8202.0,25.0,AE,Delma Island,24.509722,52.335
3139,airport,airport,ZGS,CTT5,La Romaine Airport,CA-QC,1.0,3932.0,90.0,CA,La Romaine,50.2597007751465,-60.6794013977051
3140,airport,airport,YXN,CYXN,Whale Cove Airport,CA-NU,1.0,4000.0,40.0,CA,Whale Cove,62.2400016785,-92.5980987549
3141,airport,airport,YVM,CYVM,Qikiqtarjuaq Airport,CA-NU,1.0,3800.0,21.0,CA,Qikiqtarjuaq,67.5457992554,-64.0314025879
3142,airport,airport,YSO,CCD4,Postville Airport,CA-NL,1.0,2675.0,193.0,CA,Postville,54.9105987548828,-59.7867012023926
3143,airport,airport,YRG,CCZ2,Rigolet Airport,CA-NL,1.0,2680.0,180.0,CA,Rigolet,54.1796989440918,-58.4575004577637
3144,airport,airport,YQC,CYHA,Quaqtaq Airport,CA-QC,1.0,3520.0,103.0,CA,Quaqtaq,61.0463981628418,-69.6177978515625
3145,airport,airport,YPO,CYPO,Peawanuck Airport,CA-ON,1.0,3500.0,173.0,CA,Peawanuck,54.9880981445312,-85.4432983398438
3146,airport,airport,YOG,CYKP,Ogoki Post Airport,CA-ON,1.0,3500.0,594.0,CA,Ogoki Post,51.6585998535,-85.9017028809
3147,airport,airport,YNC,CYNC,Wemindji Airport,CA-QC,1.0,3510.0,66.0,CA,Wemindji,53.0106010437012,-78.8311004638672
3148,airport,airport,YIO,CYIO,Pond Inlet Airport,CA-NU,1.0,4000.0,181.0,CA,Pond Inlet,72.6832962036,-77.9666976929
3149,airport,airport,YIK,CYIK,Ivujivik Airport,CA-QC,1.0,3521.0,126.0,CA,Ivujivik,62.4173011779785,-77.9253005981445
3150,airport,airport,YIE,ZBES,Yiershi Airport,CN-15,1.0,7874.0,3182.0,CN,Aershan,47.310556,119.911944
3151,airport,airport,YHR,CYHR,Chevery Airport,CA-QC,1.0,4500.0,39.0,CA,Chevery,50.4688987731934,-59.6366996765137
3152,airport,airport,YHI,CYHI,Ulukhaktok Holman Airport,CA-NT,1.0,4300.0,117.0,CA,Ulukhaktok,70.7628021240234,-117.805999755859
3153,airport,airport,YGH,CYGH,Fort Good Hope Airport,CA-NT,1.0,3000.0,268.0,CA,Fort Good Hope,66.2407989501953,-128.651000976562
3154,airport,airport,YFJ,CYWE,Wekweètì Airport,CA-NT,1.0,3000.0,1208.0,CA,Wekweètì,64.1908035278,-114.077003479
3155,airport,airport,YEV,CYEV,Inuvik Mike Zubko Airport,CA-NT,1.0,6000.0,224.0,CA,Inuvik,68.3041992188,-133.483001709
3156,airport,airport,YES,OISY,Yasouj Airport,IR-18,1.0,8522.0,5939.0,IR,Yasouj,30.7005004882812,51.5451011657715
3157,airport,airport,YEK,CYEK,Arviat Airport,CA-NU,1.0,4000.0,32.0,CA,Arviat,61.0942001343,-94.0708007812
3158,airport,airport,YDP,CYDP,Nain Airport,CA-NL,1.0,2000.0,22.0,CA,Nain,56.5491981506348,-61.6803016662598
3159,airport,airport,YBX,CYBX,Lourdes de Blanc Sablon Airport,CA-QC,1.0,4500.0,121.0,CA,Lourdes-De-Blanc-Sablon,51.4435997009,-57.1852989197
3160,airport,airport,YBK,CYBK,Baker Lake Airport,CA-NU,1.0,4200.0,59.0,CA,Baker Lake,64.2988967896,-96.077796936
3161,airport,airport,YAC,CYAC,Cat Lake Airport,CA-ON,1.0,3900.0,1344.0,CA,Cat Lake,51.7271995544434,-91.8244018554688
3162,airport,airport,XKS,CYAQ,Kasabonika Airport,CA-ON,1.0,3500.0,672.0,CA,Kasabonika,53.5247001647949,-88.6427993774414
3163,airport,airport,XBE,CNE3,Bearskin Lake Airport,CA-ON,1.0,3500.0,800.0,CA,Bearskin Lake,53.9655990600586,-91.0271987915039
3164,airport,airport,WNR,YWDH,Windorah Airport,AU-QLD,1.0,4508.0,452.0,AU,Windorah,-25.4130992889404,142.667007446289
3165,airport,airport,WMR,FMNC,Mananara Nord Airport,MG-A,1.0,4101.0,9.0,MG,Mananara Nord,-16.1639003753662,49.7737998962402
3166,airport,airport,VEE,PAVE,Venetie Airport,US-AK,1.0,4000.0,574.0,US,Venetie,67.0086975098,-146.365997314
3167,airport,airport,UTS,UUYX,Ust-Tsylma Airport,RU-KO,1.0,4370.0,262.0,RU,Ust-Tsylma,65.4372940063,52.2003364563
3168,airport,airport,USK,UUYS,Usinsk Airport,RU-KO,1.0,8209.0,262.0,RU,Usinsk,66.0046997070312,57.3671989440918
3169,airport,airport,URG,SBUG,Rubem Berta Airport,BR-RS,2.0,4921.0,256.0,BR,Uruguaiana,-29.7821998596,-57.0382003784
3170,airport,airport,UKA,HKUK,Ukunda Airstrip,KE-300,1.0,3609.0,98.0,KE,Ukunda,-4.29333019256592,39.5710983276367
3171,airport,airport,UAS,HKSB,Samburu South Airport,KE-400,1.0,3281.0,3295.0,KE,Samburu South,0.530583024024963,37.5341949462891
3172,airport,airport,UAP,NTMP,Ua Pou Airport,PF-U-A,1.0,2723.0,16.0,PF,Ua Pou,-9.35167026519775,-140.078002929688
3173,airport,airport,UAK,BGBW,Narsarsuaq Airport,GL-U-A,1.0,6004.0,112.0,GL,Narsarsuaq,61.1604995728,-45.4259986877
3174,airport,airport,UAH,NTMU,Ua Huka Airport,PF-U-A,1.0,2477.0,160.0,PF,Ua Huka,-8.93610954284668,-139.552001953125
3175,airport,airport,TRR,VCCT,China Bay Airport,LK-5,1.0,7850.0,6.0,LK,Trincomalee,8.5385103225708,81.1819000244141
3176,airport,airport,TQL,USDS,Tarko-Sale Airport,RU-YAN,1.0,6562.0,80.0,RU,Tarko-Sale,64.9308013916,77.8180999756
3177,airport,airport,TOH,NVSD,Torres Airstrip,VU-TOB,1.0,2789.0,75.0,VU,Loh/Linua,-13.3280000687,166.638000488
3178,airport,airport,TOG,PATG,Togiak Airport,US-AK,2.0,4400.0,21.0,US,Togiak Village,59.0527992248535,-160.397003173828
3179,airport,airport,TMT,SBTB,Trombetas Airport,BR-PA,1.0,5249.0,287.0,BR,Oriximiná,-1.48959994316101,-56.396800994873
3180,airport,airport,TKP,NTGT,Takapoto Airport,PF-U-A,1.0,3018.0,12.0,PF,Takapoto,-14.7095003128052,-145.246002197266
3181,airport,airport,TCG,ZWTC,Tacheng Airport,CN-65,1.0,5052.0,1982.0,CN,Tacheng,46.6725006103516,83.3407974243164
3182,airport,airport,SNV,SVSE,Santa Elena de Uairen Airport,VE-F,1.0,5445.0,2938.0,VE,Santa Elena de Uairen,4.55499982833862,-61.1500015258789
3183,airport,airport,SLX,MBSY,Salt Cay Airport,TC-SL,1.0,2697.0,3.0,TC,Salt Cay,21.3330001831,-71.1999969482
3184,airport,airport,SJL,SBUA,São Gabriel da Cachoeira Airport,BR-AM,1.0,8530.0,251.0,BR,São Gabriel Da Cachoeira,-0.14835,-66.9855
3185,airport,airport,RCM,YRMD,Richmond Airport,AU-QLD,1.0,5000.0,676.0,AU,Richmond,-20.7019004821777,143.115005493164
3186,airport,airport,PZH,OPZB,Zhob Airport,PK-BA,1.0,6001.0,4728.0,PK,Fort Sandeman,31.3584003448486,69.4636001586914
3187,airport,airport,PVA,SKPV,El Embrujo Airport,CO-SAP,1.0,3832.0,10.0,CO,Providencia,13.3569,-81.3583
3188,airport,airport,PND,none,Punta Gorda Airport,BZ-TOL,1.0,2297.0,7.0,BZ,Punta Gorda,16.102399826,-88.8082962036
3189,airport,airport,PGU,OIBP,Persian Gulf International Airport,IR-06,1.0,13115.0,27.0,IR,Asalouyeh,27.3796005249023,52.7377014160156
3190,airport,airport,PFQ,OITP,Parsabade Moghan Airport,IR-03,1.0,8515.0,251.0,IR,Parsabad,39.6035995483398,47.8815002441406
3191,airport,airport,PBU,VYPT,Putao Airport,MM-11,1.0,7002.0,1500.0,MM,Putao,27.3299007415771,97.4263000488281
3192,airport,airport,PAC,MPMG,Marcos A. Gelabert International Airport,PA-8,1.0,5906.0,31.0,PA,Albrook,8.97334003448486,-79.5556030273438
3193,airport,airport,ORZ,none,Orange Walk Airport,BZ-OW,1.0,2297.0,111.0,BZ,Orange Walk,18.0467662811,-88.5838699341
3194,airport,airport,ORU,SLOR,Juan Mendoza Airport,BO-O,2.0,8075.0,12152.0,BO,Oruro,-17.962600708,-67.0762023926
3195,airport,airport,ONG,YMTI,Mornington Island Airport,AU-QLD,2.0,4987.0,33.0,AU,Mornington Island,-16.6625003814697,139.177993774414
3196,airport,airport,OLC,SDCG,Senadora Eunice Micheles Airport,BR-AM,1.0,3937.0,335.0,BR,São Paulo De Olivença,-3.46792950765,-68.9204120636
3197,airport,airport,OKL,WAJO,Oksibil Airport,ID-PA,1.0,2854.0,2500.0,ID,Oksibil-Papua Island,-5.09106016159058,140.610000610352
3198,airport,airport,NTX,WION,Ranai Airport,ID-RI,1.0,8410.0,7.0,ID,Ranai-Natuna Besar Island,3.90871000289917,108.388000488281
3199,airport,airport,NQU,SKNQ,Reyes Murillo Airport,CO-CHO,1.0,2427.0,12.0,CO,Nuquí,5.6964,-77.2806
3200,airport,airport,NNM,ULAM,Naryan Mar Airport,RU-NEN,1.0,8406.0,36.0,RU,Naryan Mar,67.6399993896484,53.121898651123
3201,airport,airport,KSA,PTSA,Kosrae International Airport,FM-KSA,1.0,5750.0,11.0,FM,Okat,5.35697984695,162.957992554
3202,airport,airport,NLT,ZWNL,Xinyuan Nalati Airport,CN-65,1.0,7546.0,3051.0,CN,Xinyuan,43.433056,83.380278
3203,airport,airport,NLG,PAOU,Nelson Lagoon Airport,US-AK,1.0,4003.0,14.0,US,Nelson Lagoon,56.0074996948242,-161.160003662109
3204,airport,airport,NBX,WABI,Nabire Airport,ID-PA,1.0,4593.0,20.0,ID,Nabire-Papua Island,-3.3681800365448,135.496002197266
3205,airport,airport,MTV,NVSA,Mota Lava Airport,VU-TOB,1.0,2953.0,63.0,VU,Ablow,-13.6660003662,167.712005615
3206,airport,airport,MSA,CZMD,Muskrat Dam Airport,CA-ON,1.0,3500.0,911.0,CA,Muskrat Dam,53.4413986206055,-91.7628021240234
3207,airport,airport,KGX,PAGX,Grayling Airport,US-AK,1.0,4000.0,137.0,US,Grayling,62.8945999146,-160.065002441
3208,airport,airport,KAE,PAFE,Kake Airport,US-AK,1.0,4000.0,171.0,US,Kake,56.9613990784,-133.910003662
3209,airport,airport,JUV,BGUK,Upernavik Airport,GL-U-A,1.0,2621.0,414.0,GL,Upernavik,72.7901992798,-56.1305999756
3210,airport,airport,JQA,BGUQ,Qaarsut Airport,GL-U-A,1.0,2953.0,289.0,GL,Uummannaq,70.7341995239,-52.6962013245
3211,airport,airport,SHC,none,Shire Inda Selassie Airport,ET-TI,1.0,7694.0,6207.0,ET,Shire Indasilase,14.0781002044678,38.2724990844727
3212,airport,airport,SDV,LLSD,Sde Dov Airport,IL-TA,1.0,5712.0,43.0,IL,Tel Aviv,32.1147003173828,34.7821998596191
3213,airport,airport,SDG,OICS,Sanandaj Airport,IR-16,1.0,8660.0,4522.0,IR,Sanandaj,35.2458992004395,47.0092010498047
3214,airport,airport,RIB,SLRI,Capitán Av. Selin Zeitun Lopez Airport,BO-B,1.0,5906.0,462.0,BO,Riberalta,-11.0,-66.0
3215,airport,airport,ZTB,CTB6,Tête-à-la-Baleine Airport,CA-QC,1.0,1640.0,107.0,CA,Tête-à-la-Baleine,50.6744003295898,-59.3835983276367
3216,airport,airport,ZPB,CZPB,Sachigo Lake Airport,CA-ON,1.0,3500.0,876.0,CA,Sachigo Lake,53.8911018371582,-92.196403503418
3217,airport,airport,ZLT,CTU5,La Tabatière Airport,CA-QC,1.0,1640.0,102.0,CA,La Tabatière,50.8307991027832,-58.9756011962891
3218,airport,airport,YIF,CYIF,St Augustin Airport,CA-QC,1.0,4590.0,20.0,CA,St-Augustin,51.2117004395,-58.6582984924
3219,airport,airport,ZKG,CTK6,Kegaska Airport,CA-QC,1.0,1640.0,32.0,CA,Kegaska,50.1958007812,-61.2658004761
3220,airport,airport,ARC,PARC,Arctic Village Airport,US-AK,1.0,4500.0,2092.0,US,Arctic Village,68.1147003173828,-145.578994750977
3221,airport,airport,ZFM,CZFM,Fort Mcpherson Airport,CA-NT,1.0,3500.0,116.0,CA,Fort Mcpherson,67.4075012207031,-134.860992431641
3222,airport,airport,YZG,CYZG,Salluit Airport,CA-QC,1.0,3500.0,743.0,CA,Salluit,62.1794013977051,-75.6671981811523
3223,airport,airport,YWB,CYKG,Kangiqsujuaq (Wakeham Bay) Airport,CA-QC,1.0,3511.0,501.0,CA,Kangiqsujuaq,61.5886001587,-71.929397583
3224,airport,airport,YUB,CYUB,Tuktoyaktuk Airport,CA-NT,1.0,5000.0,15.0,CA,Tuktoyaktuk,69.4332962036133,-133.026000976562
3225,airport,airport,YSY,CYSY,Sachs Harbour (David Nasogaluak Jr. Saaryuaq) Airport,CA-NT,1.0,4000.0,282.0,CA,Sachs Harbour,71.9938964844,-125.242996216
3226,airport,airport,YPC,CYPC,Paulatuk (Nora Aliqatchialuk Ruben) Airport,CA-NT,1.0,4000.0,15.0,CA,Paulatuk,69.3608381154,-124.075469971
3227,airport,airport,YNP,CNH2,Natuashish Airport,CA-NL,1.0,2500.0,30.0,CA,Natuashish,55.9138984680176,-61.184398651123
3228,airport,airport,YMN,CYFT,Makkovik Airport,CA-NL,1.0,2500.0,234.0,CA,Makkovik,55.0769004821777,-59.1864013671875
3229,airport,airport,YHO,CYHO,Hopedale Airport,CA-NL,1.0,2500.0,39.0,CA,Hopedale,55.448299407959,-60.2285995483398
3230,airport,airport,YTL,CYTL,Big Trout Lake Airport,CA-ON,1.0,3900.0,729.0,CA,Big Trout Lake,53.817798614502,-89.8968963623047
3231,airport,airport,YGZ,CYGZ,Grise Fiord Airport,CA-NU,1.0,1988.0,146.0,CA,Grise Fiord,76.4261016846,-82.9092025757
3232,airport,airport,YRB,CYRB,Resolute Bay Airport,CA-NU,1.0,6500.0,215.0,CA,Resolute Bay,74.7169036865,-94.9693984985
3233,airport,airport,YAB,CJX7,Arctic Bay Airport,CA-NU,1.0,3935.0,72.0,CA,Arctic Bay,73.0057668174,-85.0425052643
3234,airport,airport,THU,BGTL,Thule Air Base,GL-U-A,2.0,9997.0,251.0,GL,Pituffik,76.5311965942,-68.7032012939
3235,airport,airport,NAQ,BGQQ,Qaanaaq Airport,GL-U-A,1.0,2953.0,51.0,GL,Qaanaaq,77.4886016846,-69.3887023926
3236,airport,airport,OLH,none,Old Harbor Airport,US-AK,1.0,2750.0,55.0,US,Old Harbor,57.2181015014648,-153.270004272461
3237,airport,airport,INI,LYNI,Nis Constantine the Great Airport,RS-20,1.0,8202.0,648.0,RS,Nis,43.337299,21.853701
3238,airport,airport,PNI,PTPN,Pohnpei International Airport,FM-PNI,1.0,6001.0,10.0,FM,Pohnpei Island,6.98509979248047,158.208999633789
3239,airport,airport,SZI,UASZ,Zaisan (Zaysan) Airport,KZ-VOS,1.0,4938.0,1900.0,KZ,Zaisan,47.487083,84.888156
3240,airport,airport,TUR,SBTU,Tucuruí Airport,BR-PA,1.0,6562.0,830.0,BR,Tucuruí,-3.78601002693176,-49.7202987670898
3241,airport,airport,YAX,CKB6,Wapekeka Airport,CA-ON,1.0,3600.0,712.0,CA,Angling Lake,53.8492012023926,-89.5793991088867
3242,airport,airport,YER,CYER,Fort Severn Airport,CA-ON,1.0,3500.0,48.0,CA,Fort Severn,56.0189018249512,-87.6761016845703
3243,airport,airport,ZSJ,CZSJ,Sandy Lake Airport,CA-ON,1.0,3500.0,951.0,CA,Sandy Lake,53.0642013549805,-93.3443984985352
3244,airport,airport,YVZ,CYVZ,Deer Lake Airport,CA-ON,1.0,3500.0,1092.0,CA,Deer Lake,52.6557998657227,-94.0614013671875
3245,airport,airport,YPM,CYPM,Pikangikum Airport,CA-ON,1.0,3500.0,1114.0,CA,Pikangikum,51.8196983337402,-93.9732971191406
3246,airport,airport,KEW,CPV8,Keewaywin Airport,CA-ON,1.0,3500.0,988.0,CA,Keewaywin,52.9911003113,-92.8364028931
3247,airport,airport,YHP,CPV7,Poplar Hill Airport,CA-ON,1.0,3500.0,1095.0,CA,Poplar Hill,52.1133003234863,-94.2555999755859
3248,airport,airport,YNO,CKQ3,North Spirit Lake Airport,CA-ON,1.0,3500.0,1082.0,CA,North Spirit Lake,52.4900016784668,-92.9710998535156
3249,airport,airport,YHD,CYHD,Dryden Regional Airport,CA-ON,2.0,6000.0,1354.0,CA,Dryden,49.8316993713379,-92.7442016601562
3250,airport,airport,ZRJ,CZRJ,Round Lake (Weagamow Lake) Airport,CA-ON,1.0,3500.0,974.0,CA,Round Lake,52.9435997009277,-91.3127975463867
3251,airport,airport,TTA,GMAT,Tan Tan Airport,MA-TNT,1.0,6562.0,653.0,MA,Tan Tan,28.4482002258301,-11.1612997055054
3252,airport,airport,SXK,WAPI,Saumlaki/Olilit Airport,ID-MA,1.0,2953.0,218.0,ID,Saumlaki-Yamdena Island,-7.9886097908,131.305999756
3253,airport,airport,SVK,none,Silver Creek Airport,BZ-SC,1.0,2900.0,216.0,BZ,Kanantik,16.7252998352051,-88.3399963378906
3254,airport,airport,INB,none,"Independence Airport, Stann Creek",BZ-SC,1.0,2720.0,18.0,BZ,Savannah,16.5345001220703,-88.4412994384766
3255,airport,airport,RIG,SJRG,Rio Grande Airport,BR-RS,1.0,4921.0,27.0,BR,Rio Grande,-32.081699,-52.163299
3256,airport,airport,SHG,PAGH,Shungnak Airport,US-AK,1.0,4000.0,197.0,US,Shungnak,66.8880996704102,-157.162002563477
3257,airport,airport,OBU,PAOB,Kobuk Airport,US-AK,1.0,4000.0,137.0,US,Kobuk,66.9123001099,-156.897003174
3258,airport,airport,SCM,PACM,Scammon Bay Airport,US-AK,1.0,3000.0,14.0,US,Scammon Bay,61.8452987671,-165.570999146
3259,airport,airport,SWO,KSWO,Stillwater Regional Airport,US-OK,3.0,7401.0,1000.0,US,Stillwater,36.1612014770508,-97.0857009887695
3260,airport,airport,KNO,WIMM,Medan/Kualanamu International Airport,ID-SU,1.0,9514.0,90.0,ID,Medan,3.642222,98.885278
3261,airport,airport,NAA,YNBR,Narrabri Airport,AU-NSW,2.0,5000.0,788.0,AU,Narrabri,-30.3192005157,149.82699585
3262,airport,airport,LUV,WAPL,Dumatumbun Airport,ID-MA,1.0,4265.0,10.0,ID,Langgur-Seram Island,-5.66162014007568,132.731002807617
3263,airport,airport,DOB,WAPD,Rar Gwamar Airport,ID-MA,1.0,2625.0,61.0,ID,Dobo-Warmar Island,-5.77222013474,134.212005615
3264,airport,airport,ZIA,UUBW,Ramenskoye Airport,RU-MOS,1.0,15092.0,404.0,RU,Zhukovsky,55.5532989501953,38.1500015258789
3265,airport,airport,CFG,MUCF,Jaime Gonzalez Airport,CU-06,1.0,7874.0,102.0,CU,Cienfuegos,22.1499996185303,-80.4141998291016
3266,airport,airport,CDT,LECN,Castellon De La Plana Airport,ES-V,1.0,3117.0,20.0,ES,Castellón de La Plana,39.9991989136,0.0261109992862
3267,airport,airport,LCJ,EPLL,Łódź Władysław Reymont Airport,PL-LD,2.0,8022.0,604.0,PL,Łódź,51.7219009399,19.3980998993
3268,airport,airport,HLP,WIHH,Halim Perdanakusuma International Airport,ID-JK,1.0,9843.0,84.0,ID,Jakarta,-6.26661014556885,106.890998840332
3269,airport,airport,BCM,LRBC,Bacău Airport,RO-BC,1.0,8203.0,607.0,RO,Bacău,46.521900177002,26.9102993011475
3270,airport,airport,NIF,YCNF,Camp Nifty Airport,AU-WA,1.0,5577.0,295.0,AU,Camp Nifty,-21.6716995239258,121.58699798584
3271,airport,airport,INT,KINT,Smith Reynolds Airport,US-NC,2.0,6655.0,969.0,US,Winston Salem,36.1337013244629,-80.2220001220703
3272,airport,airport,APA,KAPA,Centennial Airport,US-CO,3.0,10002.0,5885.0,US,Denver,39.57009888,-104.848999
3273,airport,airport,USA,KJQF,Concord Regional Airport,US-NC,1.0,7403.0,705.0,US,Concord,35.3877983093262,-80.709098815918
3274,airport,airport,DAM,OSDI,Damascus International Airport,SY-DI,2.0,11811.0,2020.0,SY,Damascus,33.4114990234375,36.5155982971191
3275,airport,airport,NAL,URMN,Nalchik Airport,RU-KB,1.0,7218.0,1461.0,RU,Nalchik,43.5129013061523,43.6366004943848
3276,airport,airport,SZY,EPSY,Olsztyn-Mazury Airport,PL-WN,1.0,6562.0,463.0,PL,Szcytno,53.481858,20.937692
3277,airport,airport,VDA,LLOV,Ovda International Airport,IL-D,2.0,9843.0,1492.0,IL,Eilat,29.940299987793,34.9357986450195
3278,airport,airport,WTB,YBWW,Brisbane West Wellcamp Airport,AU-QLD,1.0,9416.0,1509.0,AU,Toowoomba,-27.558332,151.793333
3279,airport,airport,BLB,MPPA,Panama Pacific International Airport,PA-8,1.0,8500.0,52.0,PA,Panamá City/Balboa,8.9147901535,-79.5996017456
3280,airport,airport,OMC,RPVO,Ormoc Airport,PH-LEY,1.0,6120.0,83.0,PH,Ormoc City,11.0579996109009,124.565002441406
3281,airport,airport,BWU,YSBK,Sydney Bankstown Airport,AU-NSW,3.0,4644.0,29.0,AU,Sydney,-33.9244003295898,150.988006591797
3282,airport,airport,VRB,KVRB,Vero Beach Municipal Airport,US-FL,3.0,7314.0,24.0,US,Vero Beach,27.6555995941162,-80.4179000854492
3283,airport,airport,SUN,KSUN,Friedman Memorial Airport,US-ID,1.0,6952.0,5318.0,US,Hailey,43.50439835,-114.2959976
3284,airport,airport,BID,KBID,Block Island State Airport,US-RI,1.0,2502.0,108.0,US,Block Island,41.1680984497,-71.577796936
3285,airport,airport,DVL,KDVL,Devils Lake Regional Airport,US-ND,2.0,5509.0,1456.0,US,Devils Lake,48.11420059,-98.90879822
3286,airport,airport,JMS,KJMS,Jamestown Regional Airport,US-ND,2.0,6500.0,1500.0,US,Jamestown,46.92969894,-98.67819977
3287,airport,airport,HYS,KHYS,Hays Regional Airport,US-KS,2.0,6500.0,1999.0,US,Hays,38.84220123,-99.27320099
3288,airport,airport,MCW,KMCW,Mason City Municipal Airport,US-IA,2.0,6501.0,1213.0,US,Mason City,43.1577987671,-93.3312988281
3289,airport,airport,NBW,MUGM,Leeward Point Field,CU-14,1.0,8000.0,56.0,CU,Guantanamo Bay Naval Station,19.9064998626709,-75.2070999145508
3290,airport,airport,SFH,MMSF,San Felipe International Airport,MX-BCN,1.0,4921.0,148.0,MX,San Felipe,30.9302005767822,-114.80899810791
3291,airport,airport,SHF,ZWHZ,Shikezi Huayuan Airport,CN-65,1.0,7874.0,1690.0,CN,Shikezi,44.242064,85.890539
3292,airport,airport,BPE,ZBDH,Qinhuangdao Beidaihe Airport,CN-42,1.0,8530.0,46.0,CN,Qinhuangdao,39.666389,119.061389
3293,airport,airport,FYJ,ZYFY,Fuyuan Dongji Airport,CN-23,1.0,8202.0,190.0,CN,Fuyuan,48.19949,134.366447
3294,airport,airport,PNT,SCNT,Teniente Julio Gallardo Airport,CL-MA,1.0,5786.0,217.0,CL,Puerto Natales,-51.671501159668,-72.5283966064453
3295,airport,airport,LLV,ZBLL,Luliang Airport,CN-61,1.0,8530.0,1273.0,CN,Luliang,37.681667,111.142778
3296,airport,airport,WEH,ZSWH,Weihai Airport,CN-37,1.0,8530.0,145.0,CN,Weihai,37.1870994567871,122.228996276855
3297,airport,airport,WDS,ZHSY,Shiyan Wudangshan Airport,CN-42,1.0,8530.0,1207.0,CN,Shiyan,32.593056,110.905833
3298,airport,airport,UCB,ZBWL,Ulanqab Airport,CN-15,1.0,8530.0,4622.0,CN,Ulanqab,41.13,113.106389
3299,airport,airport,TNH,ZYTN,Tonghua Sanyuanpu Airport,CN-22,1.0,7874.0,1200.0,CN,Tonghua,42.2538888889,125.703333333
3300,airport,airport,TLQ,ZWTP,Turpan Jiaohe Airport,CN-65,1.0,9186.0,108.0,CN,Turpan,43.030556,89.098611
3301,airport,airport,THQ,ZLTS,Tianshui Maijishan Airport,CN-62,1.0,9186.0,3590.0,CN,Tianshui,34.5593986511,105.86000061
3302,airport,airport,SQJ,ZSSM,Sanming Shaxian Airport,CN-35,1.0,8530.0,889.0,CN,Sanming,26.426111,117.833611
3303,airport,airport,RKZ,ZURK,Shigatse Peace Airport,CN-54,1.0,16404.0,12408.0,CN,Xigaze,29.351944,89.310278
3304,airport,airport,RIZ,none,Rizhao Shanzihe Airport,CN-37,1.0,8530.0,98.0,CN,Rizhao,35.402,119.32
3305,airport,airport,LPF,ZUPS,Liupanshui Yuezhao Airport,CN-52,1.0,9186.0,6440.0,CN,Liupanshui,26.608889,104.978333
3306,airport,airport,CVN,KCVN,Clovis Municipal Airport,US-NM,3.0,6200.0,4216.0,US,Clovis,34.4250984192,-103.07900238
3307,airport,airport,CVT,EGBE,Coventry Airport,GB-ENG,1.0,5988.0,267.0,UK,Coventry,52.3697013855,-1.47971999645
3308,airport,airport,SZF,LTFH,Samsun Çarşamba Airport,TR-55,1.0,9843.0,18.0,TR,Samsun,41.2545013428,36.5671005249
3309,airport,airport,KHE,UKOH,Chernobayevka Airport,UA-65,1.0,8202.0,148.0,UA,Kherson,46.6758003235,32.506401062
3310,airport,airport,NKT,LTCV,Sirnak Airport,TR-73,1.0,9843.0,2038.0,TR,Sirnak,37.359722,42.0625
3311,airport,airport,YKO,LTCW,Hakkari Selahaddin Eyyubi Airport,TR-30,1.0,10499.0,2038.0,TR,Hakkari,37.551667,44.233611
3312,airport,airport,OGU,LTCB,Ordu Giresun Airport,TR-28,1.0,9843.0,18.0,TR,Ordu/Giresun,40.966667,38.066667
3313,airport,airport,AFW,KAFW,Fort Worth Alliance Airport,US-TX,2.0,9600.0,722.0,US,Fort Worth,32.9875984192,-97.3188018799
3314,airport,airport,IWD,KIWD,Gogebic Iron County Airport,US-MI,1.0,6501.0,1230.0,US,Ironwood,46.5275001526,-90.131401062
3315,airport,airport,LFQ,none,Linfen Qiaoli Airport,CN-14,1.0,8530.0,1620.0,CN,Linfen,36.041944,111.492222
3316,airport,airport,KJI,ZWKN,Kanas Airport,CN-65,1.0,8202.0,3898.0,CN,Burqin County,48.222222,86.995556
3317,airport,airport,MEB,YMEN,Melbourne Essendon Airport,AU-VIC,2.0,6302.0,282.0,AU,Melbourne,-37.728099822998,144.901992797852
3318,airport,airport,ENF,EFET,Enontekio Airport,FI-10,1.0,6565.0,1005.0,FI,Enontekio,68.3626022338867,23.4242992401123
3319,airport,airport,WMB,YWBL,Warrnambool Airport,AU-VIC,2.0,4501.0,242.0,AU,Warrnambool,-38.2952995300293,142.447006225586
3320,airport,airport,PTJ,YPOD,Portland Airport,AU-VIC,2.0,5202.0,265.0,AU,Portland,-38.3180999755859,141.470993041992
3321,airport,airport,CMF,LFLB,Chambéry-Savoie Airport,FR-V,1.0,6628.0,779.0,FR,Chambéry/Aix-les-Bains,45.6380996704102,5.88022994995117
3322,airport,airport,MZO,MUMZ,Sierra Maestra Airport,CU-12,1.0,7875.0,112.0,CU,Manzanillo,20.2880992889404,-77.0892028808594
3323,airport,airport,TEX,KTEX,Telluride Regional Airport,US-CO,1.0,7111.0,9069.0,US,Telluride,37.9538002,-107.9079971
3324,airport,airport,LPK,UUOL,Lipetsk Airport,RU-LIP,1.0,7546.0,585.0,RU,Lipetsk,52.7028007507324,39.5377998352051
3325,airport,airport,ULY,UWLW,Ulyanovsk East Airport,RU-ULY,1.0,16404.0,253.0,RU,Ulyanovsk,54.4010009765625,48.8027000427246
3326,airport,airport,FOD,KFOD,Fort Dodge Regional Airport,US-IA,2.0,6547.0,1156.0,US,Fort Dodge,42.55149841,-94.19259644
3327,airport,airport,HUZ,ZGHZ,Huizhou Airport,CN-44,1.0,7874.0,50.0,CN,Huizhou,23.0499992371,114.599998474
3328,airport,airport,HZG,ZLHZ,Hanzhong Airport,CN-61,1.0,8203.0,1657.0,CN,Hanzhong,33.0635986328125,107.008003234863
3329,airport,airport,HNY,ZGHY,Hengyang Airport,CN-43,1.0,8530.0,305.0,CN,Hengyang,26.9053001403809,112.627998352051
3330,airport,airport,YKH,ZYYK,Yingkou Lanqi Airport,CN-21,1.0,8202.0,2.0,CN,Yingkou,40.542222,122.358333
3331,airport,airport,MPN,EGYP,Mount Pleasant Airport,FK-U-A,2.0,8497.0,244.0,FK,Mount Pleasant,-51.8227996826172,-58.4472007751465
3332,airport,airport,PSY,SFAL,Stanley Airport,FK-U-A,2.0,3013.0,75.0,FK,Stanley,-51.6856994628906,-57.7775993347168
3333,airport,airport,ASI,FHAW,RAF Ascension Island,SH-AC,1.0,10019.0,278.0,SH,Georgetown,-7.96960020065308,-14.3936996459961
3334,airport,airport,BZZ,EGVN,RAF Brize Norton,GB-ENG,1.0,10007.0,288.0,UK,Oxford/Brize Norton,51.749964,-1.58361995220184
3335,airport,airport,HLE,FHSH,St. Helena Airport,SH-HL,1.0,6398.0,1017.0,SH,Jamestown,-15.959166,-5.645832
3336,airport,airport,RKT,OMRK,Ras Al Khaimah International Airport,AE-RK,1.0,12336.0,102.0,AE,Ras Al Khaimah,25.6135005950928,55.9388008117676
3337,airport,airport,KAC,OSKL,Kamishly Airport,SY-HA,1.0,11860.0,1480.0,SY,Kamishly,37.0205993652344,41.1913986206055
3338,airport,airport,GNB,LFLS,Grenoble Alpes-Isère Airport,FR-V,1.0,10007.0,1302.0,FR,Grenoble,45.3628997802734,5.32937002182007
3339,airport,airport,FYN,ZWFY,Fuyun Kroktokay Airport,CN-65,1.0,8530.0,3064.0,CN,Fuyun,46.811897,89.555514
3340,airport,airport,MNI,TRPG,John A. Osborne Airport,MS-U-A,1.0,1968.0,550.0,MS,Gerald's Park,16.7914009094238,-62.1932983398438
3341,airport,airport,THG,YTNG,Thangool Airport,AU-QLD,2.0,4993.0,644.0,AU,Biloela,-24.4939002990723,150.57600402832
3342,airport,airport,TDK,UAAT,Taldykorgan Airport,KZ-ALM,1.0,9846.0,1925.0,KZ,Taldy Kurgan,45.1262016296387,78.4469985961914
3343,airport,airport,XTO,YTAM,Taroom Airport,AU-QLD,2.0,3609.0,240.0,AU,Taroom,-25.801700592041,149.899993896484
3344,airport,airport,CCL,YCCA,Chinchilla Airport,AU-QLD,2.0,3497.0,1028.0,AU,Chinchilla,-26.7749996185303,150.617004394531
3345,airport,airport,TQP,YTEE,Trepell Airport,AU-QLD,1.0,5903.0,891.0,AU,Trepell,-21.8349990844727,140.888000488281
3346,airport,airport,RDP,VEDG,Kazi Nazrul Islam Airport,IN-WB,1.0,9186.0,289.0,IN,Andal,23.6225,87.242778
3347,airport,airport,IFP,KIFP,Laughlin Bullhead International Airport,US-AZ,1.0,7500.0,698.0,US,Bullhead City,35.15739822,-114.5599976
3348,airport,airport,KXK,UHKK,Komsomolsk-on-Amur Airport,RU-KHA,1.0,8202.0,92.0,RU,Komsomolsk-on-Amur,50.4090003967285,136.934005737305
3349,airport,airport,GMQ,ZLGL,Golog Maqin Airport,CN-63,1.0,12467.0,12427.0,CN,Golog,34.415833,100.311111
3350,airport,airport,GYU,ZLGY,Guyuan Liupanshan Airport,CN-64,1.0,8858.0,5577.0,CN,Guyuan,36.078611,106.216667
3351,airport,airport,HPG,ZHSN,Shennongjia Hongping Airport,CN-42,1.0,9186.0,8465.0,CN,Shennongjia,31.633611,110.338056
3352,airport,airport,HTT,ZLHX,Huatugou Airport,CN-63,1.0,11811.0,9662.0,CN,Huatugou,38.203333,90.841667
3353,airport,airport,HCJ,ZGHC,Hechi Jin Cheng Jiang Airport,CN-45,1.0,7218.0,2221.0,CN,Hechi,24.783889,107.699722
3354,airport,airport,SCV,LRSV,Suceava Stefan cel Mare Airport,RO-SV,1.0,5906.0,1375.0,RO,Suceava,47.6875,26.3540992736816
3355,airport,airport,VIT,LEVT,Vitoria/Foronda Airport,ES-PV,1.0,11483.0,1682.0,ES,Vitoria,42.8828010559082,-2.72446990013123
3356,airport,airport,IQM,ZWCM,Qiemo Yudu Airport,CN-65,1.0,9186.0,4108.0,CN,Qiemo,38.233611,85.465556
3357,airport,airport,KJH,ZUKJ,Kaili Huangping Airport,CN-52,1.0,8530.0,3115.0,CN,Kaili,26.971667,107.987778
3358,airport,airport,HXD,ZLDL,Delingha Airport,CN-63,1.0,9843.0,9383.0,CN,Delingha,37.125,97.268611
3359,airport,airport,AHJ,ZUHY,Hongyuan Aba  Airport,CN-51,1.0,11811.0,11598.0,CN,Hongyuan,32.531389,102.352222
3360,airport,airport,CWC,UKLN,Chernivtsi International Airport,UA-77,1.0,7270.0,826.0,UA,Chernivtsi,48.2593002319336,25.9808006286621
3361,airport,airport,BZK,UUBP,Bryansk Airport,RU-BRY,1.0,7874.0,666.0,RU,Bryansk,53.2141990662,34.176399231
3362,airport,airport,UZR,UASU,Urdzhar Airport,KZ-VOS,1.0,4957.0,1680.0,KZ,Urdzhar,47.09115,81.66521
3363,airport,airport,BBL,YLLE,Ballera Airport,AU-QLD,1.0,5906.0,385.0,AU,Ballera,-27.4083003997803,141.807998657227
3364,airport,airport,MOO,YOOM,Moomba Airport,AU-SA,1.0,5636.0,143.0,AU,Moomba,-28.0993995666504,140.197006225586
3365,airport,airport,VTB,UMII,Vitebsk East Airport,BY-VI,1.0,8550.0,683.0,BY,Vitebsk,55.1264991760254,30.3495998382568
3366,airport,airport,ANE,LFJR,"Marce, Angers - Loire Airport",FR-R,2.0,5906.0,194.0,FR,Angers,47.5602989196777,-0.312222003936768
3367,airport,airport,URO,LFOP,Vallee de Seine Airport,FR-Q,2.0,5577.0,512.0,FR,Rouen,49.3842010498047,1.17480003833771
3368,airport,airport,LOV,MMMV,Venustiano Carranza International Airport,MX-COA,2.0,6890.0,1864.0,MX,Monclova,26.9556999206543,-101.470001220703
3369,airport,airport,OHS,OOSH,Sohar Airport,OM-BA,1.0,13100.0,105.0,OM,Sohar,24.386167,56.625667
3370,airport,airport,FIE,EGEF,"Shetland Islands, Fair Isle Airport",GB-SCT,1.0,1667.0,223.0,UK,Fair Isle,59.5358009338379,-1.62805998325348
3371,airport,airport,LWK,EGET,Tingwall Airport,GB-SCT,1.0,2395.0,43.0,UK,Lerwick,60.192199707,-1.24361002445
3372,airport,airport,FOA,none,Foula Airport,GB-SCT,1.0,1444.0,150.0,UK,Foula,60.1209983825684,-2.05200004577637
3373,airport,airport,PSV,none,Papa Stour Airport,GB-SCT,1.0,1465.0,59.0,UK,Papa Stour Island,60.3217010498047,-1.69306004047394
3374,airport,airport,NDZ,ETMN,Nordholz-Spieka,DE-NI,1.0,8002.0,74.0,DE,Cuxhaven,53.7677001953,8.65849971771
3375,airport,airport,WOL,YWOL,Illawarra Regional Airport,AU-NSW,1.0,5967.0,31.0,AU,Wollongong,-34.5611,150.788611
3376,airport,airport,OND,FYOA,Ondangwa Airport,NA-OT,1.0,9800.0,3599.0,,Ondangwa,-17.8782005310059,15.9525995254517
3377,airport,airport,GAY,VEGY,Gaya Airport,IN-BR,1.0,7500.0,380.0,IN,Gaya,24.7443008422852,84.9512023925781
3378,airport,airport,ENI,none,El Nido Airport,PH-PLW,1.0,3280.0,17.0,PH,El Nido,11.2019996643066,119.416999816895
3379,airport,airport,IGT,URMS,Magas Airport,RU-IN,1.0,9843.0,1207.0,RU,Sleptsovskaya,43.3222999573,45.0125999451
3380,airport,airport,EPA,SADP,El Palomar Airport,AR-B,1.0,6923.0,59.0,AR,El Palomar,-34.6099,-58.6126
3381,airport,airport,YHG,CCH4,Charlottetown Airport,CA-NL,1.0,2502.0,209.0,CA,Charlottetown,52.7649993896484,-56.1156005859375
3382,airport,airport,MBX,LJMB,Maribor Airport,SI-070,2.0,8202.0,876.0,SI,Maribor,46.4799003601074,15.6861000061035
3383,airport,airport,KLF,UUBC,Grabtsevo Airport,RU-KLU,1.0,7218.0,666.0,RU,Kaluga,54.548611,36.371389
3384,airport,airport,JSK,OIZJ,Jask Airport,IR-23,1.0,6200.0,19.0,IR,Jask,25.653600692749,57.7993011474609
3385,airport,airport,CAT,LPCS,Cascais Airport,PT-11,1.0,4593.0,325.0,PT,Cascais,38.7249984741211,-9.3552303314209
3386,airport,airport,VRL,LPVR,Vila Real Airport,PT-17,1.0,3107.0,1805.0,PT,Vila Real,41.274299621582,-7.72046995162964
3387,airport,airport,VSE,LPVZ,Viseu Airport,PT-18,1.0,4015.0,2060.0,PT,Viseu,40.7254981994629,-7.88898992538452
3388,airport,airport,PRM,LPPM,Portimao Airport,PT-08,1.0,2819.0,5.0,PT,Portimao,37.149299621582,-8.58395957946777
3389,airport,airport,BGC,LPBG,Braganca Airport,PT-04,1.0,5600.0,2241.0,PT,Braganca,41.85779953,-6.70712995529
3390,airport,airport,CNQ,SARC,Corrientes Airport,AR-W,1.0,6890.0,202.0,AR,Corrientes,-27.445502,-58.761863
3391,airport,airport,YAZ,CYAZ,Long Beach Airport,CA-BC,3.0,5000.0,80.0,CA,Tofino,49.0798255464,-125.775604248
3392,airport,airport,OHD,LWOH,Ohrid St. Paul the Apostle Airport,MK-58,1.0,8366.0,2313.0,MK,Ohrid,41.179956,20.7423000335693
3393,airport,airport,MKZ,WMKM,Malacca Airport,MY-04,1.0,7005.0,40.0,MY,Malacca,2.263056,102.2525
3394,airport,airport,CHR,LFLX,Châteauroux-Déols Marcel Dassault Airport,FR-F,1.0,11483.0,529.0,FR,Châteauroux/Déols,46.8622016906738,1.73066997528076
3395,airport,airport,TLK,UECT,Talakan Airport,RU-SA,1.0,10171.0,1330.0,RU,Talakan,59.881667,111.045556
3396,airport,airport,GRS,LIRS,Grosseto Airport,IT-52,2.0,9823.0,15.0,IT,Grosetto,42.7597007751465,11.0719003677368
3397,airport,airport,HHQ,VTPH,Hua Hin Airport,TH-76,1.0,6890.0,62.0,TH,Hua Hin,12.6361999512,99.951499939
3398,airport,airport,GME,UMGG,Gomel Airport,BY-HO,1.0,8432.0,471.0,BY,Gomel,52.5270004272461,31.0167007446289
3399,airport,airport,CRV,LIBC,Crotone-Sant'Anna Airport,IT-78,1.0,6562.0,521.0,IT,Crotone,38.997200012207,17.0802001953125
3400,airport,airport,NLI,UHNN,Nikolayevsk-na-Amure Airport,RU-KHA,1.0,6112.0,187.0,RU,Nikolayevsk-na-Amure,53.1549987792969,140.649993896484
3401,airport,airport,EKA,KEKA,Murray Field,US-CA,1.0,3011.0,7.0,US,Eureka,40.8033981323,-124.112998962
3402,airport,airport,CVQ,YCAR,Carnarvon Airport,AU-WA,2.0,5509.0,13.0,AU,Carnarvon,-24.8805999755859,113.671997070312
3403,airport,airport,MJK,YSHK,Shark Bay Airport,AU-WA,1.0,5545.0,111.0,AU,Denham/Monkey Mia,-25.8938999176,113.577003479
3404,airport,airport,GOB,HAGB,Robe Airport,ET-OR,1.0,6562.0,7892.0,ET,Goba,7.1160634,40.0463033
3405,airport,airport,AWA,HALA,Awassa Airport,ET-SN,1.0,3937.0,5604.0,ET,Awassa,7.067222,38.490278
3406,airport,airport,JRH,VEJT,Jorhat Airport,IN-AS,1.0,9000.0,311.0,IN,Jorhat,26.7315006256,94.1754989624
3407,airport,airport,BYK,DIBK,Bouaké Airport,CI-04,1.0,10827.0,1230.0,CI,Bouaké,7.73880004882812,-5.07366991043091
3408,airport,airport,DTB,WIMN,Silangit Airport,ID-SU,1.0,5225.0,4059.0,ID,Tingkeum-Sumatra Island,2.25973010063171,98.9918975830078
3409,airport,airport,TKQ,HTKA,Kigoma Airport,TZ-08,1.0,5906.0,2700.0,TZ,Kigoma,-4.8862,29.6709
3410,airport,airport,AEH,FTTC,Abeche Airport,TD-OD,1.0,9186.0,1788.0,TD,Abeche,13.8470001220703,20.8442993164062
3411,airport,airport,SRH,FTTA,Sarh Airport,TD-MC,1.0,5905.0,1198.0,TD,Sarh,9.14443969726562,18.3743991851807
3412,airport,airport,DSS,GOBD,Blaise Diagne International Airport,SN-TH,1.0,11483.0,290.0,SN,Dakar,14.670833,-17.072777
3413,airport,airport,MQQ,FTTD,Moundou Airport,TD-LO,1.0,5906.0,1407.0,TD,Moundou,8.62440967559814,16.0713996887207
3414,airport,airport,FYT,FTTY,Faya-Largeau Airport,TD-BET,1.0,9186.0,771.0,TD,Faya-Largeau,17.9171009063721,19.1110992431641
3415,airport,airport,ERH,GMFK,Moulay Ali Cherif Airport,MA-ERR,1.0,10499.0,3428.0,MA,Errachidia,31.9475002289,-4.39833021164
3416,airport,airport,DRT,KDRT,Del Rio International Airport,US-TX,1.0,6300.0,1002.0,US,Del Rio,29.3742008209,-100.927001953
3417,airport,airport,BAR,ZJQH,Bo'ao Airport,CN-46,1.0,8858.0,52.0,CN,Qionghai,19.138889,110.454167
3418,airport,airport,USJ,UAAL,Usharal Airport,KZ-ALM,1.0,7546.0,1293.0,KZ,Usharal,46.1908,80.8309
3419,airport,airport,TYL,SPYL,Capitan Montes Airport,PE-PIU,1.0,8071.0,282.0,PE,Talara,-4.57664012908936,-81.2540969848633
3420,airport,airport,CNN,VOKN,Kannurl International Airport,IN-KL,1.0,10007.0,344.0,IN,Kannur,11.92,75.55
3421,airport,airport,JAE,SPJE,Shumba Airport,PE-CAJ,1.0,7874.0,2477.0,PE,Jaén,-5.591388,-78.771388
3422,airport,airport,INF,DATG,In Guezzam Airport,DZ-11,1.0,7218.0,1325.0,DZ,In Guezzam,19.5669994354248,5.75
3423,airport,airport,KLB,FLKL,Kalabo Airport,ZM-01,1.0,3609.0,3450.0,ZM,Kalabo,-14.9982995986938,22.6453990936279
3424,airport,airport,VDO,VVVD,Van Don International Airport,VN-13,1.0,11811.0,26.0,VN,VanDon,21.117778,107.414167
3425,airport,airport,RMU,LEMI,Region of Murcia International Airport,ES-MC,1.0,9842.0,633.0,ES,Valladolises,37.803,-1.125
3426,airport,airport,PAE,KPAE,Snohomish County (Paine Field) Airport,US-WA,3.0,9010.0,607.0,US,Everett,47.90629959,-122.2819977
3427,airport,airport,LUA,VNLK,Tenzing-Hillary Airport,NP-SA,1.0,1500.0,9100.0,NP,Lukla,27.6868991851807,86.7296981811523
3428,airport,airport,MRQ,RPUW,Gasan Airport,PH-MAD,1.0,4785.0,32.0,PH,Marinduque,13.3610000610352,121.825996398926
3429,airport,airport,SHI,RORS,Shimojishima Airport,JP-47,1.0,9842.0,54.0,JP,Shimojishima,24.8267002106,125.144996643
3430,airport,airport,BXG,YBDG,Bendigo Airport,AU-VIC,2.0,3724.0,705.0,AU,East Bendigo,-36.7393989563,144.330001831
3431,airport,airport,UAR,GMFB,Bouarfa Airport,MA-FIG,1.0,10499.0,3680.0,MA,Bouarfa,32.5143055556,-1.98305555556
3432,airport,airport,TRA,RORT,Tarama Airport,JP-47,1.0,4921.0,36.0,JP,Tarama,24.6539001465,124.675003052
3433,airport,airport,ISL,LTBA,Ataturk International Airport,TR-34,3.0,9843.0,163.0,TR,Istanbul,40.9768981934,28.8145999908
3434,airport,airport,USQ,LTBO,Uşak Airport,TR-64,1.0,8385.0,2897.0,TR,Uşak,38.6814994812012,29.471700668335
3435,airport,airport,MJI,HLLM,Mitiga Airport,LY-TB,2.0,11076.0,36.0,LY,Tripoli,32.894100189209,13.2760000228882
3436,airport,airport,SXZ,LTCL,Siirt Airport,TR-56,1.0,5905.0,2001.0,TR,Siirt,37.9789009094238,41.8404006958008
3437,airport,airport,XSP,WSSL,Seletar Airport,SG-02,1.0,6024.0,45.0,SG,Singapore,1.4169499874115,103.86799621582
3438,airport,airport,ZTA,NTGY,Tureia Airport,PF-U-A,1.0,3445.0,12.0,PF,Tureia,-20.7896995544434,-138.570007324219
3439,airport,airport,BFM,KBFM,Mobile Downtown Airport,US-AL,2.0,9618.0,26.0,US,Mobile,30.6268005371,-88.0680999756
3440,airport,airport,NUK,NTGW,Nukutavake Airport,PF-U-A,1.0,2789.0,17.0,PF,Nukutavake,-19.2849998474121,-138.772003173828
3441,airport,airport,DBB,HEAL,Al Alamein International Airport,EG-MT,1.0,11479.0,143.0,EG,Dabaa,30.9244995117188,28.4613990783691
3442,airport,airport,GGR,HCMW,Garowe International Airport,SO-NU,1.0,8202.0,1465.0,SO,Garowe,8.458333,48.567778
3443,airport,airport,KJT,WICA,Kertajati International Airport,ID-JB,1.0,11483.0,134.0,ID,Majalengka,-6.647777,108.166111
3444,airport,airport,TSL,MMTN,Tamuin National Airport,MX-SLP,1.0,4735.0,164.0,MX,Tamuin,22.038292,-98.806502
3445,airport,airport,PKX,ZBAD,Beijing Daxing International Airport,CN-11,4.0,12467.0,98.0,CN,Beijing,39.509167,116.410556
3446,airport,airport,BZX,ZUBZ,Bazhong Enyang Airport,CN-51,1.0,8530.0,1804.0,CN,Bazhong,31.737778,106.642778
3447,airport,airport,DBC,ZYBA,Chang'an,CN-22,1.0,8202.0,479.0,CN,Baicheng,45.505278,123.019722
3448,airport,airport,ETM,LLER,Ramon International Airport,IL-C,1.0,11811.0,42.0,IL,Eilat,29.723694,35.723694
3449,airport,airport,KET,VYKG,Kengtung Airport,MM-17,1.0,11811.0,2798.0,MM,Kengtung,21.301611,99.635997
3450,airport,airport,KFE,YFDF,Fortescue - Dave Forrest Aerodrome,AU-WA,1.0,7546.0,1565.0,AU,Cloudbreak Village,-22.2854555556,119.429161111
3451,airport,airport,KHM,VYKI,Kanti Airport,MM-01,1.0,4200.0,6000.0,MM,Khamti,25.9883003234863,95.6744003295898
3452,airport,airport,KTR,YPTN,Tindal Airport,AU-NT,1.0,2744.0,443.0,AU,Katherine,-14.5211000442505,132.378005981445
3453,airport,airport,MNC,FQNC,Nacala Airport,MZ-N,1.0,8202.0,410.0,MZ,Nacala,-14.4882001876831,40.7122001647949
3454,airport,airport,SQD,ZSSR,Shangrao Sanqingshan Airport,CN-36,1.0,7874.0,340.0,CN,Shangrao,28.379444,117.964167
3455,airport,airport,BPG,SBBW,Barra do Garças Airport,BR-MT,1.0,5243.0,1147.0,BR,Barra Do Garças,-15.8613004684,-52.3889007568
3456,airport,airport,CQA,SWEK,Canarana Airport,BR-MT,1.0,3412.0,1314.0,BR,Canarana,-13.5744438171387,-52.2705574035645
3457,airport,airport,DOD,HTDO,Dodoma Airport,TZ-03,1.0,6700.0,3637.0,TZ,Dodoma,-6.17044019699097,35.7526016235352
3458,airport,airport,SEU,HTSN,Seronera Airport,TZ-13,1.0,5177.0,5080.0,TZ,Seronera,-2.45806002616882,34.8224983215332
3459,airport,airport,NRR,TJRV,Jose Aponte de la Torre Airport,PR-U-A,1.0,11000.0,38.0,PR,Ceiba,18.245300293,-65.6434020996
3460,airport,airport,LNL,ZLLN,Cheng Xian Airport,CN-62,1.0,9186.0,3707.0,CN,Longnan,33.789722,105.788611
3461,airport,airport,XAI,ZHXY,Xinyang Minggang Airport,CN-41,1.0,8858.0,4528.0,CN,Xinyang,32.540556,114.078889
3462,airport,airport,YYA,ZGYY,Sanhe Airport,CN-43,1.0,8530.0,230.0,CN,Yueyang,29.3125,113.281667
3463,airport,airport,BQJ,UEBB,Batagay Airport,RU-SA,2.0,6562.0,699.0,RU,Batagay,67.647778,134.693611
3464,airport,airport,DPT,UEBD,Deputatskij Airport,RU-SA,1.0,7021.0,920.0,RU,Deputatskij,69.3925,139.889444
3465,airport,airport,AKR,DNAK,Akure Airport,NG-ON,1.0,9195.0,1100.0,NG,Akure,7.24673986434937,5.30101013183594
3466,airport,airport,APK,NTGD,Apataki Airport,PF-U-A,1.0,2700.0,8.0,PF,Apataki,-15.5735998153687,-146.414993286133
3467,airport,airport,BWB,YBWX,Barrow Island Airport,AU-WA,1.0,6234.0,26.0,AU,Barrow Island,-20.8644008636475,115.40599822998
3468,airport,airport,CEH,FWCD,Chelinda Malawi Airport,MW-RU,1.0,4249.0,7759.0,MW,Chelinda,-10.5500001907,33.7999992371
3469,airport,airport,CMK,FWCM,Club Makokola Airport,MW-MG,1.0,3576.0,1587.0,MW,Club Makokola,-14.3069000244141,35.1324996948242
3470,airport,airport,CRC,SKGO,Santa Ana Airport,CO-VAC,1.0,7218.0,2979.0,CO,Cartago,4.75818,-75.9557
3471,airport,airport,EUA,NFTE,Kaufana Airport,TO-01,1.0,2247.0,325.0,TO,Eua Island,-21.3782997131,-174.957992554
3472,airport,airport,GYG,UEMM,Magan Airport,RU-SA,2.0,3839.0,577.0,RU,Magan,62.1034812927246,129.545288085938
3473,airport,airport,GYZ,LSGT,Gruyere Airport,CH-FR,1.0,2661.0,2257.0,CH,Gruyere,46.5942001342773,7.09443998336792
3474,airport,airport,HFN,BIHN,Hornafjordur Airport,IS-7,1.0,4921.0,24.0,IS,Hornafjordur,64.2956008911133,-15.2271995544434
3475,airport,airport,HPA,NFTL,Lifuka Island Airport,TO-02,1.0,2300.0,31.0,TO,Lifuka,-19.7770004272461,-174.341003417969
3476,airport,airport,HZK,BIHU,Husavik Airport,IS-6,1.0,5266.0,48.0,IS,Husavik,65.9523010253906,-17.4260005950928
3477,airport,airport,LIX,FWLK,Likoma Island Airport,MW-LK,1.0,3707.0,1600.0,MW,Likoma Island,-12.0830001831055,34.7330017089844
3478,airport,airport,LRV,SVRS,Los Roques Airport,VE-W,1.0,3281.0,17.0,VE,Gran Roque Island,11.9499998093,-66.6699981689
3479,airport,airport,MYC,SVBS,Escuela Mariscal Sucre Airport,VE-D,2.0,6846.0,1338.0,VE,Maracay,10.2499780654907,-67.6494216918945
3480,airport,airport,NFO,NFTO,Mata'aho Airport,TO-03,1.0,2800.0,160.0,TO,"Angaha, Niuafo'ou Island",-15.5707998276,-175.632995605
3481,airport,airport,SFD,SVSR,San Fernando De Apure Airport,VE-C,1.0,6240.0,154.0,VE,Inglaterra,7.88331985473633,-67.4440002441406
3482,airport,airport,UMS,UEMU,Ust-Maya Airport,RU-SA,1.0,6234.0,561.0,RU,Ust-Maya,60.3569984436035,134.434997558594
3483,airport,airport,VAV,NFTV,Vava'u International Airport,TO-05,1.0,5593.0,236.0,TO,Vava'u Island,-18.5853004455566,-173.962005615234
3484,airport,airport,VCV,KVCV,Southern California Logistics Airport,US-CA,2.0,15050.0,2885.0,US,Victorville,34.5974998474,-117.383003235
3485,airport,airport,VUU,none,Mvuu Camp Airport,MW-MH,1.0,4429.0,1600.0,MW,Liwonde National Park,-14.8386111111,35.3013888889
3486,airport,airport,WZA,DGLW,Wa Airport,GH-UW,1.0,6612.0,1060.0,GH,Wa,10.0826997756958,-2.50768995285034
3487,airport,airport,XWA,KXWA,Williston Basin International Airport,US-ND,1.0,7501.0,2353.0,US,Williston,48.260864,-103.751138
3488,airport,airport,YEI,LTBR,Bursa Yenişehir Airport,TR-16,2.0,9818.0,764.0,TR,Bursa,40.2551994324,29.5625991821
3489,airport,airport,ZZU,FWUU,Mzuzu Airport,MW-MZ,1.0,4291.0,4115.0,MW,Mzuzu,-11.4447002410889,34.0117988586426
3490,airport,airport,YIA,WAHI,Yogyakarta International Airport,ID-YO,1.0,10663.0,350.0,ID,Yogyakarta,-7.907499,110.054444
3491,airport,airport,NUL,PANU,Nulato Airport,US-AK,1.0,4011.0,405.0,US,Nulato,64.7293014526367,-158.074005126953
3492,airport,airport,KMV,VYKL,Kalay Airport,MM-01,1.0,5502.0,499.0,MM,Kalemyo,23.1888008117676,94.0511016845703
3493,airport,airport,KHT,OAKS,Khost Airport,AF-PIA,1.0,8805.0,3844.0,AF,Khost,33.3334007263,69.952003479
3494,airport,airport,SYS,UERS,Saskylakh Airport,RU-SA,1.0,5906.0,200.0,RU,Saskylakh,71.9279022216797,114.080001831055
3495,airport,airport,AAA,NTGA,Anaa Airport,PF-U-A,1.0,4921.0,10.0,PF,Anaa,-17.3526000976562,-145.509994506836
3496,airport,airport,GBI,VOGB,Kalaburagi International Airport,IN-KA,1.0,10745.0,1571.0,IN,Kalaburagi,17.521111,77.597778
3497,airport,airport,KVO,LYKV,Morava Airport,RS-18,1.0,7218.0,686.0,RS,Kraljevo,43.818298,20.5872
3498,airport,airport,FAC,NTKF,Faaite Airport,PF-U-A,1.0,3871.0,7.0,PF,Faaite,-16.6867008209229,-145.328994750977
3499,airport,airport,RRR,NTKO,Raroia Airport,PF-U-A,1.0,3871.0,12.0,PF,Raroia,-16.044999,-142.476944
3500,airport,airport,PKP,NTGP,Puka Puka Airport,PF-U-A,1.0,3051.0,5.0,PF,Puka Puka,-14.8094997406006,-138.813003540039
3501,airport,airport,NAU,NTGN,Napuka Island Airport,PF-U-A,1.0,4101.0,7.0,PF,Napuka Island,-14.1767997741699,-141.266998291016
3502,airport,airport,FGU,NTGB,Fangatau Airport,PF-U-A,1.0,3936.0,9.0,PF,Fangatau,-15.819899559021,-140.886993408203
3503,airport,airport,BER,EDDB,Berlin Brandenburg International Airport,DE-BB,2.0,13123.0,157.0,DE,Berlin,52.378333,13.520556
3504,airport,airport,TCA,YTNK,Tennant Creek Airport,AU-NT,2.0,6427.0,1236.0,AU,Tennant Creek,-19.6343994140625,134.182998657227
